timestamp,pos_x,pos_y,pos_z,vel_x,vel_y,vel_z,satellites_used,battery_remaining
1783578286.0532064,0.025716819,0.021208834,0.0062452853,-0.00052703987,0.0076661617,-0.0032829442,10,-1.0
1783578286.153335,0.0238074,0.022732796,0.0056712776,-0.001425657,0.008431915,-0.0032271831,10,-1.0
1783578286.253311,0.02182201,0.02425075,0.0051617175,-0.0025562905,0.009226444,-0.003321066,10,-1.0
1783578286.3531704,0.020379458,0.024540426,0.0048891753,-0.0036289229,0.008792943,-0.0031834317,10,0.9999465942382812
1783578286.4531765,0.019179258,0.02350308,0.0046190023,-0.004597477,0.0073362864,-0.0028581747,10,0.9999465942382812
1783578286.553197,0.01861261,0.021326028,0.004471883,-0.004887175,0.004998851,-0.0026522067,10,0.9999465942382812
1783578286.653209,0.0187465,0.018312776,0.004549533,-0.004857352,0.0021220797,-0.0024614262,10,0.9999465942382812
1783578286.7533228,0.019771442,0.015518069,0.0049602836,-0.004156092,-7.5132266e-05,-0.0019794821,10,0.9999465942382812
1783578286.8532448,0.021444542,0.0128625855,0.005596131,-0.003077404,-0.0018515718,-0.0015137761,10,0.9999465942382812
1783578286.9532044,0.023375217,0.010570517,0.0062130243,-0.0020019023,-0.0031277572,-0.0010369503,10,0.9999465942382812
1783578287.0531738,0.025513733,0.0079220785,0.006798342,-0.00080200384,-0.0045197634,-0.0007184454,10,0.9999465942382812
1783578287.1531832,0.027183622,0.0057802424,0.007155746,0.00013754496,-0.0056733144,-0.0003596959,10,0.9999465942382812
1783578287.2532275,0.028115233,0.0038337428,0.0075145215,0.0004582397,-0.006419543,-0.00027246383,10,0.9999465942382812
1783578287.3533657,0.027770923,0.002117252,0.0075125843,-9.1628535e-05,-0.0072475653,-0.00016931421,10,0.9999465942382812
1783578287.4532173,0.02672551,0.00029994277,0.00715442,-0.0007400185,-0.008067129,-8.248862e-05,10,0.9999465942382812
1783578287.5533264,0.025734833,-0.0011773382,0.006592363,-0.0014212371,-0.008699143,-0.00035032004,10,0.9999465942382812
1783578287.653445,0.024633864,-0.0024929848,0.0058876574,-0.0021118233,-0.00913397,-0.0004912971,10,0.9999465942382812
1783578287.7532277,0.023700424,-0.0035721697,0.005449772,-0.002126152,-0.009258605,-0.00049284124,10,0.9999465942382812
1783578287.8532834,0.022585822,-0.0041609076,0.0040870756,-0.0022231839,-0.009199197,-0.0009370752,10,0.9999465942382812
1783578287.9531982,0.021215174,-0.00405782,0.0027543902,-0.0027870997,-0.008654949,-0.0015218066,10,0.9999465942382812
1783578288.0532007,0.019560235,-0.0039969618,0.0012523532,-0.003447114,-0.008261955,-0.002057279,10,0.9999465942382812
1783578288.1531541,0.017663034,-0.0044194562,7.2434545e-05,-0.004405725,-0.008253586,-0.002550583,10,0.9999465942382812
1783578288.2531705,0.016109403,-0.005734166,-0.0004953295,-0.0050362144,-0.009290639,-0.0026458665,10,0.9999465942382812
1783578288.3531742,0.015277098,-0.007718019,-0.00090172887,-0.0052147065,-0.010568267,-0.002570799,10,0.9999465942382812
1783578288.4534492,0.01460434,-0.009771817,-0.00090673566,-0.0052375747,-0.011663953,-0.0026645716,10,0.9999465942382812
1783578288.5531824,0.014089085,-0.011594168,-0.00058075786,-0.00498294,-0.0125638135,-0.002401943,10,0.9999465942382812
1783578288.6531947,0.013437103,-0.013667072,0.00041027367,-0.004941771,-0.013760377,-0.001980404,10,0.9999465942382812
1783578288.7532372,0.013029794,-0.015558825,0.001224935,-0.0046006036,-0.014844162,-0.0017163256,10,0.9999465942382812
1783578288.853428,0.012701707,-0.017188573,0.0017567873,-0.0044758753,-0.015798356,-0.001758622,10,0.9999465942382812
1783578288.95346,0.013021046,-0.018112905,0.0018259436,-0.0036712762,-0.015870284,-0.0020033875,10,0.9999465942382812
1783578289.0532823,0.014008547,-0.018171255,0.0015386045,-0.0025799018,-0.0156064285,-0.002319198,10,0.9999465942382812
1783578289.1533608,0.015206687,-0.016852165,0.0007494688,-0.0013760327,-0.0141666215,-0.002916873,10,0.9999465942382812
1783578289.2535715,0.016155852,-0.01399885,-0.00040616095,-0.0003136928,-0.011662705,-0.00353985,10,0.9999465942382812
1783578289.3534932,0.01688228,-0.010539451,-0.0013764799,0.00079388573,-0.008800493,-0.003904634,10,0.9999465942382812
1783578289.4534485,0.017434841,-0.0056627444,-0.0023100972,0.0018240195,-0.0050056847,-0.004519032,10,0.9999465942382812
1783578289.5534616,0.017457921,-0.0011694657,-0.0032782555,0.0018775548,-0.0016076455,-0.004620756,10,0.9999465942382812
1783578289.653198,0.016757801,0.002703593,-0.004923165,0.0015794522,0.0009850252,-0.0055731083,10,0.9999465942382812
1783578289.753219,0.015750257,0.005238304,-0.0075019747,0.0010349746,0.0025954058,-0.0065686367,10,0.9999465942382812
1783578289.8534396,0.015190781,0.007025497,-0.01043272,0.0011695991,0.003516682,-0.0076269177,10,0.9999465942382812
1783578289.9532065,0.015091144,0.008016625,-0.012848139,0.0015100306,0.0037857115,-0.008526264,10,0.9999465942382812
1783578290.0531693,0.015106562,0.009374535,-0.015186563,0.0021730175,0.0042161155,-0.009538493,10,0.9999465942382812
1783578290.153507,0.014741114,0.011052132,-0.017394826,0.0022335395,0.0051197275,-0.010448762,10,0.9999465942382812
1783578290.253301,0.014113389,0.012582406,-0.019803762,0.0019599781,0.0059186546,-0.011375954,10,0.9999465942382812
1783578290.3531513,0.013271067,0.013166457,-0.021823838,0.0016036377,0.006070668,-0.012117062,10,0.9999465942382812
1783578290.4533303,0.012589472,0.013120303,-0.023789138,0.0015898877,0.0057125166,-0.012936908,10,0.9999465942382812
1783578290.5534093,0.0122986,0.0126233185,-0.024949104,0.0016879629,0.0048674364,-0.0133012915,10,0.9999465942382812
1783578290.6533597,0.012173625,0.011470775,-0.025735557,0.001978359,0.0035955375,-0.013557741,10,0.9999465942382812
1783578290.753461,0.011956493,0.0095664,-0.02598539,0.0021331909,0.0019982327,-0.013514563,10,0.9999465942382812
1783578290.8531325,0.012481463,0.0077778175,-0.025699377,0.0026013455,0.00063834887,-0.013040559,10,0.9999465942382812
1783578290.953114,0.013289278,0.006406413,-0.0256702,0.003102904,-0.00023171489,-0.012470841,10,0.9999465942382812
1783578291.0531976,0.013945908,0.005565267,-0.026195139,0.0031343992,-0.00077123434,-0.012231632,10,0.9999465942382812
1783578291.1529708,0.014555583,0.005658566,-0.027416497,0.0029050952,-0.00054638134,-0.012273609,10,0.9999465942382812
1783578291.2531898,0.015096131,0.006359365,-0.028648376,0.0030538058,0.00027473556,-0.0121721,10,0.9999465942382812
1783578291.3532293,0.014806767,0.0072537917,-0.029921293,0.002433724,0.0009664402,-0.012301113,10,0.9999465942382812
1783578291.4531581,0.013801926,0.008473487,-0.03120768,0.0012156374,0.0016962028,-0.012072941,10,0.9999465942382812
1783578291.553303,0.012395997,0.00947182,-0.032224953,-0.00043257198,0.002251846,-0.011965327,10,0.9999465942382812
1783578291.6532722,0.010330018,0.010314091,-0.033005565,-0.0025430461,0.0026426301,-0.011968649,10,0.9999465942382812
1783578291.753425,0.008858536,0.010719946,-0.033588916,-0.0036468946,0.0028088193,-0.01200158,10,0.9999465942382812
1783578291.8531938,0.008414684,0.01052746,-0.03381121,-0.003975094,0.0024434386,-0.011711532,10,0.9999465942382812
1783578291.9547951,0.008859896,0.009970819,-0.033676922,-0.003455439,0.002245146,-0.011496992,10,0.9999465942382812
1783578292.0534146,0.009710864,0.008768598,-0.033227593,-0.0029805915,0.0014751303,-0.011299554,10,0.9999465942382812
1783578292.1534433,0.010506605,0.0073320423,-0.03230849,-0.0025730224,0.0007594343,-0.010809053,10,0.9999465942382812
1783578292.2533815,0.011507626,0.0060194624,-0.031428188,-0.001904859,-6.715883e-05,-0.010507853,10,0.9999465942382812
1783578292.3531969,0.012524175,0.0056025092,-0.030983955,-0.001310879,4.2581523e-06,-0.010166529,10,0.9999465942382812
1783578292.453279,0.013683901,0.0063031274,-0.030647904,-0.0006769666,0.0010025881,-0.009957996,10,0.9999465942382812
1783578292.5532248,0.014973,0.00766352,-0.029953152,-3.513559e-05,0.0023469895,-0.009602624,10,0.9999465942382812
1783578292.653193,0.01612287,0.009111161,-0.02908793,0.00060077023,0.003417115,-0.009105184,10,0.9999465942382812
1783578292.753246,0.016826853,0.010458235,-0.028309792,0.0009713046,0.004444497,-0.008669973,10,0.9999465942382812
1783578292.8531945,0.01722355,0.011849752,-0.027285367,0.0012958157,0.0054629343,-0.008013217,10,0.9999465942382812
1783578292.953268,0.016951127,0.013123971,-0.026368648,0.001117082,0.006285342,-0.00765362,10,0.9999465942382812
1783578293.0532346,0.015986715,0.014073463,-0.024855286,0.00049211725,0.0068940055,-0.0072360467,10,0.9999465942382812
1783578293.153197,0.014510755,0.014679869,-0.023334324,-0.0005737333,0.0071952757,-0.006449603,10,0.9999465942382812
1783578293.253315,0.01249365,0.015008673,-0.021823183,-0.0020863812,0.007380224,-0.006049214,10,0.9999465942382812
1783578293.3531377,0.01061568,0.014779768,-0.02062723,-0.0032117213,0.0072738985,-0.005528238,10,0.9999465942382812
1783578293.453113,0.008767109,0.013946317,-0.019287884,-0.004148747,0.006362632,-0.0048976173,10,0.9999465942382812
1783578293.5531347,0.0071428763,0.01282775,-0.018125877,-0.004751254,0.0057161283,-0.004283328,10,0.9999465942382812
1783578293.6532066,0.0054834103,0.01099055,-0.016887203,-0.0053621344,0.0043058037,-0.0036898756,10,0.9999465942382812
1783578293.7533026,0.003747312,0.008956379,-0.016328722,-0.0059453393,0.0030354913,-0.003619274,10,0.9999465942382812
1783578293.8532267,0.0017636543,0.00695068,-0.016138092,-0.006533497,0.0015548442,-0.0036886986,10,0.9999465942382812
1783578293.9533007,-0.00018148142,0.0054762764,-0.016279668,-0.0073614023,0.0006131744,-0.0038439517,10,0.9999465942382812
1783578294.053492,-0.0021008765,0.004403123,-0.016120762,-0.008053956,0.00022215926,-0.003587631,10,0.9999465942382812
1783578294.1531749,-0.0034850526,0.003444872,-0.015645444,-0.008351427,-0.0004382664,-0.0031179006,10,0.9999465942382812
1783578294.253201,-0.0051682247,0.0028074477,-0.0148487985,-0.008876501,-0.00070955185,-0.0027527697,10,0.9999465942382812
1783578294.3532815,-0.0068831015,0.0026468318,-0.0143802315,-0.009444224,-0.00058058294,-0.002305161,10,0.9999465942382812
1783578294.4532921,-0.008919221,0.0029799852,-0.013975203,-0.009997126,5.6705103e-06,-0.0020545146,10,0.9999465942382812
1783578294.5531664,-0.010715635,0.0026249252,-0.013848707,-0.010570828,0.00026588657,-0.0020606876,10,0.9999465942382812
1783578294.6532,-0.012556415,0.0015831745,-0.013838455,-0.010986858,-0.00044226638,-0.0021583308,10,0.9999465942382812
1783578294.753201,-0.013688349,1.7239017e-05,-0.01406078,-0.011041348,-0.0015017266,-0.0024255526,10,0.9999465942382812
1783578294.8531294,-0.014169607,-0.0018794183,-0.014521554,-0.010922601,-0.0029211568,-0.0023647854,10,0.9999465942382812
1783578294.9533153,-0.014333219,-0.0037277967,-0.0149859935,-0.010565,-0.0042992947,-0.0023729526,10,0.9999465942382812
1783578295.053245,-0.014652964,-0.0055983597,-0.015129864,-0.010361205,-0.005960721,-0.002374227,10,0.9999465942382812
1783578295.1532173,-0.015135915,-0.0069925776,-0.015410647,-0.010103249,-0.007049171,-0.0020145157,10,0.9999465942382812
1783578295.2531643,-0.015786722,-0.008140228,-0.015285015,-0.010087507,-0.0077531366,-0.0018928024,10,0.9999465942382812
1783578295.3531694,-0.016457614,-0.008979356,-0.014977813,-0.010131262,-0.008356098,-0.001832073,10,0.9954090118408203
1783578295.4534206,-0.016589424,-0.009805772,-0.014671996,-0.009785859,-0.008650004,-0.0017905097,10,0.9954090118408203
1783578295.5531645,-0.016233193,-0.010296159,-0.014503986,-0.00898597,-0.008896639,-0.002014948,10,0.9954090118408203
1783578295.6535761,-0.01567664,-0.01067934,-0.014388636,-0.008075285,-0.008774833,-0.002238312,10,0.9954090118408203
1783578295.7533183,-0.015155316,-0.010474938,-0.014210314,-0.0072581633,-0.008239314,-0.0023860536,10,0.9954090118408203
1783578295.853428,-0.0145232165,-0.0098760845,-0.013302982,-0.006792819,-0.007572484,-0.0023083703,10,0.9954090118408203
1783578295.9532511,-0.013750951,-0.00930789,-0.01186122,-0.005793466,-0.006714691,-0.001990252,10,0.9954090118408203
1783578296.0532782,-0.013160319,-0.008226903,-0.009966999,-0.005115393,-0.005525647,-0.0014827244,10,0.9954090118408203
1783578296.1532688,-0.012628902,-0.00709525,-0.008579731,-0.0042651896,-0.004421919,-0.0008832757,10,0.9954090118408203
1783578296.25331,-0.011210466,-0.0056834016,-0.007775292,-0.003069132,-0.0032430743,-0.0005690678,10,0.9954090118408203
1783578296.3533673,-0.00904615,-0.0040408317,-0.0073717833,-0.0011211395,-0.0019189545,-0.0005478182,10,0.983311653137207
1783578296.4532058,-0.0059979665,-0.0020818196,-0.007335201,0.0009691835,-0.00011428275,-0.0006293527,10,0.983311653137207
1783578296.5531669,-0.002865721,-0.0002986754,-0.0075920373,0.0031567719,0.0013574355,-0.00088846096,10,0.983311653137207
1783578296.6532485,0.0005423976,0.0018794114,-0.007953405,0.0051198676,0.0031017982,-0.0007895706,10,0.983311653137207
1783578296.7533102,0.003081693,0.003646714,-0.008155078,0.006416717,0.00446287,-0.0010537943,10,0.983311653137207
1783578296.853142,0.0046009724,0.0050829183,-0.007994354,0.0070556444,0.005450498,-0.0012740302,10,0.983311653137207
1783578296.9534328,0.0051667243,0.0060442165,-0.00766623,0.0067243394,0.0061823325,-0.0010506368,10,0.983311653137207
1783578297.0531933,0.0053798426,0.0065616583,-0.007651821,0.006217359,0.006665606,-0.0012663895,10,0.983311653137207
1783578297.1532385,0.005505202,0.0059604617,-0.007935911,0.005473049,0.0061314926,-0.0011702758,10,0.983311653137207
1783578297.2532907,0.0057998006,0.0045646727,-0.008992806,0.004774282,0.004810111,-0.0017960574,10,0.983311653137207
1783578297.3531845,0.0062489365,0.003375647,-0.011175394,0.004517812,0.0040361686,-0.0027042113,10,0.9683313369750977
1783578297.4532685,0.007278156,0.0018109559,-0.014602125,0.0049829404,0.0028271298,-0.004146107,10,0.9683313369750977
1783578297.5531628,0.008389851,0.00024614992,-0.018812612,0.0056647067,0.0017450268,-0.0058072177,10,0.9683313369750977
1783578297.6532557,0.00937122,-0.0008369673,-0.024124473,0.0062445966,0.0012000315,-0.0077177677,10,0.9683313369750977
1783578297.7532723,0.010412108,-0.0011149097,-0.02884078,0.0069390307,0.0012347909,-0.009208775,10,0.9683313369750977
1783578297.8533223,0.011427457,-0.00079035485,-0.033142775,0.0073504485,0.0018329868,-0.010265948,10,0.9683313369750977
1783578297.9531665,0.011679313,-0.0003737638,-0.036322504,0.007116496,0.0021815244,-0.011213333,10,0.9683313369750977
1783578298.0530536,0.011373037,-0.00049960794,-0.0386104,0.0068184105,0.0023314108,-0.011620935,10,0.9683313369750977
1783578298.1530662,0.0107190255,-0.00083229924,-0.039918184,0.0063896314,0.0021390242,-0.01163958,10,0.9683313369750977
1783578298.2530801,0.010403523,-0.0011683647,-0.040634215,0.006161011,0.0017984225,-0.011487706,10,0.9683313369750977
1783578298.3531616,0.010391639,-0.0018376048,-0.040985405,0.006168227,0.001425887,-0.010756067,10,0.9521255493164062
1783578298.4532056,0.010418283,-0.0026568198,-0.0413599,0.0065173507,0.0011530836,-0.010243395,10,0.9521255493164062
1783578298.5532613,0.010499325,-0.0032824012,-0.04183808,0.006832189,0.0010547345,-0.010061225,10,0.9521255493164062
1783578298.6532347,0.010701206,-0.0034133566,-0.04248309,0.0067135952,0.001310746,-0.009880442,10,0.9521255493164062
1783578298.753284,0.010623203,-0.0029690517,-0.04351604,0.0063379807,0.0018247257,-0.018357135,10,0.9521255493164062
1783578298.85316,0.010857964,-0.0021932716,-0.047665,0.0065020462,0.0017916709,-0.06668976,10,0.9521255493164062
1783578298.9531925,0.011011293,-0.0012689832,-0.05761069,0.006560303,0.0013615051,-0.13413832,10,0.9521255493164062
1783578299.0534456,0.010667986,-0.00021810118,-0.07724324,0.0063002347,0.00073295535,-0.2200814,10,0.9521255493164062
1783578299.1531515,0.009898151,0.0009789777,-0.104548275,0.0059836362,0.00018242082,-0.30502707,10,0.9521255493164062
1783578299.2533138,0.008977933,0.002691523,-0.14429864,0.0057462635,-0.00022213727,-0.39886487,10,0.9521255493164062
1783578299.3532825,0.008371704,0.0039545526,-0.19007266,0.0056506586,-0.0010761243,-0.48537672,10,0.9358501434326172
1783578299.4533339,0.007916757,0.005003576,-0.24947137,0.00564449,-0.0023772302,-0.57811034,10,0.9358501434326172
1783578299.5530965,0.00800134,0.00539798,-0.31310844,0.005802034,-0.0040437668,-0.6623165,10,0.9358501434326172
1783578299.6531231,0.008357972,0.005350651,-0.3908834,0.0056385747,-0.0060213706,-0.74984777,10,0.9358501434326172
1783578299.7531936,0.008830226,0.004507476,-0.4691236,0.004711835,-0.0072523453,-0.79481655,10,0.9358501434326172
1783578299.8532293,0.009426521,0.0033542672,-0.5549407,0.0023491285,-0.007749625,-0.78637046,10,0.9358501434326172
1783578299.9531713,0.009790247,0.0027959787,-0.62974554,-0.0006841249,-0.0067850635,-0.7453491,10,0.9358501434326172
1783578300.0532477,0.01032923,0.002680227,-0.7053099,-0.00405929,-0.0040799286,-0.72264284,10,0.9358501434326172
1783578300.1531816,0.010680469,0.0030869439,-0.772475,-0.0070844665,-0.00031564172,-0.71715784,10,0.9358501434326172
1783578300.2531483,0.010724335,0.0038328008,-0.8441583,-0.008772098,0.0040233214,-0.7161853,10,0.9358501434326172
1783578300.353156,0.010668369,0.0046567577,-0.9095825,-0.007774439,0.0067900526,-0.7153567,10,0.9192657470703125
1783578300.4531066,0.010824465,0.004902199,-0.9798249,-0.0034288748,0.0061257463,-0.71427065,10,0.9192657470703125
1783578300.553217,0.011451827,0.0041242535,-1.0458277,0.0026514546,0.0025834842,-0.74837196,10,0.9192657470703125
1783578300.6533096,0.01255282,0.0024186075,-1.1248407,0.008509024,-0.0019186153,-0.84515655,10,0.9192657470703125
1783578300.7532082,0.013484546,0.0004032203,-1.2104176,0.011522217,-0.004985814,-0.9726244,10,0.9192657470703125
1783578300.8531756,0.01412652,-0.0018850775,-1.321211,0.012405311,-0.007110386,-1.1406677,10,0.9192657470703125
1783578300.953465,0.014461073,-0.0039187605,-1.4425904,0.011299767,-0.0077041965,-1.316694,10,0.9192657470703125
1783578301.0530574,0.014436684,-0.006218111,-1.596789,0.009257936,-0.0076831654,-1.5292122,10,0.9192657470703125
1783578301.1532228,0.014163368,-0.008160605,-1.7612201,0.0067812377,-0.006813612,-1.7467306,10,0.9192657470703125
1783578301.2532787,0.013343916,-0.009705124,-1.9652638,0.0040773214,-0.004527191,-2.011674,10,0.9192657470703125
1783578301.3532155,0.012507489,-0.010132709,-2.1807852,0.00184088,-0.0013762364,-2.2741902,10,0.9026298522949219
1783578301.453282,0.011507508,-0.009610554,-2.441257,0.00026677633,0.0023351668,-2.497134,10,0.9026298522949219
1783578301.5532446,0.010205095,-0.009037941,-2.6997395,-0.0009414599,0.0052775354,-2.6451638,10,0.9026298522949219
1783578301.6532977,0.008318347,-0.008682448,-2.9931614,-0.002126928,0.0071227816,-2.759037,10,0.9026298522949219
1783578301.7531047,0.006405185,-0.009143792,-3.271552,-0.0026270335,0.0075094863,-2.826125,10,0.9026298522949219
1783578301.853257,0.004581922,-0.010801775,-3.57716,-0.0020755015,0.0062054517,-2.861767,10,0.9026298522949219
1783578301.9532804,0.0032416394,-0.012754752,-3.8588605,-0.0011378194,0.004719294,-2.85695,10,0.9026298522949219
1783578302.0532646,0.0025547438,-0.014617895,-4.159163,0.0006795775,0.0038907337,-2.8206973,10,0.9026298522949219
1783578302.1532435,0.0029167482,-0.01593902,-4.431123,0.0029594365,0.0035342802,-2.8003469,10,0.9026298522949219
1783578302.2533307,0.0042121327,-0.017101916,-4.7221217,0.0058598253,0.004270945,-2.7922733,10,0.9026298522949219
1783578302.3534303,0.0064447694,-0.017365344,-4.989,0.008717978,0.006008156,-2.7924132,10,0.8859882354736328
1783578302.4533474,0.009110147,-0.016823709,-5.277658,0.0110945385,0.008460535,-2.797503,10,0.8859882354736328
1783578302.5532072,0.011414779,-0.015551236,-5.544351,0.012252099,0.011093754,-2.8046339,10,0.8859882354736328
1783578302.6532838,0.013606691,-0.013633919,-5.833959,0.012194155,0.013816812,-2.813536,10,0.8859882354736328
1783578302.753404,0.015253915,-0.012062106,-6.1019225,0.011313228,0.015377373,-2.8221905,10,0.8859882354736328
1783578302.8532724,0.016882649,-0.010655784,-6.3933363,0.009927564,0.0157961,-2.8313072,10,0.8859882354736328
1783578302.9533663,0.01803781,-0.009225997,-6.663526,0.007792401,0.016067311,-2.8399787,10,0.8859882354736328
1783578303.0533125,0.017894799,-0.007683433,-6.9577947,0.0045844256,0.016047878,-2.8493726,10,0.8859882354736328
1783578303.1531909,0.016295115,-0.0066313036,-7.2307887,0.000898714,0.015367287,-2.857337,10,0.8859882354736328
1783578303.253251,0.013718352,-0.005410076,-7.528256,-0.0031444891,0.014570829,-2.8655517,10,0.8859882354736328
1783578303.353227,0.011233721,-0.003887071,-7.803807,-0.0059132418,0.014310394,-2.872777,10,0.8693256378173828
1783578303.4533446,0.008569416,-0.0018358645,-8.102997,-0.007431175,0.014476585,-2.8799613,10,0.8693256378173828
1783578303.553173,0.006076352,0.00037120265,-8.379898,-0.008086845,0.01453822,-2.8859792,10,0.8693256378173828
1783578303.65318,0.0036564455,0.001741912,-8.680351,-0.007844053,0.013369127,-2.892328,10,0.8693256378173828
1783578303.753385,0.0016402465,0.0019982988,-8.958025,-0.006909978,0.011142596,-2.8976586,10,0.8693256378173828
1783578303.853356,3.1285606e-05,0.0020614292,-9.258549,-0.0053060674,0.009110008,-2.9027822,10,0.8693256378173828
1783578303.9531784,-0.0003708983,0.0020357275,-9.5355625,-0.0027243854,0.007466981,-2.9074507,10,0.8693256378173828
1783578304.0532115,0.0004044792,0.001877664,-9.836033,0.00062389387,0.005549158,-2.9127643,10,0.8693256378173828
1783578304.153201,0.0021692924,0.0017021034,-10.11422,0.0041245036,0.004267353,-2.9173229,10,0.8693256378173828
1783578304.2531266,0.0046841637,0.0017536157,-10.416534,0.0071729464,0.0032379038,-2.9220545,10,0.8693256378173828
1783578304.3531952,0.007237057,0.0019432686,-10.696768,0.009385814,0.0027467858,-2.9265704,10,0.8526630401611328
1783578304.453178,0.009860629,0.0023816915,-11.001184,0.010782028,0.0026324634,-2.9310858,10,0.8526630401611328
1783578304.5531034,0.012484426,0.003002414,-11.282505,0.011374869,0.0025583052,-2.9348264,10,0.8526630401611328
1783578304.6531148,0.015664212,0.0036789963,-11.587433,0.011918177,0.0027010993,-2.9384174,10,0.8526630401611328
1783578304.753268,0.018219523,0.004094273,-11.868715,0.011423053,0.0024646372,-2.9412286,10,0.8526630401611328
1783578304.8532643,0.020612905,0.0039931415,-12.173098,0.009782085,0.0017472173,-2.9441385,10,0.8526630401611328
1783578304.9532359,0.0226951,0.0035151322,-12.454006,0.007684384,0.000833327,-2.946726,10,0.8526630401611328
1783578305.0532446,0.025260435,0.0029200315,-12.758915,0.005736161,0.00014536943,-2.949421,10,0.8526630401611328
1783578305.15326,0.027942244,0.0026126069,-13.040817,0.004032942,-0.00010066213,-2.9522898,10,0.8526630401611328
1783578305.2532542,0.031112129,0.0021376957,-13.345938,0.0026592452,-8.051879e-05,-2.9547653,10,0.8526630401611328
1783578305.3531826,0.034131348,0.0018459389,-13.62701,0.0014313959,0.00027738375,-2.9566586,10,0.8360004425048828
1783578305.4532702,0.037363913,0.0017388815,-13.931419,0.00017392955,0.00091554597,-2.9589527,10,0.8360004425048828
1783578305.5531032,0.040597495,0.0016628476,-14.212421,-0.0009783378,0.0013993304,-2.9609025,10,0.8360004425048828
1783578305.653262,0.04373648,0.001355792,-14.517437,-0.0030795045,0.0018018145,-2.9631083,10,0.8360004425048828
1783578305.753379,0.045995522,0.00055209,-14.799585,-0.005698008,0.0015926869,-2.9652464,10,0.8360004425048828
1783578305.8532677,0.047712144,-0.0005975338,-15.105814,-0.008776402,0.0009453508,-2.9673917,10,0.8360004425048828
1783578305.9532802,0.04891626,-0.0014624046,-15.388945,-0.011963172,0.0004671405,-2.9693174,10,0.8360004425048828
1783578306.0534472,0.05026542,-0.0018033715,-15.696175,-0.014794658,0.00084377435,-2.9714065,10,0.8360004425048828
1783578306.1532385,0.051974457,-0.0019263235,-15.980219,-0.016419845,0.00139128,-2.973019,10,0.8360004425048828
1783578306.2531984,0.05353787,-0.0013047123,-16.288158,-0.018149167,0.0028371187,-2.9747314,10,0.8360004425048828
1783578306.3531487,0.054130383,6.933204e-05,-16.5725,-0.020006778,0.004771388,-2.975843,10,0.8193378448486328
1783578306.453166,0.052970223,0.0021429285,-16.88029,-0.023472482,0.006884563,-2.9770904,10,0.8193378448486328
1783578306.553127,0.0503074,0.004313211,-17.164312,-0.0274261,0.0084187845,-2.9780896,10,0.8193378448486328
1783578306.6531618,0.046639208,0.006655802,-17.471958,-0.031231089,0.009351479,-2.9791899,10,0.8193378448486328
1783578306.7532127,0.042515296,0.008988688,-17.755842,-0.034150746,0.009500881,-2.9799368,10,0.8193378448486328
1783578306.8532975,0.036972973,0.011751365,-18.062616,-0.036859386,0.009622408,-2.980752,10,0.8193378448486328
1783578306.9532373,0.031449657,0.01383068,-18.345467,-0.038391255,0.008675487,-2.9814856,10,0.8193378448486328
1783578307.0531962,0.025432054,0.015204907,-18.651922,-0.039040484,0.0065913214,-2.9824967,10,0.8193378448486328
1783578307.1531491,0.02017136,0.015889391,-18.93523,-0.03804122,0.0043136715,-2.983555,10,0.8193378448486328
1783578307.2532923,0.015009611,0.015830575,-19.24268,-0.03571004,0.0014362055,-2.9848497,10,0.8193378448486328
1783578307.3531415,0.010588093,0.015274555,-19.526644,-0.032824676,-0.0011148794,-2.9856465,10,0.8026742935180664
1783578307.453119,0.0061636153,0.014457038,-19.834326,-0.029162541,-0.0034994837,-2.9863958,10,0.8026742935180664
1783578307.5531204,0.0025770552,0.013348651,-20.118229,-0.02507462,-0.005377619,-2.9873364,10,0.8026742935180664
1783578307.6531482,-0.0009019798,0.011593217,-20.425598,-0.02056097,-0.007172916,-2.987846,10,0.8026742935180664
1783578307.7533612,-0.0034971174,0.010162265,-20.709415,-0.016138095,-0.007985088,-2.9885142,10,0.8026742935180664
1783578307.8532267,-0.006039541,0.008388809,-21.017035,-0.011681341,-0.00832733,-2.9887936,10,0.8026742935180664
1783578307.9532347,-0.00836601,0.006203164,-21.301056,-0.007919926,-0.008673039,-2.9893603,10,0.8026742935180664
1783578308.0533602,-0.010491414,0.003850443,-21.6088,-0.0038405787,-0.008741893,-2.9899735,10,0.8026742935180664
1783578308.153254,-0.011579694,0.0012532526,-21.892752,-5.978724e-05,-0.008975796,-2.9904618,10,0.8026742935180664
1783578308.2534876,-0.012222217,-0.0023717766,-22.200346,0.0039527444,-0.009743195,-2.99056,10,0.8026742935180664
1783578308.353551,-0.01234063,-0.0058693187,-22.48438,0.0071644005,-0.010287992,-2.990789,10,0.7860116958618164
1783578308.4533412,-0.012057481,-0.009546518,-22.792236,0.010199726,-0.010234035,-2.991454,10,0.7860116958618164
1783578308.5532892,-0.011131285,-0.012655742,-23.076775,0.012746729,-0.009369909,-2.992278,10,0.7860116958618164
1783578308.6533923,-0.009370485,-0.015333234,-23.38524,0.015378272,-0.007266602,-2.9928598,10,0.7860116958618164
1783578308.7534842,-0.007004383,-0.017230589,-23.670094,0.017665667,-0.004700816,-2.9932525,10,0.7860116958618164
1783578308.8533733,-0.0040806863,-0.018627817,-23.978678,0.019956797,-0.001514914,-2.9937859,10,0.7860116958618164
1783578308.9532862,-0.0014351436,-0.019253477,-24.26382,0.021433562,0.0017989873,-2.9942389,10,0.7860116958618164
1783578309.0532613,0.0015643327,-0.018958814,-24.573677,0.022072833,0.0057886844,-2.9951246,10,0.7860116958618164
1783578309.1533053,0.004599008,-0.01778663,-24.859882,0.02208894,0.009279969,-2.995535,10,0.7860116958618164
1783578309.253467,0.00843622,-0.016039621,-25.17042,0.021855418,0.012857826,-2.9961436,10,0.7860116958618164
1783578309.3533688,0.012733531,-0.014240059,-25.457117,0.021669276,0.014966481,-2.996575,10,0.7693471908569336
1783578309.4532995,0.018176943,-0.012509215,-25.767435,0.021541512,0.016345799,-2.9967961,10,0.7693471908569336
1783578309.5533733,0.023533147,-0.010792908,-26.053484,0.020991545,0.01736434,-2.996779,10,0.7693471908569336
1783578309.6534257,0.029284095,-0.008923037,-26.36305,0.019630682,0.017756525,-2.9964457,10,0.7693471908569336
1783578309.7532792,0.033815887,-0.0072666407,-26.648844,0.017225046,0.017577913,-2.9965804,10,0.7693471908569336
1783578309.8531978,0.037460666,-0.00525549,-26.959112,0.01323667,0.01724309,-2.9967213,10,0.7693471908569336
1783578309.9533665,0.03945268,-0.0029030219,-27.245823,0.008521929,0.017084265,-2.997172,10,0.7693471908569336
1783578310.0532806,0.039948024,0.00024424374,-27.556524,0.0025917639,0.017033951,-2.9974203,10,0.7693471908569336
1783578310.153228,0.039873194,0.0036049238,-27.843527,-0.0026251015,0.01695263,-2.9978158,10,0.7693471908569336
1783578310.2532158,0.039537605,0.0073534893,-28.15429,-0.00734451,0.016342774,-2.9979181,10,0.7693471908569336
1783578310.3532233,0.03911317,0.011153449,-28.441504,-0.011027749,0.015639853,-2.9981842,10,0.7526817321777344
1783578310.4532595,0.03808853,0.015345975,-28.753119,-0.014575162,0.014428072,-2.9983995,10,0.7526817321777344
1783578310.5537367,0.03653692,0.018578641,-29.040272,-0.01749941,0.012448635,-2.998468,10,0.7526817321777344
1783578310.6533859,0.03426079,0.020951612,-29.3512,-0.019889634,0.009108163,-2.9983423,10,0.7526817321777344
1783578310.7534633,0.031462207,0.021965185,-29.638294,-0.021687597,0.004863789,-2.9983335,10,0.7526817321777344
1783578310.853239,0.027591359,0.021700777,-29.949377,-0.023301052,-0.00042356222,-2.9984858,10,0.7526817321777344
1783578310.9531198,0.023333251,0.020698495,-30.236712,-0.02464038,-0.0053082826,-2.9982936,10,0.7526817321777344
1783578311.0533004,0.018486762,0.019465365,-30.547474,-0.025189038,-0.009362889,-2.9980888,10,0.7526817321777344
1783578311.1532762,0.014266614,0.01863481,-30.83389,-0.024450418,-0.011792584,-2.9980104,10,0.7526817321777344
1783578311.2533243,0.009891749,0.017891651,-31.143469,-0.022666221,-0.013056816,-2.9978073,10,0.7526817321777344
1783578311.353952,0.006096727,0.017068775,-31.429327,-0.0203091,-0.014123363,-2.9977217,10,0.7360162734985352
1783578311.4536414,0.0026598454,0.01650308,-31.716055,-0.017578844,-0.014436309,-2.9982064,10,0.7360162734985352
1783578311.5531874,-0.0005673732,0.015804155,-32.027637,-0.014142446,-0.01454416,-2.998596,10,0.7360162734985352
1783578311.6531556,-0.003309172,0.015150832,-32.31552,-0.0107947225,-0.014211137,-2.9989116,10,0.7360162734985352
1783578311.7533789,-0.0052913534,0.014710492,-32.62733,-0.0067482325,-0.013282126,-2.9989753,10,0.7360162734985352
1783578311.8532646,-0.006500698,0.014441177,-32.914406,-0.0029281906,-0.01253638,-2.9992385,10,0.7360162734985352
1783578311.953241,-0.0076375697,0.014099532,-33.225483,0.00039471374,-0.011849293,-2.9992528,10,0.7360162734985352
1783578312.0534039,-0.008206873,0.013976113,-33.512974,0.0032207961,-0.011330781,-2.9991543,10,0.7360162734985352
1783578312.1535406,-0.0085824635,0.01406026,-33.82448,0.0058038165,-0.010597485,-2.9991043,10,0.7360162734985352
1783578312.2532256,-0.008300078,0.014174787,-34.112225,0.007851833,-0.00983382,-2.9993055,10,0.7360162734985352
1783578312.3532245,-0.00724134,0.014113389,-34.423885,0.010033338,-0.009652986,-2.9994135,10,0.7193508148193359
1783578312.4533486,-0.006052455,0.013379285,-34.711678,0.0115834065,-0.010120917,-2.99954,10,0.7193508148193359
1783578312.5532675,-0.0042153415,0.012524729,-35.023415,0.0136691695,-0.010448254,-2.9996367,10,0.7193508148193359
1783578312.6533449,-0.0024306136,0.011804451,-35.31117,0.014932801,-0.010572538,-2.9995718,10,0.7193508148193359
1783578312.7532673,-0.0009914972,0.010870081,-35.622944,0.015318906,-0.010290515,-2.99952,10,0.7193508148193359
1783578312.853142,-4.7039815e-05,0.009954814,-35.91056,0.015011025,-0.009711344,-2.9997077,10,0.7193508148193359
1783578312.95334,0.0008814031,0.008694892,-36.222504,0.014472603,-0.009465743,-2.9996352,10,0.7193508148193359
1783578313.0533323,0.0012865623,0.007269421,-36.510983,0.013501452,-0.009190451,-2.9999816,10,0.7193508148193359
1783578313.153347,0.0012650364,0.0054483567,-36.823757,0.01217457,-0.009138253,-3.0004134,10,0.7193508148193359
1783578313.2536275,0.0006038644,0.0041133417,-37.112495,0.0104077915,-0.008733459,-3.0004702,10,0.7193508148193359
1783578313.353236,-0.00083965156,0.0037853476,-37.424866,0.008323336,-0.006989732,-3.000175,10,0.7026853561401367
1783578313.4533772,-0.002755466,0.00454379,-37.71272,0.0067643095,-0.0045397435,-2.9999626,10,0.7026853561401367
1783578313.554085,-0.0048642526,0.006012254,-38.02466,0.005602696,-0.0019028455,-3.000055,10,0.7026853561401367
1783578313.6532466,-0.0069058696,0.0074760453,-38.311806,0.0047062286,-0.0001966568,-2.9997544,10,0.7026853561401367
1783578313.7531946,-0.008882019,0.009385648,-38.622524,0.0046963147,0.0011768596,-2.999259,10,0.7026853561401367
1783578313.8533347,-0.010477499,0.011330058,-38.90901,0.0055614226,0.0019558473,-2.9990022,10,0.7026853561401367
1783578313.9537668,-0.012154906,0.0129450215,-39.21898,0.0066386415,0.0015616724,-2.998758,10,0.7026853561401367
1783578314.0531847,-0.013180113,0.014141741,-39.505177,0.008084132,0.0005589786,-2.99884,10,0.7026853561401367
1783578314.1532028,-0.013447431,0.015455636,-39.815674,0.010088614,-0.00076939043,-2.9992516,10,0.7026853561401367
1783578314.2532587,-0.013153131,0.016687453,-40.102295,0.012027105,-0.0019093655,-2.9994676,10,0.7026853561401367
1783578314.3532693,-0.012621261,0.017658219,-40.412918,0.014030191,-0.0032945499,-2.9997702,10,0.6860198974609375
1783578314.4534395,-0.011372532,0.017498147,-40.700027,0.01569887,-0.0056532132,-2.9997816,10,0.6860198974609375
1783578314.5533838,-0.00861014,0.01622766,-41.010853,0.01819311,-0.009082796,-2.999902,10,0.6860198974609375
1783578314.6535382,-0.004910064,0.014460297,-41.297726,0.020909164,-0.012116699,-2.999866,10,0.6860198974609375
1783578314.7532887,-0.0003108731,0.012635682,-41.608826,0.02348279,-0.014048157,-3.0000322,10,0.6860198974609375
1783578314.8534923,0.004376835,0.010991467,-41.895897,0.02499034,-0.0152237145,-3.0000262,10,0.6860198974609375
1783578314.9531815,0.00894845,0.009403978,-42.20714,0.025202455,-0.015396027,-2.9999015,10,0.6860198974609375
1783578315.053139,0.012201667,0.008275586,-42.494427,0.023635533,-0.0147302635,-3.00033,10,0.6860198974609375
1783578315.1534493,0.014584151,0.0075970893,-42.805767,0.020329328,-0.013558789,-3.0003347,10,0.6860198974609375
1783578315.2532637,0.015745671,0.007455547,-43.045376,0.017080968,-0.012049555,-3.0001454,10,0.6860198974609375
1783578315.35327,0.017011914,0.007172239,-43.331745,0.013488254,-0.010273276,-2.9754128,10,0.6691865921020508
1783578315.4531903,0.01826246,0.00677762,-43.636345,0.010133344,-0.008958245,-2.9023194,10,0.6691865921020508
1783578315.5531652,0.018549329,0.006708534,-43.908016,0.0068198177,-0.007552564,-2.7888503,10,0.6691865921020508
1783578315.653168,0.0182932,0.0062403064,-44.188007,0.0035290066,-0.0066223955,-2.6540422,10,0.6691865921020508
1783578315.753101,0.017789196,0.005350843,-44.433983,0.0011228989,-0.0062741493,-2.5446684,10,0.6691865921020508
1783578315.8531451,0.017548155,0.004046298,-44.68828,-0.000643654,-0.0064709526,-2.4371169,10,0.6691865921020508
1783578315.9531157,0.016911995,0.0032106047,-44.91272,-0.0020523297,-0.006312394,-2.3452754,10,0.6691865921020508
1783578316.0532455,0.015015314,0.002722359,-45.145885,-0.003997635,-0.005671287,-2.2511976,10,0.6691865921020508
1783578316.1532228,0.0126143135,0.0029541692,-45.352478,-0.0055402913,-0.0046494887,-2.168287,10,0.6691865921020508
1783578316.2532334,0.009456799,0.004283612,-45.56765,-0.0074096117,-0.0025765388,-2.0812826,10,0.6691865921020508
1783578316.3532248,0.0064163427,0.0062745474,-45.758343,-0.008541337,-4.54915e-05,-2.0032332,10,0.6526889801025391
1783578316.453128,0.0036122084,0.009155293,-45.95697,-0.00873339,0.0025543799,-1.9209806,10,0.6526889801025391
1783578316.5531523,0.0015270724,0.012393606,-46.133114,-0.007873366,0.0045962236,-1.8472055,10,0.6526889801025391
1783578316.6531422,-0.00064379594,0.016294347,-46.316338,-0.006420411,0.00651511,-1.7693388,10,0.6526889801025391
1783578316.7532377,-0.0019569886,0.020046446,-46.478245,-0.0042185127,0.007652083,-1.6996164,10,0.6526889801025391
1783578316.8533163,-0.0020727282,0.024164235,-46.645866,-0.0010592863,0.007810632,-1.6261193,10,0.6526889801025391
1783578316.9532533,-0.00074432103,0.027301727,-46.79332,0.0026245217,0.0067145573,-1.5609924,10,0.6526889801025391
1783578317.0531769,0.0015393472,0.02962141,-46.946194,0.0067395316,0.0042492636,-1.4934494,10,0.6526889801025391
1783578317.1532414,0.0039660754,0.03075797,-47.081333,0.009558255,0.00067373336,-1.4340094,10,0.6526889801025391
1783578317.2532618,0.0068557495,0.031304363,-47.22146,0.011762291,-0.003218784,-1.3713309,10,0.6526889801025391
1783578317.35319,0.0090813255,0.031797085,-47.34568,0.012315191,-0.006302092,-1.3161224,10,0.6360235214233398
1783578317.4534492,0.01070264,0.032338582,-47.475143,0.011380764,-0.009440026,-1.2585939,10,0.6360235214233398
1783578317.5535052,0.011539853,0.033001814,-47.590588,0.009676602,-0.011465057,-1.2071925,10,0.6360235214233398
1783578317.6534584,0.012050705,0.033942394,-47.710934,0.0073240935,-0.012945955,-1.1522338,10,0.6360235214233398
1783578317.7534177,0.01219507,0.035381585,-47.817436,0.0049727513,-0.013592335,-1.1025023,10,0.6360235214233398
1783578317.8533342,0.012323761,0.037141375,-47.92754,0.002711476,-0.013705124,-1.05047,10,0.6360235214233398
1783578317.9532409,0.0128595475,0.03823118,-48.024883,0.0016784186,-0.014415489,-1.0040824,10,0.6360235214233398
1783578318.0531795,0.013552754,0.038214363,-48.126427,0.0010119185,-0.016138008,-0.9559438,10,0.6360235214233398
1783578318.1532981,0.014399942,0.03730187,-48.21611,0.0008363856,-0.018492721,-0.91267574,10,0.6360235214233398
1783578318.2533593,0.015279951,0.03528083,-48.308575,0.0008021043,-0.021354832,-0.86688167,10,0.6360235214233398
1783578318.3533065,0.01595577,0.03242839,-48.389767,0.0005495782,-0.024345974,-0.82655984,10,0.6193580627441406
1783578318.4532185,0.016992377,0.027640406,-48.47357,0.0005685068,-0.028100347,-0.78489643,10,0.6193580627441406
1783578318.5532584,0.018395899,0.021786837,-48.5474,0.0011057454,-0.03162331,-0.7484473,10,0.6193580627441406
1783578318.653314,0.021028718,0.015058413,-48.623283,0.0026033644,-0.034117714,-0.7104971,10,0.6193580627441406
1783578318.7533598,0.023841858,0.009078481,-48.689934,0.0039483034,-0.034817055,-0.67708665,10,0.6193580627441406
1783578318.8534517,0.0268181,0.0029557785,-48.75878,0.0044199983,-0.033792343,-0.64304286,10,0.6193580627441406
1783578318.9531488,0.029374734,-0.002196699,-48.81938,0.0038020164,-0.03139784,-0.61273503,10,0.6193580627441406
1783578319.0531223,0.032096803,-0.0072835726,-48.882816,0.002701609,-0.027714418,-0.58166564,10,0.6193580627441406
1783578319.1532643,0.03446208,-0.011321777,-48.93921,0.0011822069,-0.023606244,-0.5537119,10,0.6193580627441406
1783578319.2535481,0.036470905,-0.014803631,-48.997227,-0.00103632,-0.018231882,-0.5237068,10,0.6193580627441406
1783578319.353261,0.037411116,-0.017464135,-49.047775,-0.004118762,-0.012991063,-0.496999,10,0.6026926040649414
1783578319.4532294,0.03755579,-0.020068992,-49.099293,-0.008176827,-0.008290153,-0.46913868,10,0.6026926040649414
1783578319.553225,0.037076436,-0.021751799,-49.144157,-0.011929973,-0.0037581716,-0.44528723,10,0.6026926040649414
1783578319.653205,0.03616755,-0.023182966,-49.190483,-0.01539052,0.00061763905,-0.42144704,10,0.6026926040649414
1783578319.7535124,0.03508661,-0.02376798,-49.230762,-0.017739706,0.0045408877,-0.40060353,10,0.6026926040649414
1783578319.853463,0.033247758,-0.023519805,-49.271656,-0.019466138,0.008579008,-0.37937325,10,0.6026926040649414
1783578319.9534783,0.030853147,-0.02215451,-49.307617,-0.017433869,0.016817167,-0.36507618,10,0.6026926040649414
1783578320.053183,0.028609319,-0.018396823,-49.345985,0.0019217109,0.044430032,-0.35890433,10,0.6026926040649414
1783578320.1532276,0.02954793,-0.0096517075,-49.381714,0.050733875,0.10020753,-0.36222264,10,0.6026926040649414
1783578320.2531998,0.039031353,0.009023202,-49.42195,0.14956921,0.20160516,-0.37072858,10,0.6026926040649414
1783578320.3531969,0.061017822,0.039200626,-49.46048,0.2892279,0.33642176,-0.37803197,10,0.5858602523803711
1783578320.4532573,0.10565783,0.090826295,-49.50298,0.49515784,0.5251184,-0.38094229,10,0.5858602523803711
1783578320.5532572,0.17146282,0.15950155,-49.5411,0.7324168,0.72422755,-0.3667784,10,0.5858602523803711
1783578320.6532347,0.27542543,0.25847158,-49.579308,1.0377085,0.94831187,-0.33498812,10,0.5858602523803711
1783578320.7532017,0.40563017,0.37132257,-49.610107,1.3558816,1.1489255,-0.2929817,10,0.5858602523803711
1783578320.8532906,0.587094,0.5144504,-49.638214,1.7269764,1.3526334,-0.24791317,10,0.5858602523803711
1783578320.9532256,0.79329306,0.66452473,-49.660534,2.0777154,1.5297675,-0.21470253,10,0.5858602523803711
1783578321.0532186,1.0559859,0.844925,-49.682003,2.4484987,1.7171715,-0.18850887,10,0.5858602523803711
1783578321.153236,1.3327012,1.0282458,-49.69982,2.7735674,1.89264,-0.17222227,10,0.5858602523803711
1783578321.2531931,1.6649469,1.2459517,-49.717358,3.097767,2.0905154,-0.15370136,10,0.5858602523803711
1783578321.353218,1.9964135,1.4662955,-49.73185,3.3645504,2.283297,-0.13292435,10,0.569361686706543
1783578321.4532242,2.378218,1.7283405,-49.74482,3.6116102,2.5031483,-0.11068725,10,0.569361686706543
1783578321.553199,2.7468984,1.9917291,-49.75456,3.7937913,2.7089276,-0.08481369,10,0.569361686706543
1783578321.6531756,3.1580727,2.3000443,-49.762634,3.9378555,2.9249709,-0.06659406,10,0.569361686706543
1783578321.7531905,3.5437899,2.6037703,-49.76886,4.0203056,3.1037624,-0.060606156,10,0.569361686706543
1783578321.8532043,3.962465,2.9482152,-49.775745,4.056203,3.260125,-0.060920388,10,0.569361686706543
1783578321.9532146,4.3447914,3.2751977,-49.78289,4.0428405,3.3610926,-0.066784404,10,0.569361686706543
1783578322.053301,4.750138,3.6335464,-49.791687,3.9828246,3.4175277,-0.06244582,10,0.569361686706543
1783578322.1531317,5.112172,3.9628754,-49.800594,3.8966966,3.4244928,-0.064021304,10,0.569361686706543
1783578322.2532125,5.488918,4.313543,-49.811596,3.7908046,3.4009175,-0.06673915,10,0.569361686706543
1783578322.3531911,5.823523,4.6299825,-49.822754,3.6967933,3.363856,-0.06585522,10,0.5526962280273438
1783578322.453192,6.1737385,4.9640813,-49.83491,3.6087706,3.3156185,-0.06407777,10,0.5526962280273438
1783578322.5531328,6.4893794,5.2655797,-49.846123,3.5459182,3.2702448,-0.06238391,10,0.5526962280273438
1783578322.6531405,6.826499,5.5857067,-49.857803,3.5000904,3.224722,-0.060123857,10,0.5526962280273438
1783578322.7531207,7.136424,5.8761654,-49.867706,3.4782207,3.1887603,-0.05772021,10,0.5526962280273438
1783578322.8531544,7.4739676,6.187621,-49.878155,3.4756637,3.158154,-0.05456021,10,0.5526962280273438
1783578322.95314,7.7891793,6.47341,-49.887672,3.489088,3.138203,-0.05089171,10,0.5526962280273438
1783578323.0532043,8.136782,6.7818546,-49.897644,3.5173347,3.1242034,-0.04528455,10,0.5526962280273438
1783578323.153163,8.464155,7.0663967,-49.906204,3.552305,3.1171956,-0.039679255,10,0.5526962280273438
1783578323.253356,8.825429,7.3753,-49.91436,3.5948427,3.1148508,-0.033059612,10,0.5526962280273438
1783578323.3532019,9.165384,7.6616554,-49.91996,3.6353085,3.1156497,-0.026963122,10,0.5360307693481445
1783578323.4531684,9.540462,7.9734416,-49.9245,3.6786332,3.1183856,-0.021576734,10,0.5360307693481445
1783578323.5532024,9.892415,8.262608,-49.927746,3.716377,3.1212695,-0.018350681,10,0.5360307693481445
1783578323.6531782,10.278516,8.577858,-49.93096,3.7520974,3.1250796,-0.016257323,10,0.5360307693481445
1783578323.7531867,10.638548,8.87105,-49.9334,3.7789805,3.1296325,-0.015293055,10,0.5360307693481445
1783578323.8531115,11.031703,9.191383,-49.935898,3.8017318,3.136023,-0.014795857,10,0.5360307693481445
1783578323.9533172,11.396507,9.489024,-49.9382,3.8162727,3.142313,-0.014625513,10,0.5360307693481445
1783578324.0532238,11.792896,9.812967,-49.94089,3.826146,3.1491048,-0.014922083,10,0.5360307693481445
1783578324.1531413,12.159648,10.112816,-49.94423,3.830777,3.1544702,-0.015677346,10,0.5360307693481445
1783578324.2531734,12.557739,10.438904,-49.94794,3.8322477,3.1599095,-0.0154710235,10,0.5360307693481445
1783578324.3533013,12.925528,10.7412405,-49.95151,3.8311236,3.1648376,-0.014551159,10,0.5193653106689453
1783578324.4535015,13.323702,11.070471,-49.95536,3.8280318,3.1707575,-0.013304149,10,0.5193653106689453
1783578324.5534198,13.690329,11.374905,-49.958393,3.8235433,3.1754863,-0.011731482,10,0.5193653106689453
1783578324.6533558,14.086696,11.704974,-49.961193,3.8178291,3.1794033,-0.01039258,10,0.5193653106689453
1783578324.7532117,14.45206,12.009738,-49.96317,3.812815,3.1820319,-0.009309352,10,0.5193653106689453
1783578324.8531816,14.847903,12.339385,-49.965107,3.808551,3.183329,-0.00903999,10,0.5193653106689453
1783578324.9531903,15.21384,12.643511,-49.966274,3.806547,3.1834168,-0.008513415,10,0.5193653106689453
1783578325.0532615,15.611158,12.972855,-49.966988,3.8063374,3.183212,-0.008431157,10,0.5193653106689453
1783578325.1531465,15.978864,13.277175,-49.967216,3.8078923,3.1828434,-0.008843846,10,0.5193653106689453
1783578325.253195,16.377909,13.607444,-49.96771,3.8101935,3.1831462,-0.009913429,10,0.5193653106689453
1783578325.353142,16.746298,13.912858,-49.968674,3.8120193,3.1836007,-0.011088828,10,0.5072393417358398
1783578325.453197,17.145597,14.244344,-49.96992,3.8138077,3.1846592,-0.011900851,10,0.5072393417358398
1783578325.5531428,17.51405,14.550537,-49.970882,3.815102,3.1857448,-0.012219086,10,0.5072393417358398
1783578325.6531448,17.913828,14.882712,-49.971985,3.8163292,3.186925,-0.012504603,10,0.5072393417358398
1783578325.7531207,18.283699,15.189567,-49.973545,3.817894,3.1878197,-0.012876547,10,0.5072393417358398
1783578325.8531635,18.684595,15.522258,-49.97619,3.8196695,3.1884725,-0.012567265,10,0.5072393417358398
1783578325.9532635,19.054312,15.829743,-49.979786,3.8199508,3.1891046,-0.01199356,10,0.5072393417358398
1783578326.0531151,19.454361,16.161867,-49.984505,3.8200033,3.1883993,-0.010511258,10,0.5072393417358398
1783578326.153168,19.823593,16.466654,-49.989025,3.81965,3.1859884,-0.0076601636,10,0.5072393417358398
1783578326.2531223,20.22395,16.796263,-49.99353,3.8197706,3.1832035,-0.00374876,10,0.5072393417358398
1783578326.3532138,20.593555,17.101105,-49.996735,3.8200765,3.1815665,-0.0005032484,10,0.5026760101318359
1783578326.4531713,20.993465,17.432121,-49.99914,3.8199174,3.1811848,0.0030009847,10,0.5026760101318359
1783578326.5532303,21.361973,17.738295,-50.000088,3.8193498,3.1822324,0.005410422,10,0.5026760101318359
1783578326.6533546,21.760147,18.07122,-49.999866,3.8183439,3.1846545,0.007025424,10,0.5026760101318359
1783578326.7533715,22.127157,18.380121,-49.99962,3.8173296,3.1878693,0.0067791403,10,0.5026760101318359
1783578326.8532102,22.524214,18.716074,-49.999443,3.8164868,3.1923025,0.006240702,10,0.5026760101318359
1783578326.9531982,22.89062,19.02705,-49.99925,3.8159125,3.1961234,0.005630934,10,0.5026760101318359
1783578327.053254,23.28759,19.36426,-49.99882,3.816087,3.1988738,0.0050212443,10,0.5026760101318359
1783578327.1534548,23.65372,19.675425,-49.998325,3.8164136,3.1999395,0.004053451,10,0.5026760101318359
1783578327.2534199,24.050104,20.012487,-49.9978,3.8169649,3.1994908,0.002881934,10,0.5026760101318359
1783578327.3531847,24.41565,20.323864,-49.99779,3.8178234,3.198479,0.0019194734,10,0.5009889602661133
1783578327.4532092,24.811506,20.660652,-49.99774,3.8190968,3.1966877,0.0010869125,10,0.5009889602661133
1783578327.5531626,25.177338,20.971066,-49.997765,3.8211172,3.19401,0.00047366376,10,0.5009889602661133
1783578327.6531456,25.574654,21.306717,-49.997932,3.824344,3.1903358,-0.0003288095,10,0.5009889602661133
1783578327.7531526,25.942455,21.616045,-49.99842,3.8281772,3.1866615,-0.000728718,10,0.5009889602661133
1783578327.8531833,26.34222,21.950583,-49.998596,3.833394,3.1823175,-0.00096655305,10,0.5009889602661133
1783578327.9531128,26.711985,22.25834,-49.998775,3.8383384,3.1779857,-0.0012624435,10,0.5009889602661133
1783578328.0531693,27.113504,22.5913,-49.998928,3.8433547,3.1737037,-0.0014060724,10,0.5009889602661133
1783578328.1531956,27.48483,22.89835,-49.998764,3.8478966,3.1705277,-0.0017637655,10,0.5009889602661133
1783578328.2531285,27.888239,23.230635,-49.998173,3.8523529,3.167958,-0.0019869278,10,0.5009889602661133
1783578328.3531733,28.261536,23.536995,-49.997757,3.8559582,3.1656973,-0.0025419178,10,0.5003662109375
1783578328.4531336,28.666433,23.868324,-49.99784,3.8590245,3.163759,-0.0034162088,10,0.5003662109375
1783578328.5530999,29.040552,24.174082,-49.99878,3.8608863,3.1623409,-0.004110144,10,0.5003662109375
1783578328.6531787,29.445986,24.505302,-50.000267,3.861903,3.161147,-0.0042050174,10,0.5003662109375
1783578328.7531598,29.819963,24.81103,-50.001766,3.8615866,3.1606815,-0.0034517464,10,0.5003662109375
1783578328.8533316,30.225307,25.142368,-50.003586,3.8607142,3.1607702,-0.0021876784,10,0.5003662109375
1783578328.9531727,30.599,25.447714,-50.00545,3.8588636,3.1605902,-0.0008845898,10,0.5003662109375
1783578329.0533006,31.002407,25.777891,-50.00762,3.85564,3.1603975,0.0006401993,10,0.5003662109375
1783578329.1534584,31.373909,26.082582,-50.009518,3.8520103,3.1602747,0.0020119536,10,0.5003662109375
1783578329.2532127,31.775461,26.412966,-50.01169,3.8478372,3.1608875,0.0042257155,10,0.5003662109375
1783578329.35315,32.145634,26.71817,-50.013535,3.8439975,3.1615045,0.006266913,10,0.5001344680786133
1783578329.4531562,32.545998,27.049215,-50.014847,3.8402774,3.1627474,0.008266876,10,0.5001344680786133
1783578329.553142,32.91511,27.355587,-50.015633,3.837259,3.1645882,0.01002467,10,0.5001344680786133
1783578329.6531808,33.314293,27.688173,-50.015484,3.8342967,3.1671684,0.011390378,10,0.5001344680786133
1783578329.7531788,33.68227,27.995064,-50.014748,3.8319538,3.169151,0.011846412,10,0.5001344680786133
1783578329.853303,34.081047,28.327091,-50.01355,3.8302543,3.170775,0.011630578,10,0.5001344680786133
1783578329.953085,34.449028,28.633501,-50.012222,3.829576,3.1719227,0.010309235,10,0.5001344680786133
1783578330.0530972,34.846954,28.965277,-50.010754,3.8290133,3.1728563,0.008521805,10,0.5001344680786133
1783578330.1531115,35.214245,29.271053,-50.008656,3.8289723,3.1730747,0.007109783,10,0.5001344680786133
1783578330.253174,35.612366,29.601902,-50.005424,3.829741,3.1728587,0.005603612,10,0.5001344680786133
1783578330.353104,35.979477,29.906452,-50.002144,3.830509,3.1724102,0.0030554433,10,0.5000534057617188
1783578330.4532628,36.376957,30.2359,-49.999134,3.8311944,3.1719816,-0.0006426395,10,0.5000534057617188
1783578330.5531876,36.743637,30.53951,-49.996956,3.8323312,3.1719332,-0.004338738,10,0.5000534057617188
1783578330.6532562,37.07991,30.818064,-49.995476,3.8335898,3.1724043,-0.0071982727,10,0.5000534057617188
1783578330.7534337,37.47805,31.147985,-49.994602,3.836228,3.1741295,-0.009912745,10,0.5000534057617188
1783578330.8533213,37.846397,31.453262,-49.994236,3.8393683,3.1767967,-0.011570872,10,0.5000534057617188
1783578330.953654,38.246456,31.784048,-49.993736,3.8434713,3.1792173,-0.012383358,10,0.5000534057617188
1783578331.0533662,38.616573,32.088802,-49.9931,3.8471818,3.1806924,-0.012753015,10,0.5000534057617188
1783578331.1533105,39.017998,32.418434,-49.99289,3.8514273,3.1817682,-0.013426896,10,0.5000534057617188
1783578331.2533054,39.388992,32.72271,-49.992958,3.854793,3.1829875,-0.014024526,10,0.5000534057617188
1783578331.3533437,39.791176,33.052032,-49.993362,3.8577175,3.1840947,-0.014600115,10,0.5000267028808594
1783578331.4533634,40.163036,33.356205,-49.99414,3.8598125,3.1855047,-0.014491213,10,0.5000267028808594
1783578331.5532079,40.56688,33.686123,-49.995358,3.861678,3.18729,-0.014190367,10,0.5000267028808594
1783578331.6531854,40.939907,33.991356,-49.996605,3.8626714,3.1897917,-0.013343215,10,0.5000267028808594
1783578331.7532275,41.344788,34.322952,-49.99736,3.8636963,3.1930363,-0.012089908,10,0.5000267028808594
1783578331.8538113,41.71878,34.629368,-49.997845,3.8640149,3.1961167,-0.010833236,10,0.5000267028808594
1783578331.9532478,42.122658,34.961617,-49.99877,3.8626292,3.1991048,-0.01004073,10,0.5000267028808594
1783578332.0532568,42.493866,35.26904,-49.999653,3.8595695,3.2018476,-0.009332589,10,0.5000267028808594
1783578332.153302,42.89411,35.602448,-50.000652,3.8550143,3.2047665,-0.008694059,10,0.5000267028808594
1783578332.253288,43.262405,35.910397,-50.00151,3.8505836,3.2068765,-0.0077502453,10,0.5000267028808594
1783578332.3531184,43.66083,36.244404,-50.002796,3.8460734,3.208576,-0.0068182293,10,0.5000267028808594
1783578332.4531553,44.028538,36.55263,-50.004284,3.8431191,3.209595,-0.005730604,10,0.5000267028808594
1783578332.5532377,44.426956,36.886574,-50.005516,3.841333,3.2102633,-0.0041509503,10,0.5000267028808594
1783578332.6534772,44.794537,37.19486,-50.006123,3.8405514,3.2106843,-0.0024235365,10,0.5000267028808594
1783578332.7534769,45.16212,37.502808,-50.006687,3.840343,3.2103398,-0.0020026024,10,0.5000267028808594
1783578332.8531497,45.530727,37.810253,-50.007057,3.8425112,3.2101352,-0.0018351555,10,0.5000267028808594
1783578332.9534233,45.93084,38.14334,-50.00727,3.847247,3.210969,-0.0010717678,10,0.5000267028808594
1783578333.0531855,46.300583,38.450912,-50.00736,3.8519742,3.2123272,-0.00076040765,10,0.5000267028808594
1783578333.153322,46.701496,38.784103,-50.00693,3.8566508,3.2142446,-0.00028772675,10,0.5000267028808594
1783578333.2558572,47.072,39.092133,-50.005943,3.8602834,3.2156749,0.00032900675,10,0.5000267028808594
1783578333.353204,47.47335,39.42593,-50.004005,3.8627768,3.216936,0.00020561207,10,0.5000267028808594
1783578333.4532578,47.843952,39.73408,-50.00164,3.8640516,3.2174866,-0.0008089272,10,0.5000267028808594
1783578333.5533,48.245567,40.06832,-49.99905,3.864198,3.2175796,-0.0027544587,10,0.5000267028808594
1783578333.6532516,48.615303,40.37627,-49.997257,3.8633358,3.2171607,-0.0053682975,10,0.5000267028808594
1783578333.7535765,49.01535,40.709476,-49.99684,3.8618534,3.216196,-0.009628113,10,0.5000267028808594
1783578333.8531668,49.38443,41.016888,-49.997307,3.8545747,3.2209105,-0.017843788,10,0.5000267028808594
1783578333.9531577,49.843903,41.403465,-50.000336,3.8163066,3.257475,-0.037954506,10,0.5000267028808594
1783578334.0532913,50.233955,41.74368,-50.0062,3.7385025,3.3294046,-0.061269604,10,0.5000267028808594
1783578334.1532567,50.579853,42.065273,-50.015236,3.61942,3.4279215,-0.07883864,10,0.5000267028808594
1783578334.253352,50.939083,42.43041,-50.02622,3.4374747,3.5598629,-0.080974564,10,0.5000267028808594
1783578334.3532207,51.249992,42.78351,-50.035713,3.2202282,3.6951241,-0.077929646,10,0.5000267028808594
1783578334.4535522,51.557693,43.184624,-50.044743,2.9334233,3.8478415,-0.06968184,10,0.5000267028808594
1783578334.5533724,51.810085,43.570747,-50.05175,2.6289399,3.9866338,-0.05052604,10,0.5000267028808594
1783578334.6533892,52.04522,44.004414,-50.056263,2.2692099,4.1326985,-0.026510958,10,0.5000267028808594
1783578334.7532413,52.224937,44.418133,-50.057247,1.9210883,4.263175,-0.0073463307,10,0.5000267028808594
1783578334.8532345,52.37888,44.880245,-50.055454,1.5370338,4.4011316,0.007695893,10,0.5000267028808594
1783578334.953225,52.48406,45.318592,-50.05167,1.1835529,4.5250177,0.017769415,10,0.5000267028808594
1783578335.0531807,52.559406,45.806072,-50.045544,0.80927664,4.652386,0.031194672,10,0.5000267028808594
1783578335.15318,52.595787,46.26643,-50.038494,0.4755019,4.754781,0.042997688,10,0.5000267028808594
1783578335.2533708,52.601257,46.773956,-50.030617,0.12828682,4.836229,0.048753705,10,0.5000267028808594
1783578335.3531787,52.577404,47.247005,-50.024166,-0.17616536,4.8756814,0.047127098,10,0.5000267028808594
1783578335.4533718,52.522755,47.759094,-50.018158,-0.48719877,4.8754783,0.038277853,10,0.5000267028808594
1783578335.5532162,52.446762,48.227287,-50.01423,-0.75842166,4.841481,0.027767917,10,0.5000267028808594
1783578335.653359,52.338364,48.725742,-50.0114,-1.0387864,4.7795877,0.015792228,10,0.5000267028808594
1783578335.7531412,52.216263,49.175686,-50.01072,-1.2870675,4.7082458,0.011022387,10,0.5000267028808594
1783578335.8531759,52.06068,49.651966,-50.010563,-1.5442953,4.623814,0.014542053,10,0.5000267028808594
1783578335.9532406,51.89681,50.081505,-50.009995,-1.7659316,4.5455265,0.02053956,10,0.5000267028808594
1783578336.0533361,51.699104,50.53701,-50.0091,-1.9834406,4.46514,0.025839992,10,0.5000267028808594
1783578336.1531887,51.50008,50.95071,-50.008194,-2.1599638,4.39861,0.026406132,10,0.5000267028808594
1783578336.2532535,51.26994,51.3926,-50.008022,-2.3275862,4.3329415,0.014813158,10,0.5000267028808594
1783578336.3532984,51.045498,51.794895,-50.009327,-2.470471,4.270597,0.0117864255,10,0.5000267028808594
1783578336.4531777,50.789944,52.224632,-50.010418,-2.6158974,4.198487,0.017890627,10,0.5000267028808594
1783578336.5532258,50.54372,52.615208,-50.010777,-2.7339437,4.129857,0.025058562,10,0.5000267028808594
1783578336.6533785,50.267654,53.03129,-50.010815,-2.8350368,4.055165,0.029575445,10,0.5000267028808594
1783578336.7539022,50.006607,53.40902,-50.010345,-2.899231,3.9921577,0.029428368,10,0.5000267028808594
1783578336.8534958,49.72123,53.812874,-50.01025,-2.9340205,3.9436965,0.022400182,10,0.5000267028808594
1783578336.9532106,49.458458,54.184086,-50.01158,-2.9332268,3.929188,0.014918025,10,0.5000267028808594
1783578337.0531597,49.177048,54.58724,-50.014202,-2.905553,3.9432304,0.013761213,10,0.5000267028808594
1783578337.1531634,48.922577,54.96328,-50.016666,-2.8678572,3.9714353,0.01580229,10,0.5000267028808594
1783578337.2532017,48.65241,55.376102,-50.01854,-2.825718,4.007761,0.019035101,10,0.5000267028808594
1783578337.3532517,48.4072,55.762054,-50.01991,-2.7913022,4.04031,0.021686561,10,0.5000267028808594
1783578337.453289,48.145412,56.18456,-50.02064,-2.7608004,4.070786,0.023855679,10,0.5000267028808594
1783578337.5532787,47.906075,56.577103,-50.02149,-2.7403896,4.0923533,0.024896363,10,0.5000267028808594
1783578337.6533313,47.647865,57.003548,-50.02212,-2.7267249,4.107843,0.025557643,10,0.5000267028808594
1783578337.7534738,47.40861,57.39694,-50.02189,-2.7220953,4.1149354,0.02595448,10,0.5000267028808594
1783578337.853209,47.147892,57.821606,-50.020935,-2.7247646,4.115496,0.025771704,10,0.5000267028808594
1783578337.9532738,46.904808,58.212044,-50.019794,-2.733121,4.1110573,0.024934178,10,0.5000267028808594
1783578338.0532346,46.63738,58.633385,-50.017925,-2.7483544,4.1017723,0.02352565,10,0.5000267028808594
1783578338.1533935,46.386257,59.020443,-50.01586,-2.7671442,4.090116,0.022169668,10,0.5000267028808594
1783578338.2533655,46.109848,59.438156,-50.01363,-2.7900448,4.075169,0.019987661,10,0.5000267028808594
1783578338.3533788,45.85092,59.82199,-50.01168,-2.8114903,4.0600553,0.018260628,10,0.5000267028808594
1783578338.4534729,45.565628,60.235588,-50.00925,-2.835625,4.0433707,0.0155847715,10,0.5000267028808594
1783578338.5531852,45.29828,60.61587,-50.006763,-2.8574991,4.029036,0.013268817,10,0.5000267028808594
1783578338.6532774,45.005215,61.02653,-50.003834,-2.8790545,4.0160403,0.010693185,10,0.5000267028808594
1783578338.7534702,44.732037,61.40486,-50.00125,-2.8963048,4.006742,0.0073549757,10,0.5000267028808594
1783578338.8532732,44.433784,61.814156,-49.998817,-2.9117596,3.9994965,0.003940175,10,0.5000267028808594
1783578338.953245,44.156704,62.191547,-49.996716,-2.9232082,3.9953623,0.0010569307,10,0.5000267028808594
1783578339.0533612,43.85462,62.600548,-49.993927,-2.9328017,3.9932275,-0.0017164324,10,0.5000267028808594
1783578339.1534786,43.574352,62.977818,-49.991467,-2.9389038,3.9928608,-0.0047673527,10,0.5000267028808594
1783578339.2535803,43.26984,63.386395,-49.989166,-2.9426937,3.9937546,-0.0077791223,10,0.5000267028808594
1783578339.353152,42.987953,63.763714,-49.98681,-2.9439778,3.9959009,-0.010424358,10,0.5000267028808594
1783578339.453284,42.6821,64.17243,-49.984333,-2.9427378,3.9993308,-0.013556687,10,0.5000267028808594
1783578339.553333,42.399364,64.54976,-49.981754,-2.9401839,4.0033073,-0.016096184,10,0.5000267028808594
1783578339.6532788,42.0924,64.95896,-49.97864,-2.93641,4.008742,-0.019098843,10,0.5000267028808594
1783578339.753351,41.80883,65.33752,-49.976177,-2.932164,4.015123,-0.021949388,10,0.5000267028808594
1783578339.8531916,41.501797,65.74947,-49.97359,-2.92644,4.023788,-0.02510658,10,0.5000267028808594
1783578339.9532275,41.21896,66.132065,-49.971863,-2.9200883,4.033828,-0.027825903,10,0.5000267028808594
1783578340.0534456,40.912678,66.54883,-49.970943,-2.9124713,4.045908,-0.030530643,10,0.5000267028808594
1783578340.153406,40.630207,66.93527,-49.970825,-2.9050837,4.0575123,-0.032555625,10,0.5000267028808594
1783578340.253348,40.324596,67.35562,-49.971985,-2.8969724,4.069673,-0.03377499,10,0.5000267028808594
1783578340.3531656,40.043167,67.74546,-49.973484,-2.8895097,4.080911,-0.033577938,10,0.5000267028808594
1783578340.453145,39.738922,68.16928,-49.975338,-2.88188,4.092335,-0.03259102,10,0.5000267028808594
1783578340.5533812,39.458378,68.56162,-49.976814,-2.8753164,4.102125,-0.031113684,10,0.5000267028808594
1783578340.6534796,39.155067,68.98722,-49.977768,-2.8680449,4.111169,-0.029399365,10,0.5000267028808594
1783578340.7533786,38.87587,69.38019,-49.97856,-2.8612695,4.1175637,-0.028314166,10,0.5000267028808594
1783578340.8537953,38.574017,69.80546,-49.979996,-2.8542233,4.122586,-0.027491685,10,0.5000267028808594
1783578340.9531722,38.295967,70.19715,-49.98188,-2.8481288,4.1251583,-0.02656711,10,0.5000267028808594
1783578341.0534742,37.995716,70.62054,-49.983883,-2.8418405,4.126717,-0.025197204,10,0.5000267028808594
1783578341.1533415,37.719322,71.011314,-49.98528,-2.836225,4.1280155,-0.023611043,10,0.5000267028808594
1783578341.2532942,37.420452,71.43481,-49.986134,-2.8309317,4.1300435,-0.021787697,10,0.5000267028808594
1783578341.353326,37.14464,71.826195,-49.986202,-2.8272595,4.1325426,-0.020452281,10,0.5000267028808594
1783578341.4534876,36.846214,72.25082,-49.985764,-2.8236458,4.1360435,-0.019639067,10,0.5000267028808594
1783578341.5535357,36.571293,72.64305,-49.984783,-2.820802,4.1392193,-0.019565133,10,0.5000267028808594
1783578341.6533234,36.273235,73.06874,-49.983532,-2.818643,4.143075,-0.0201684,10,0.5000267028808594
1783578341.7534251,35.998386,73.462524,-49.982494,-2.817035,4.146687,-0.021197021,10,0.5000267028808594
1783578341.8533177,35.701256,73.88925,-49.98173,-2.814963,4.1499166,-0.022653323,10,0.5000267028808594
1783578341.9533086,35.427563,74.28384,-49.98198,-2.8127613,4.152625,-0.023874123,10,0.5000267028808594
1783578342.0533864,35.132084,74.71207,-49.982357,-2.810501,4.1556935,-0.024323229,10,0.5000267028808594
1783578342.1536355,34.859917,75.10825,-49.982525,-2.8083572,4.158588,-0.02440893,10,0.5000267028808594
1783578342.2531755,34.565323,75.538086,-49.983017,-2.8071404,4.161345,-0.024257101,10,0.5000267028808594
1783578342.3534672,34.293926,75.93472,-49.98344,-2.8062277,4.163019,-0.02404682,10,0.5000267028808594
1783578342.4532468,34.000496,76.36396,-49.983784,-2.8058786,4.1633277,-0.023593439,10,0.5000267028808594
1783578342.5535977,33.729656,76.75962,-49.98414,-2.8058949,4.1625705,-0.023383424,10,0.5000267028808594
1783578342.653433,33.43697,77.18823,-49.984043,-2.8060796,4.16135,-0.022834275,10,0.5000267028808594
1783578342.7534375,33.16712,77.58454,-49.98417,-2.8066394,4.1607366,-0.022828924,10,0.5000267028808594
1783578342.8532355,32.87505,78.01355,-49.98499,-2.8076117,4.159712,-0.0228892,10,0.5000267028808594
1783578342.9534423,32.605427,78.40937,-49.986263,-2.8087988,4.158462,-0.022784246,10,0.5000267028808594
1783578343.0533226,32.31311,78.83812,-49.987625,-2.8110576,4.1569023,-0.021753505,10,0.5000267028808594
1783578343.1536276,32.043068,79.23352,-49.98866,-2.8136172,4.155314,-0.020704249,10,0.5000267028808594
1783578343.2534087,31.750013,79.66165,-49.989628,-2.8169894,4.153512,-0.019541867,10,0.5000267028808594
1783578343.3533373,31.479021,80.05691,-49.991146,-2.8207521,4.152237,-0.018754726,10,0.5000267028808594
1783578343.453228,31.184608,80.48531,-49.992157,-2.8259053,4.1509123,-0.017364616,10,0.5000267028808594
1783578343.5539145,30.9126,80.88093,-49.99263,-2.8303154,4.149939,-0.016105944,10,0.5000267028808594
1783578343.65324,30.617579,81.3096,-49.993008,-2.8347836,4.1492553,-0.015215026,10,0.5000267028808594
1783578343.753459,30.344288,81.70536,-49.993023,-2.8391569,4.1485853,-0.014506781,10,0.5000267028808594
1783578343.853714,30.047386,82.134125,-49.992764,-2.843798,4.1479607,-0.014134573,10,0.5000267028808594
1783578343.9534454,29.773073,82.529686,-49.992016,-2.8476355,4.146671,-0.014706583,10,0.5000267028808594
1783578344.0532804,29.474953,82.95813,-49.99149,-2.8556106,4.1409974,-0.019082243,10,0.5000267028808594
1783578344.153354,29.197636,83.35231,-49.991352,-2.879335,4.119855,-0.029450437,10,0.5000267028808594
1783578344.2533958,28.891846,83.77628,-49.992657,-2.9386895,4.07084,-0.047470704,10,0.5000267028808594
1783578344.3533428,28.601042,84.161385,-49.996395,-3.0331647,3.9967132,-0.06705854,10,0.5000267028808594
1783578344.4533727,28.271488,84.56703,-50.00253,-3.1791904,3.88074,-0.075967744,10,0.5000267028808594
1783578344.553337,27.949959,84.927216,-50.008926,-3.3421526,3.7373111,-0.06638912,10,0.5000267028808594
1783578344.6536808,27.581099,85.298,-50.01411,-3.5318568,3.5509777,-0.042294543,10,0.5000267028808594
1783578344.7533965,27.221094,85.62015,-50.01664,-3.7067275,3.3632178,-0.019322725,10,0.5000267028808594
1783578344.8534465,26.810907,85.94611,-50.017124,-3.8853834,3.1552079,0.0021127476,10,0.5000267028808594
1783578344.9534483,26.416033,86.226616,-50.015644,-4.033692,2.9680617,0.015339769,10,0.5000267028808594
1783578345.053313,25.973587,86.510376,-50.01308,-4.17292,2.77816,0.022120262,10,0.5000267028808594
1783578345.1533768,25.554953,86.756294,-50.010277,-4.280524,2.618887,0.024435814,10,0.5000267028808594
1783578345.2534595,25.093258,87.0081,-50.006824,-4.3743925,2.465981,0.022883344,10,0.5000267028808594
1783578345.353362,24.660685,87.22915,-50.003967,-4.443074,2.3433068,0.01934481,10,0.5000267028808594
1783578345.4535103,24.186853,87.457985,-50.001476,-4.5008473,2.2296329,0.01406999,10,0.5000267028808594
1783578345.5532308,23.746304,87.661705,-49.999577,-4.5416794,2.142133,0.009368798,10,0.5000267028808594
1783578345.6531575,23.267126,87.87675,-49.99816,-4.5752463,2.0654862,0.0047245976,10,0.5000267028808594
1783578345.7532241,22.824064,88.07114,-49.99733,-4.5978713,2.0090117,0.0013946568,10,0.5000267028808594
1783578345.8534915,22.34282,88.27895,-49.99654,-4.61679,1.9607978,-0.0021601834,10,0.5000267028808594
1783578345.9535775,21.897333,88.46924,-49.995937,-4.631698,1.9251004,-0.005674238,10,0.5000267028808594
1783578346.053447,21.41329,88.67433,-49.99568,-4.6487355,1.8883921,-0.012092785,10,0.5000267028808594
1783578346.153485,20.964497,88.861786,-49.996315,-4.6673107,1.8398479,-0.021899533,10,0.5000267028808594
1783578346.2533088,20.47599,89.05873,-49.99841,-4.6905456,1.7523187,-0.03636994,10,0.5000267028808594
1783578346.3534083,20.022995,89.23024,-50.001404,-4.7130876,1.6311228,-0.03705642,10,0.5000267028808594
1783578346.4532688,19.529387,89.399506,-50.004353,-4.740117,1.467527,-0.02203603,10,0.5000267028808594
1783578346.5533648,19.071548,89.537445,-50.005013,-4.768137,1.3084812,-0.0056710537,10,0.5000267028808594
1783578346.6533751,18.572733,89.66731,-50.003468,-4.802864,1.1498436,0.006392432,10,0.5000267028808594
1783578346.7536156,18.108746,89.772545,-50.00115,-4.8383317,1.0328034,0.01142444,10,0.5000267028808594
1783578346.8535116,17.60241,89.87583,-49.998802,-4.8718944,0.9473355,0.009519379,10,0.5000267028808594
1783578346.9533873,17.133049,89.965416,-49.996437,-4.891386,0.9086621,0.0049515376,10,0.5000267028808594
1783578347.0533671,16.623829,90.060776,-49.994373,-4.901808,0.8982923,0.00031951768,10,0.5000267028808594
1783578347.1536112,16.153736,90.150406,-49.992886,-4.905222,0.9062016,-0.0027924466,10,0.5000267028808594
1783578347.2533998,15.644405,90.25073,-49.991993,-4.9057946,0.9234776,-0.0058204294,10,0.5000267028808594
1783578347.3534625,15.174289,90.34685,-49.99143,-4.905347,0.9422539,-0.0076951296,10,0.5000267028808594
1783578347.4532773,14.665605,90.455345,-49.9911,-4.9039917,0.96349,-0.008800082,10,0.5000267028808594
1783578347.5531878,14.196827,90.55847,-49.990837,-4.902484,0.98144644,-0.009710163,10,0.5000267028808594
1783578347.6533775,13.689601,90.67249,-49.991272,-4.9009056,0.9981495,-0.01061145,10,0.5000267028808594
1783578347.7533245,13.221812,90.77889,-49.992237,-4.8998466,1.0100988,-0.011028866,10,0.5000267028808594
1783578347.853326,12.716189,90.8946,-49.993134,-4.898088,1.0194066,-0.010555083,10,0.5000267028808594
1783578347.9533179,12.250169,91.00166,-49.994614,-4.8962965,1.0253109,-0.010284697,10,0.5000267028808594
1783578348.0533524,11.745639,91.11731,-49.99616,-4.894661,1.0286398,-0.009426945,10,0.5000267028808594
1783578348.1533923,11.2804,91.22333,-49.997665,-4.8938947,1.0291725,-0.008266924,10,0.5000267028808594
1783578348.2532723,10.776364,91.33662,-49.99926,-4.8931804,1.027013,-0.007075627,10,0.5000267028808594
1783578348.3534744,10.311276,91.43941,-50.000732,-4.892748,1.0227944,-0.0056788903,10,0.5000267028808594
1783578348.4536254,9.807125,91.548996,-50.00264,-4.89323,1.0165557,-0.00439295,10,0.5000267028808594
1783578348.5533721,9.341097,91.64931,-50.004135,-4.8941617,1.0102787,-0.0030673773,10,0.5000267028808594
1783578348.6533573,8.836458,91.75729,-50.005894,-4.8955445,1.0038929,-0.0014282417,10,0.5000267028808594
1783578348.753274,8.370698,91.85673,-50.007484,-4.8965397,0.9986907,5.0351468e-05,10,0.5000267028808594
1783578348.8532243,7.86582,91.96428,-50.00909,-4.897705,0.993879,0.0017871893,10,0.5000267028808594
1783578348.9531407,7.3995223,92.0635,-50.009365,-4.898698,0.99044424,0.0035090966,10,0.5000267028808594
1783578349.0531538,6.8936124,92.17097,-50.009193,-4.900287,0.98739487,0.0044709602,10,0.5000267028808594
1783578349.1531832,6.4263005,92.27029,-50.00896,-4.9018745,0.98550725,0.004822434,10,0.5000267028808594
1783578349.2533438,5.9195166,92.37788,-50.00918,-4.9037256,0.9840159,0.004627344,10,0.5000267028808594
1783578349.3533113,5.4509044,92.47624,-50.00918,-4.9054446,0.9823832,0.004782528,10,0.5000267028808594
1783578349.4532552,4.94254,92.58149,-50.008926,-4.907216,0.9798388,0.0046440978,10,0.5000267028808594
1783578349.5533464,4.472123,92.67768,-50.008705,-4.909544,0.97715586,0.0043699276,10,0.5000267028808594
1783578349.6531477,3.9615262,92.78111,-50.00883,-4.912129,0.9746659,0.004251015,10,0.5000267028808594
1783578349.7533414,3.4897964,92.87593,-50.009346,-4.914376,0.9729415,0.0039876243,10,0.5000267028808594
1783578349.8533945,2.977785,92.97812,-50.00967,-4.917025,0.9718625,0.004265011,10,0.5000267028808594
1783578349.9533675,2.5043437,93.07153,-50.009727,-4.919216,0.97141594,0.004496802,10,0.5000267028808594
1783578350.0532615,1.9907626,93.17161,-50.008873,-4.921317,0.9716527,0.004784442,10,0.5000267028808594
1783578350.1534305,1.5165151,93.26316,-50.007668,-4.9226975,0.9721449,0.00449686,10,0.5000267028808594
1783578350.2533202,1.0029652,93.361694,-50.006012,-4.9230995,0.9734676,0.0036943904,10,0.5000267028808594
1783578350.3534334,0.5296271,93.45164,-50.00389,-4.922005,0.97524035,0.0026033279,10,0.5000267028808594
1783578350.4532456,0.017792515,93.548,-50.001896,-4.9192567,0.9776854,0.00033908413,10,0.5000267028808594
1783578350.5532372,-0.45407724,93.63643,-50.0004,-4.9161158,0.98099345,-0.001906852,10,0.5000267028808594
1783578350.6533582,-0.9649864,93.73314,-49.99904,-4.9123726,0.98649174,-0.0040463354,10,0.5000267028808594
1783578350.7533567,-1.4358493,93.823784,-49.998028,-4.908855,0.9935355,-0.00572856,10,0.5000267028808594
1783578350.8532374,-1.9453504,93.9239,-49.99727,-4.9049807,1.0035108,-0.007317029,10,0.5000267028808594
1783578350.953451,-2.4147873,94.01812,-49.99659,-4.9013443,1.0143023,-0.008598404,10,0.5000267028808594
1783578351.0532608,-2.9222405,94.121704,-49.996033,-4.897246,1.026498,-0.009301347,10,0.5000267028808594
1783578351.1534724,-3.3900352,94.218575,-49.995174,-4.8936296,1.0372659,-0.010061759,10,0.5000267028808594
1783578351.2532346,-3.8963726,94.324936,-49.994587,-4.8901944,1.0485686,-0.011298459,10,0.5000267028808594
1783578351.3534892,-4.3634953,94.42442,-49.994923,-4.8881817,1.0580437,-0.01199126,10,0.5000267028808594
1783578351.4532256,-4.8698115,94.53364,-49.995102,-4.88733,1.0676537,-0.012438946,10,0.5000267028808594
1783578351.5532374,-5.3374934,94.63524,-49.995327,-4.8876653,1.0752318,-0.012543508,10,0.5000267028808594
1783578351.6532452,-5.844917,94.745865,-49.995842,-4.8892574,1.0816408,-0.012411447,10,0.5000267028808594
1783578351.753528,-6.3140607,94.84878,-49.996384,-4.8914375,1.0864236,-0.012116621,10,0.5000267028808594
1783578351.853387,-6.8229403,94.96057,-49.996967,-4.894676,1.0901614,-0.011726714,10,0.5000267028808594
1783578351.9531944,-7.293691,95.06397,-49.997513,-4.898017,1.0927595,-0.011109057,10,0.5000267028808594
1783578352.0533466,-7.8039427,95.176186,-49.99781,-4.900731,1.0943441,-0.010441182,10,0.5000267028808594
1783578352.1532288,-8.274853,95.28006,-49.99741,-4.902637,1.0955436,-0.009625475,10,0.5000267028808594
1783578352.253198,-8.785437,95.392746,-49.996445,-4.9040437,1.0960853,-0.009560436,10,0.5000267028808594
1783578352.353295,-9.255947,95.49706,-49.995533,-4.9042625,1.0962739,-0.010025964,10,0.5000267028808594
1783578352.4532478,-9.764833,95.61023,-49.99504,-4.903334,1.095875,-0.010870056,10,0.5000267028808594
1783578352.5531812,-10.234132,95.71448,-49.99482,-4.9020305,1.0947086,-0.011428144,10,0.5000267028808594
1783578352.653287,-10.741549,95.82682,-49.994617,-4.900161,1.0924667,-0.011920498,10,0.5000267028808594
1783578352.7533982,-11.209366,95.930016,-49.993896,-4.89858,1.0893536,-0.012248765,10,0.5000267028808594
1783578352.8531916,-11.715768,96.04153,-49.993645,-4.896463,1.0862985,-0.01308061,10,0.5000267028808594
1783578352.9532704,-12.183047,96.1441,-49.99362,-4.8951106,1.0834382,-0.0139123835,10,0.5000267028808594
1783578353.0533512,-12.689157,96.25497,-49.993942,-4.89384,1.0806502,-0.014117589,10,0.5000267028808594
1783578353.153187,-13.156702,96.3575,-49.99408,-4.8941216,1.0787892,-0.0142457085,10,0.5000267028808594
1783578353.2533102,-13.66425,96.46855,-49.99401,-4.895665,1.0774128,-0.014365357,10,0.5000267028808594
1783578353.3533373,-14.134203,96.57065,-49.99388,-4.8981767,1.0758132,-0.014165215,10,0.5000267028808594
1783578353.4533212,-14.643892,96.680565,-49.993927,-4.9012656,1.0739267,-0.014235088,10,0.5000267028808594
1783578353.5532565,-15.115366,96.78191,-49.994488,-4.9043965,1.0724138,-0.0141941635,10,0.5000267028808594
1783578353.6532598,-15.626832,96.89159,-49.995277,-4.90755,1.0707612,-0.013820199,10,0.5000267028808594
1783578353.7531908,-16.09906,96.993355,-49.99601,-4.9094377,1.0702516,-0.01274182,10,0.5000267028808594
1783578353.853214,-16.61107,97.10433,-49.997036,-4.9108443,1.0706977,-0.012044255,10,0.5000267028808594
1783578353.9532447,-17.08375,97.20686,-49.99829,-4.910033,1.0689898,-0.01159639,10,0.5000267028808594
1783578354.0532608,-17.59582,97.31624,-49.99972,-4.902915,1.0510848,-0.014338033,10,0.5000267028808594
1783578354.1532037,-18.067219,97.413246,-50.001495,-4.886558,1.0055933,-0.021344688,10,0.5000267028808594
1783578354.2534711,-18.575153,97.50922,-50.00426,-4.8555326,0.91289526,-0.03281635,10,0.5000267028808594
1783578354.3534648,-19.039604,97.58501,-50.008118,-4.811851,0.7819073,-0.045575,10,0.5000267028808594
1783578354.4532325,-19.535902,97.64772,-50.01358,-4.746797,0.58853024,-0.05970018,10,0.5000267028808594
1783578354.553264,-19.985899,97.68203,-50.019745,-4.669219,0.362245,-0.07195148,10,0.5000267028808594
1783578354.653434,-20.46292,97.68871,-50.027534,-4.5666184,0.071255244,-0.07301594,10,0.5000267028808594
1783578354.7533658,-20.891546,97.66324,-50.03378,-4.455453,-0.23052907,-0.059258986,10,0.5000267028808594
1783578354.8533525,-21.342163,97.5982,-50.037766,-4.3179717,-0.58068055,-0.03947098,10,0.5000267028808594
1783578354.9534004,-21.744347,97.503044,-50.039223,-4.176516,-0.91426665,-0.023303987,10,0.5000267028808594
1783578355.0534608,-22.163788,97.36114,-50.039223,-4.008921,-1.2780094,-0.01130737,10,0.5000267028808594
1783578355.153375,-22.535067,97.195175,-50.037964,-3.8411436,-1.6108106,-0.0044676443,10,0.5000267028808594
1783578355.2532954,-22.918951,96.97964,-50.03563,-3.6462524,-1.9625709,0.00025052286,10,0.5000267028808594
1783578355.3533933,-23.254528,96.74882,-50.033237,-3.4527223,-2.2768729,0.0006611457,10,0.5000267028808594
1783578355.453169,-23.596321,96.46665,-50.031105,-3.2269988,-2.6032465,-0.001682035,10,0.5000267028808594
1783578355.5533376,-23.89042,96.17838,-50.02989,-3.003032,-2.8907552,-0.007430743,10,0.5000267028808594
1783578355.6532488,-24.18417,95.837135,-50.029472,-2.739785,-3.1881485,-0.01768095,10,0.5000267028808594
1783578355.753295,-24.429922,95.49758,-50.030426,-2.473991,-3.4483907,-0.02758718,10,0.5000267028808594
1783578355.8533669,-24.665918,95.10506,-50.032906,-2.162081,-3.713294,-0.029299263,10,0.5000267028808594
1783578355.953499,-24.853909,94.72111,-50.03534,-1.8611087,-3.9431872,-0.017842365,10,0.5000267028808594
1783578356.053203,-25.024279,94.28367,-50.036263,-1.5322181,-4.1728597,0.010232574,10,0.5000267028808594
1783578356.1534803,-25.151665,93.8613,-50.034317,-1.2363089,-4.364138,0.037658338,10,0.5000267028808594
1783578356.2532883,-25.25938,93.3872,-50.029213,-0.93932134,-4.5446963,0.05965639,10,0.5000267028808594
1783578356.3533397,-25.334059,92.93701,-50.023167,-0.69580185,-4.686433,0.06363575,10,0.5000267028808594
1783578356.4532373,-25.392315,92.43852,-50.01699,-0.46655515,-4.809474,0.060329113,10,0.5000267028808594
1783578356.553278,-25.428217,91.97152,-50.011898,-0.2828132,-4.8929048,0.0593078,10,0.5000267028808594
1783578356.653369,-25.45163,91.461235,-50.007126,-0.119415306,-4.950711,0.056262277,10,0.5000267028808594
1783578356.7532933,-25.462591,90.98901,-50.003994,-0.006452856,-4.972926,0.049180295,10,0.5000267028808594
1783578356.8533292,-25.468111,90.47948,-50.002342,0.069918685,-4.965972,0.038112123,10,0.5000267028808594
1783578356.9535885,-25.472141,90.013596,-50.002224,0.096983574,-4.942033,0.026961993,10,0.5000267028808594
1783578357.0532472,-25.479095,89.51494,-50.003376,0.08284555,-4.9091015,0.01669959,10,0.5000267028808594
1783578357.153187,-25.491816,89.05983,-50.00519,0.036625363,-4.8811183,0.012775348,10,0.5000267028808594
1783578357.253233,-25.514973,88.57093,-50.0073,-0.034289762,-4.857463,0.013078358,10,0.5000267028808594
1783578357.3532312,-25.545095,88.12211,-50.00873,-0.10420981,-4.843056,0.015084842,10,0.5000267028808594
1783578357.4532752,-25.58706,87.63698,-50.010136,-0.17468716,-4.8347063,0.017186645,10,0.5000267028808594
1783578357.5533974,-25.632124,87.18863,-50.011074,-0.22885619,-4.832356,0.018965574,10,0.5000267028808594
1783578357.6533911,-25.685684,86.70257,-50.011585,-0.27359083,-4.83313,0.020156514,10,0.5000267028808594
1783578357.7532787,-25.737236,86.25283,-50.011654,-0.3011057,-4.835666,0.020648947,10,0.5000267028808594
1783578357.8532608,-25.79271,85.76356,-50.011097,-0.31649727,-4.8404818,0.02060941,10,0.5000267028808594
1783578357.9532125,-25.842619,85.31044,-50.010742,-0.3200373,-4.84545,0.019828381,10,0.5000267028808594
1783578358.0533566,-25.893911,84.8181,-50.0107,-0.3137264,-4.8513618,0.018829182,10,0.5000267028808594
1783578358.153267,-25.93799,84.36277,-50.010754,-0.3009404,-4.856622,0.018157495,10,0.5000267028808594
1783578358.2531927,-25.98145,83.869,-50.010567,-0.28113684,-4.861247,0.017450122,10,0.5000267028808594
1783578358.3532467,-26.01639,83.412735,-50.010086,-0.2583828,-4.864609,0.01705156,10,0.5000267028808594
1783578358.4534113,-26.049057,82.91819,-50.009823,-0.2310125,-4.8675303,0.01594426,10,0.5000267028808594
1783578358.5531957,-26.07428,82.460686,-50.01029,-0.20447318,-4.8699064,0.01464894,10,0.5000267028808594
1783578358.6533077,-26.095997,81.96425,-50.01093,-0.1751094,-4.8719516,0.014040666,10,0.5000267028808594
1783578358.7531023,-26.11173,81.50526,-50.011574,-0.14903654,-4.8741956,0.0141387,10,0.5000267028808594
1783578358.8532212,-26.124638,81.00697,-50.011574,-0.12305619,-4.877476,0.014576663,10,0.5000267028808594
1783578358.9531972,-26.132984,80.54631,-50.011154,-0.10152794,-4.8806744,0.014624332,10,0.5000267028808594
1783578359.0533817,-26.13853,80.04641,-50.01044,-0.0816768,-4.8848577,0.014551747,10,0.5000267028808594
1783578359.153142,-26.141169,79.58462,-50.009346,-0.06692436,-4.888439,0.013658819,10,0.5000267028808594
1783578359.253332,-26.141708,79.08413,-50.00779,-0.055677257,-4.892249,0.012457385,10,0.5000267028808594
1783578359.3532963,-26.140804,78.621735,-50.006016,-0.04974025,-4.8955693,0.010657983,10,0.5000267028808594
1783578359.4532826,-26.139347,78.12008,-50.00427,-0.04857934,-4.899311,0.008554807,10,0.5000267028808594
1783578359.5535595,-26.138227,77.655945,-50.002735,-0.051986877,-4.9032693,0.0063141915,10,0.5000267028808594
1783578359.6534293,-26.138075,77.15209,-50.001293,-0.06033853,-4.907601,0.0041579893,10,0.5000267028808594
1783578359.7531955,-26.139288,76.68653,-50.00041,-0.07136222,-4.9114614,0.0021328677,10,0.5000267028808594
1783578359.8532388,-26.142712,76.18216,-50.000504,-0.086316824,-4.9143,0.00024765276,10,0.5000267028808594
1783578359.9531872,-26.148077,75.71599,-50.001465,-0.10193059,-4.917179,-0.000987589,10,0.5000267028808594
1783578360.0533087,-26.156134,75.21029,-50.003407,-0.1197071,-4.920284,-0.00081453373,10,0.5000267028808594
1783578360.1533427,-26.165533,74.742546,-50.00506,-0.13633358,-4.923268,8.6595464e-05,10,0.5000267028808594
1783578360.253293,-26.17781,74.23498,-50.006107,-0.15396367,-4.926904,0.0015048286,10,0.5000267028808594
1783578360.3533537,-26.190845,73.76591,-50.006493,-0.16917986,-4.930103,0.0028269626,10,0.5000267028808594
1783578360.4533288,-26.20707,73.25668,-50.006474,-0.18475123,-4.933977,0.003309951,10,0.5000267028808594
1783578360.5533774,-26.223309,72.78584,-50.006176,-0.19738103,-4.9377036,0.0034360779,10,0.5000267028808594
1783578360.653319,-26.241251,72.27434,-50.00592,-0.20845649,-4.942232,0.0032126706,10,0.5000267028808594
1783578360.7534575,-26.257568,71.80132,-50.005814,-0.2163972,-4.946117,0.002828373,10,0.5000267028808594
1783578360.8532875,-26.274422,71.28847,-50.006226,-0.22228837,-4.9497833,0.0025204178,10,0.5000267028808594
1783578360.9532938,-26.289928,70.81443,-50.006504,-0.22644056,-4.952874,0.0024708821,10,0.5000267028808594
1783578361.0535905,-26.307018,70.30058,-50.006454,-0.23020655,-4.9559073,0.0023729946,10,0.5000267028808594
1783578361.1532242,-26.323198,69.8254,-50.0059,-0.23363997,-4.9586177,0.0023423024,10,0.5000267028808594
1783578361.2536767,-26.341599,69.31001,-50.004936,-0.23771152,-4.9616094,0.002076928,10,0.5000267028808594
1783578361.3532348,-26.359339,68.834465,-50.00365,-0.24163428,-4.9638944,0.0016463473,10,0.5000267028808594
1783578361.4532735,-26.378838,68.31901,-50.002064,-0.24578479,-4.966257,0.0004907201,10,0.5000267028808594
1783578361.5533543,-26.39654,67.84238,-50.00056,-0.24860269,-4.969056,-0.0012175842,10,0.5000267028808594
1783578361.6537185,-26.415102,67.32511,-49.998856,-0.2505928,-4.9725995,-0.0028495595,10,0.5000267028808594
1783578361.7532933,-26.432346,66.846886,-49.997517,-0.25203368,-4.97591,-0.0044265063,10,0.5000267028808594
1783578361.85344,-26.451576,66.32877,-49.99618,-0.2539844,-4.978592,-0.00629089,10,0.5000267028808594
1783578361.953174,-26.47065,65.84979,-49.995815,-0.25683343,-4.9816775,-0.008044487,10,0.5000267028808594
1783578362.05329,-26.492733,65.330086,-49.9965,-0.2607559,-4.9848113,-0.009247874,10,0.5000267028808594
1783578362.153133,-26.513288,64.850136,-49.99792,-0.2637656,-4.9877706,-0.009411824,10,0.5000267028808594
1783578362.2556794,-26.535873,64.330185,-49.999496,-0.26620013,-4.990603,-0.008487257,10,0.5000267028808594
1783578362.3531654,-26.557262,63.8507,-50.000626,-0.26806745,-4.9921765,-0.007209891,10,0.5000267028808594
1783578362.45321,-26.580736,63.331516,-50.001728,-0.26958656,-4.993319,-0.006020941,10,0.5000267028808594
1783578362.5539348,-26.60285,62.851902,-50.00323,-0.270727,-4.9946876,-0.0049058264,10,0.5000267028808594
1783578362.653215,-26.627447,62.331715,-50.005505,-0.27170625,-4.9965053,-0.0036673723,10,0.5000267028808594
1783578362.7532756,-26.6502,61.851162,-50.007454,-0.2720701,-4.998265,-0.0019838521,10,0.5000267028808594
1783578362.8532333,-26.675152,61.33073,-50.008923,-0.27217978,-5.0001807,0.00010585469,10,0.5000267028808594
1783578362.9531767,-26.699059,60.85151,-50.009766,-0.2724871,-5.0005836,0.0017277169,10,0.5000267028808594
1783578363.053189,-26.725325,60.33344,-50.0107,-0.2728364,-4.99975,0.0029790392,10,0.5000267028808594
1783578363.153299,-26.749624,59.855904,-50.011066,-0.27246568,-4.9984274,0.003735524,10,0.5000267028808594
1783578363.2531753,-26.776375,59.33903,-50.01097,-0.27228615,-4.997183,0.0041700657,10,0.5000267028808594
1783578363.3533046,-26.801537,58.861923,-50.0112,-0.27184847,-4.9966307,0.0043118577,10,0.5000267028808594
1783578363.4532773,-26.828512,58.345554,-50.010906,-0.27024305,-4.9961987,0.0044346675,10,0.5000267028808594
1783578363.5533233,-26.852432,57.868286,-50.01021,-0.26720497,-4.996971,0.004366659,10,0.5000267028808594
1783578363.653156,-26.876986,57.350346,-50.008976,-0.2626649,-4.997753,0.005552326,10,0.5000267028808594
1783578363.753398,-26.898314,56.872505,-50.007988,-0.25711098,-4.988697,0.0063577266,10,0.5000267028808594
1783578363.8533158,-26.920223,56.35718,-50.006905,-0.24958731,-4.9533057,0.0039359718,10,0.5000267028808594
1783578363.953515,-26.939802,55.88725,-50.006485,-0.24179693,-4.8862715,-0.0021852464,10,0.5000267028808594
1783578364.0531502,-26.960627,55.389374,-50.007717,-0.23263662,-4.770698,-0.0066562444,10,0.5000267028808594
1783578364.1533492,-26.978844,54.943874,-50.009018,-0.2160554,-4.6312013,-0.008714805,10,0.5000267028808594
1783578364.253176,-26.995712,54.48024,-50.01055,-0.17435388,-4.456163,-0.013686115,10,0.5000267028808594
1783578364.3535612,-27.00525,54.071095,-50.012028,-0.10217274,-4.2822595,-0.018311184,10,0.5000267028808594
1783578364.4532008,-27.004461,53.64781,-50.01447,0.021485562,-4.0972314,-0.026756076,10,0.5000267028808594
1783578364.5531693,-26.988142,53.2742,-50.017704,0.18331285,-3.9453697,-0.041919913,10,0.5000267028808594
1783578364.6533523,-26.947153,52.88463,-50.023262,0.41346952,-3.8153474,-0.06539287,10,0.5000267028808594
1783578364.7533386,-26.882565,52.534245,-50.02991,0.6716922,-3.736266,-0.07217536,10,0.5000267028808594
1783578364.8533292,-26.778223,52.15894,-50.0368,0.9890681,-3.6883683,-0.059639916,10,0.5000267028808594
1783578364.953324,-26.648287,51.812397,-50.041203,1.299217,-3.6740696,-0.037631407,10,0.5000267028808594
1783578365.0532107,-26.470547,51.43332,-50.04277,1.6342053,-3.6938963,-0.011592092,10,0.5000267028808594
1783578365.1533227,-26.273785,51.07552,-50.04182,1.9246793,-3.7490585,0.005272331,10,0.5000267028808594
1783578365.253319,-26.030928,50.675373,-50.03919,2.1983669,-3.847987,0.018273257,10,0.5000267028808594
1783578365.3534377,-25.785229,50.291134,-50.035522,2.4012191,-3.9686007,0.028738832,10,0.5000267028808594
1783578365.45365,-25.50369,49.856155,-50.03092,2.55916,-4.115411,0.040865697,10,0.5000267028808594
1783578365.5530975,-25.237011,49.437664,-50.026337,2.6454353,-4.2475047,0.046990026,10,0.5000267028808594
1783578365.6534894,-24.947721,48.968544,-50.02181,2.6731675,-4.368404,0.042929575,10,0.5000267028808594
1783578365.7533402,-24.686241,48.52516,-50.018497,2.6410937,-4.4508224,0.036680162,10,0.5000267028808594
1783578365.8533885,-24.415295,48.037777,-50.016327,2.5606136,-4.511711,0.034515455,10,0.5000267028808594
1783578365.9532611,-24.179482,47.584393,-50.014862,2.468903,-4.546498,0.03398613,10,0.5000267028808594
1783578366.0531542,-23.938837,47.093212,-50.01347,2.3685002,-4.5631785,0.03348512,10,0.5000267028808594
1783578366.1534152,-23.729406,46.641804,-50.01179,2.2834964,-4.5624833,0.032161687,10,0.5000267028808594
1783578366.2533984,-23.513815,46.156948,-50.0095,2.2045872,-4.5481515,0.029930443,10,0.5000267028808594
1783578366.3530283,-23.322834,45.71434,-50.007442,2.1459596,-4.526085,0.026795093,10,0.5000267028808594
1783578366.4530985,-23.122189,45.240158,-50.00537,2.0982692,-4.497164,0.022914393,10,0.5000267028808594
1783578366.5531712,-22.94044,44.80749,-50.003746,2.0686295,-4.467967,0.018509686,10,0.5000267028808594
1783578366.653148,-22.745628,44.34429,-50.002464,2.0506818,-4.4365597,0.0137052415,10,0.5000267028808594
1783578366.753128,-22.566029,43.921303,-50.001564,2.046456,-4.408837,0.010176818,10,0.5000267028808594
1783578366.853212,-22.369488,43.466885,-50.000072,2.054287,-4.3818398,0.007096478,10,0.5000267028808594
1783578366.953342,-22.185078,43.049934,-49.998413,2.0710359,-4.3613634,0.004191162,10,0.5000267028808594
1783578367.05357,-21.98084,42.60014,-49.996624,2.0969887,-4.344403,0.0014712464,10,0.5000267028808594
1783578367.15342,-21.78793,42.186367,-49.99526,2.1257746,-4.333811,-0.0012441133,10,0.5000267028808594
1783578367.253192,-21.574,41.738934,-49.9941,2.1598656,-4.3275843,-0.0041753007,10,0.5000267028808594
1783578367.3531783,-21.37175,41.326122,-49.99329,2.192571,-4.3263364,-0.006038566,10,0.5000267028808594
1783578367.4531603,-21.147501,40.878872,-49.992203,2.2276287,-4.328326,-0.0071355985,10,0.5000267028808594
1783578367.5531697,-20.936174,40.465836,-49.991444,2.257865,-4.332153,-0.0076007172,10,0.5000267028808594
1783578367.6534426,-20.703766,40.01841,-49.990814,2.2865117,-4.3368406,-0.008232933,10,0.5000267028808594
1783578367.7533407,-20.486593,39.605057,-49.990475,2.3086648,-4.341029,-0.008698304,10,0.5000267028808594
1783578367.8531945,-20.24864,39.156082,-49.990067,2.3281348,-4.346139,-0.009170579,10,0.5000267028808594
1783578367.9531617,-20.027575,38.74036,-49.98951,2.342373,-4.3515887,-0.009368807,10,0.5000267028808594
1783578368.053185,-19.786854,38.28896,-49.98874,2.3544385,-4.35745,-0.009882005,10,0.5000267028808594
1783578368.1533465,-19.56402,37.871307,-49.987934,2.362271,-4.3629713,-0.010641235,10,0.5000267028808594
1783578368.2533078,-19.322575,37.417824,-49.986927,2.3677769,-4.369255,-0.011468304,10,0.5000267028808594
1783578368.3533058,-19.099766,36.997948,-49.98629,2.37061,-4.3756065,-0.01269412,10,0.5000267028808594
1783578368.4532464,-18.858475,36.542927,-49.98614,2.3717742,-4.381787,-0.014001115,10,0.5000267028808594
1783578368.5533223,-18.636257,36.122795,-49.986122,2.3711195,-4.386467,-0.014641717,10,0.5000267028808594
1783578368.6531472,-18.39605,35.667038,-49.986465,2.36931,-4.3913093,-0.015283302,10,0.5000267028808594
1783578368.7531743,-18.17468,35.246296,-49.987206,2.366916,-4.3951435,-0.015371531,10,0.5000267028808594
1783578368.853271,-17.935072,34.79029,-49.988045,2.3639116,-4.3986316,-0.015510256,10,0.5000267028808594
1783578368.9534903,-17.71379,34.369743,-49.988857,2.3612497,-4.401456,-0.015039285,10,0.5000267028808594
1783578369.053556,-17.47398,33.914375,-49.98993,2.358438,-4.4040236,-0.014592838,10,0.5000267028808594
1783578369.1531596,-17.252226,33.493813,-49.99088,2.3563256,-4.406618,-0.013713198,10,0.5000267028808594
1783578369.253151,-17.011631,33.038223,-49.99226,2.3542595,-4.4092793,-0.012622955,10,0.5000267028808594
1783578369.353156,-16.789812,32.617687,-49.993786,2.3519065,-4.4116044,-0.01152269,10,0.5000267028808594
1783578369.453092,-16.549887,32.16204,-49.995518,2.3484747,-4.414481,-0.010257698,10,0.5000267028808594
1783578369.5531485,-16.329046,31.74139,-49.997707,2.344682,-4.4172535,-0.009134747,10,0.5000267028808594
1783578369.6531992,-16.09067,31.285477,-49.99993,2.3399367,-4.420096,-0.00700412,10,0.5000267028808594
1783578369.7531087,-15.871261,30.864298,-50.00135,2.3353567,-4.4228463,-0.0050481744,10,0.5000267028808594
1783578369.8531284,-15.63336,30.407299,-50.002552,2.33075,-4.426309,-0.0032705376,10,0.5000267028808594
1783578369.9531345,-15.412957,29.98509,-50.00303,2.3279538,-4.42954,-0.002125678,10,0.5000267028808594
1783578370.0532663,-15.173038,29.527533,-50.003548,2.3258119,-4.432512,-0.0011347524,10,0.5000267028808594
1783578370.1532629,-14.950426,29.105104,-50.00371,2.3247693,-4.434887,-0.0007172721,10,0.5000267028808594
1783578370.2533932,-14.708011,28.647467,-50.00363,2.3246937,-4.43726,-0.0003437951,10,0.5000267028808594
1783578370.3531492,-14.4831705,28.225908,-50.003162,2.3246937,-4.438555,6.95341e-05,10,0.5000267028808594
1783578370.453251,-14.239,27.769407,-50.002922,2.324071,-4.439722,-0.00023025853,10,0.5000267028808594
1783578370.553122,-14.01325,27.347742,-50.002686,2.3233674,-4.441403,-0.0008184417,10,0.5000267028808594
1783578370.6532018,-13.768699,26.89028,-50.001614,2.3212187,-4.4442487,-0.0011419286,10,0.5000267028808594
1783578370.7531364,-13.543686,26.46721,-50.00101,2.3179367,-4.4477196,-0.0019915034,10,0.5000267028808594
1783578370.853132,-13.30132,26.008747,-50.000664,2.3126004,-4.4513454,-0.0028826117,10,0.5000267028808594
1783578370.9531944,-13.079032,25.585207,-50.000824,2.306468,-4.454512,-0.0036398915,10,0.5000267028808594
1783578371.0534215,-12.838705,25.125685,-50.001278,2.2996836,-4.4588385,-0.0040137926,10,0.5000267028808594
1783578371.1531754,-12.617303,24.70047,-50.001724,2.2937036,-4.4632072,-0.0040053623,10,0.5000267028808594
1783578371.253189,-12.378557,24.238464,-50.002186,2.2872593,-4.468276,-0.003705813,10,0.5000267028808594
1783578371.3531535,-12.159067,23.811163,-50.002697,2.28171,-4.473189,-0.003464312,10,0.5000267028808594
1783578371.4531562,-11.921944,23.347454,-50.00293,2.2765663,-4.477977,-0.0029116748,10,0.5000267028808594
1783578371.5531473,-11.703679,22.918552,-50.00301,2.2719934,-4.4822807,-0.0025162348,10,0.5000267028808594
1783578371.6532037,-11.467538,22.453743,-50.003708,2.267699,-4.486145,-0.0023904217,10,0.5000267028808594
1783578371.7532063,-11.248966,22.024635,-50.0043,2.265228,-4.488653,-0.001964115,10,0.5000267028808594
1783578371.853321,-11.011513,21.560698,-50.004868,2.2642443,-4.489647,-0.001250599,10,0.5000267028808594
1783578371.953196,-10.79193,21.133574,-50.00545,2.2641537,-4.48918,-0.0005727254,10,0.5000267028808594
1783578372.0531583,-10.553478,20.67174,-50.006187,2.2646844,-4.487892,-0.00015173818,10,0.5000267028808594
1783578372.1531272,-10.333567,20.245932,-50.00726,2.2650814,-4.4864635,0.00028817783,10,0.5000267028808594
1783578372.253168,-10.095562,19.784395,-50.008163,2.2649527,-4.485534,0.0010382732,10,0.5000267028808594
1783578372.353216,-9.875869,19.357796,-50.00889,2.264527,-4.48555,0.0019592082,10,0.5000267028808594
1783578372.4531534,-9.638374,18.89572,-50.009407,2.2636094,-4.4857254,0.0028631045,10,0.5000267028808594
1783578372.5531385,-9.419919,18.46907,-50.009552,2.2617404,-4.486371,0.0035032951,10,0.5000267028808594
1783578372.6531315,-9.184061,18.005945,-50.009037,2.259243,-4.487752,0.0038353868,10,0.5000267028808594
1783578372.7531497,-8.96718,17.577415,-50.00726,2.25705,-4.4897094,0.003974105,10,0.5000267028808594
1783578372.8533852,-8.732504,17.112371,-50.004726,2.254949,-4.491946,0.002959022,10,0.5000267028808594
1783578372.9531553,-8.515778,16.683237,-50.002274,2.2539582,-4.4938684,0.0010653263,10,0.5000267028808594
1783578373.053354,-8.281309,16.218567,-50.00052,2.2536423,-4.4951,-0.0013922888,10,0.5000267028808594
1783578373.1532066,-8.065286,15.789723,-49.99996,2.2531092,-4.4956446,-0.0036668784,10,0.5000267028808594
1783578373.2533138,-7.8318133,15.325625,-50.00012,2.2528574,-4.495004,-0.0054245433,10,0.5000267028808594
1783578373.3533988,-7.6171417,14.897767,-50.001083,2.2524316,-4.4934535,-0.0062113865,10,0.5000267028808594
1783578373.4533083,-7.3851476,14.434818,-50.002792,2.251618,-4.4917006,-0.0058396705,10,0.5000267028808594
1783578373.5532978,-7.1715493,14.008045,-50.004395,2.251305,-4.4896865,-0.004948022,10,0.5000267028808594
1783578373.6532059,-6.940449,13.545992,-50.006004,2.251872,-4.487756,-0.0038466696,10,0.5000267028808594
1783578373.753295,-6.726579,13.119186,-50.00753,2.2539835,-4.4865513,-0.0025762895,10,0.5000267028808594
1783578373.853301,-6.494298,12.655523,-50.00814,2.2573023,-4.4864564,-0.00073650473,10,0.5000267028808594
1783578373.9532743,-6.27943,12.226224,-50.00804,2.260835,-4.4877,0.0005301824,10,0.5000267028808594
1783578374.0532181,-6.0467215,11.759323,-50.007195,2.2645702,-4.490265,0.0015468077,10,0.5000267028808594
1783578374.1532884,-5.831504,11.326558,-50.00655,2.268053,-4.4931097,0.0014016447,10,0.5000267028808594
1783578374.253207,-5.5979753,10.856354,-50.005642,2.2719173,-4.496083,0.0012846978,10,0.5000267028808594
1783578374.3533123,-5.3825345,10.422133,-50.004936,2.2748294,-4.497471,0.0007001901,10,0.5000267028808594
1783578374.4533148,-5.1492815,9.952147,-50.003963,2.277745,-4.497211,0.00030523402,10,0.5000267028808594
1783578374.5531733,-4.9343967,9.519336,-50.00284,2.2784843,-4.4933057,0.0013676087,10,0.5000267028808594
1783578374.6532888,-4.7024655,9.051805,-50.001556,2.2713888,-4.4742513,0.00085759105,10,0.5000267028808594
1783578374.7538726,-4.4897943,8.623281,-50.00055,2.2537103,-4.4301763,-0.0038262224,10,0.5000267028808594
1783578374.8533437,-4.2625146,8.166179,-49.999397,2.221101,-4.3450613,0.008552708,10,0.5000267028808594
1783578374.953277,-4.056633,7.7547584,-49.99445,2.18156,-4.236408,0.080186926,10,0.5000267028808594
1783578375.0532546,-3.8392098,7.3241096,-49.977173,2.1326091,-4.098606,0.21427995,10,0.5000267028808594
1783578375.1532545,-3.644391,6.9424767,-49.944572,2.0839963,-3.9607644,0.3780028,10,0.5000267028808594
1783578375.2532098,-3.4386218,6.5464525,-49.888165,2.0300412,-3.8067966,0.5929856,10,0.5000267028808594
1783578375.3532448,-3.2530177,6.1973157,-49.81278,1.9810705,-3.6636553,0.8229644,10,0.5000267028808594
1783578375.4533467,-3.056601,5.8364253,-49.702972,1.9280001,-3.5068958,1.0817457,10,0.5000267028808594
1783578375.5534549,-2.8797693,5.5186787,-49.57927,1.8740065,-3.3508205,1.2508507,10,0.5000267028808594
1783578375.653236,-2.693348,5.192806,-49.430172,1.8052763,-3.1712444,1.362358,10,0.5000267028808594
1783578375.7533195,-2.5270169,4.909536,-49.285748,1.7234031,-3.0016968,1.4182135,10,0.5000267028808594
1783578375.8532743,-2.356547,4.621258,-49.126965,1.6065718,-2.8217642,1.4425104,10,0.5000267028808594
1783578375.9532819,-2.2111523,4.3714294,-48.98203,1.479267,-2.6637871,1.4311771,10,0.5000267028808594
1783578376.053174,-2.0686452,4.1167774,-48.830334,1.3346156,-2.5040033,1.3853183,10,0.5000267028808594
1783578376.153146,-1.9506541,3.8953476,-48.69651,1.2111087,-2.3702002,1.3493792,10,0.5000267028808594
1783578376.253485,-1.8352937,3.6681337,-48.556362,1.0966023,-2.2393064,1.3349726,10,0.5000267028808594
1783578376.3532455,-1.7376876,3.4685056,-48.4286,1.0093286,-2.1281552,1.3367369,10,0.5000267028808594
1783578376.4533086,-1.6387724,3.2622457,-48.289227,0.93255246,-2.0160444,1.3554561,10,0.5000267028808594
1783578376.5531764,-1.5517523,3.0801358,-48.158924,0.8738462,-1.9183782,1.3733366,10,0.5000267028808594
1783578376.6531823,-1.4608598,2.891392,-48.015533,0.8213707,-1.8182143,1.3921182,10,0.5000267028808594
1783578376.7532253,-1.3796033,2.724846,-47.881607,0.7797961,-1.7302662,1.4071051,10,0.5000267028808594
1783578376.8532534,-1.2945443,2.5522275,-47.73508,0.74019575,-1.6401136,1.4217181,10,0.5000267028808594
1783578376.9532468,-1.2185729,2.3997526,-47.59917,0.70699316,-1.5609266,1.4331347,10,0.5000267028808594
1783578377.0532231,-1.1391389,2.2423532,-47.45139,0.67256254,-1.4789411,1.4443651,10,0.5000267028808594
1783578377.1537523,-1.0685941,2.1038742,-47.314796,0.6407539,-1.4065696,1.4538797,10,0.5000267028808594
1783578377.2532613,-0.9952581,1.9603492,-47.16507,0.60525405,-1.3323249,1.4639906,10,0.5000267028808594
1783578377.3588605,-0.93081486,1.8340056,-47.024857,0.5727563,-1.2667189,1.4721895,10,0.5000267028808594
1783578377.4531329,-0.8642279,1.7041066,-46.87217,0.5389815,-1.1980733,1.4794241,10,0.5000267028808594
1783578377.553281,-0.8051223,1.5905796,-46.73079,0.50913906,-1.1366305,1.4845076,10,0.5000267028808594
1783578377.653266,-0.74436426,1.473804,-46.577065,0.47695363,-1.0730075,1.4897372,10,0.5000267028808594
1783578377.753283,-0.6915376,1.3716574,-46.434982,0.4474174,-1.0166144,1.4936793,10,0.5000267028808594
1783578377.8532164,-0.63792664,1.2676231,-46.28105,0.41719663,-0.95779866,1.4979569,10,0.5000267028808594
1783578377.9532037,-0.59167105,1.1774801,-46.139084,0.39227405,-0.90561724,1.5010281,10,0.5000267028808594
1783578378.0533483,-0.5444186,1.0859468,-45.9852,0.36798814,-0.85158527,1.5039582,10,0.5000267028808594
1783578378.1532905,-0.5034496,1.0067376,-45.84338,0.3475299,-0.80355036,1.5061175,10,0.5000267028808594
1783578378.2531676,-0.4609541,0.92624027,-45.689674,0.3279282,-0.7534474,1.5086566,10,0.5000267028808594
1783578378.3531897,-0.42277643,0.8564648,-45.547718,0.31332025,-0.70885104,1.5107541,10,0.5000267028808594
1783578378.4533026,-0.38274476,0.78573847,-45.393044,0.29964235,-0.66203177,1.513237,10,0.5000267028808594
1783578378.5531404,-0.34681255,0.7246723,-45.249428,0.28784072,-0.62034774,1.5150068,10,0.5000267028808594
1783578378.6532013,-0.30916938,0.6624533,-45.09316,0.27439633,-0.5772358,1.516065,10,0.5000267028808594
1783578378.7531786,-0.27597785,0.6088087,-44.948658,0.26017657,-0.53866756,1.516234,10,0.5000267028808594
1783578378.85324,-0.24249886,0.55471456,-44.792614,0.24200195,-0.49883887,1.5161039,10,0.5000267028808594
1783578378.9531949,-0.21435411,0.5085567,-44.648323,0.22262804,-0.46341434,1.51622,10,0.5000267028808594
1783578379.0532367,-0.1875233,0.46171534,-44.491795,0.20020059,-0.42777845,1.5163803,10,0.5000267028808594
1783578379.1531649,-0.16653545,0.42169034,-44.34716,0.179333,-0.39653838,1.51604,10,0.5000267028808594
1783578379.2531676,-0.14786597,0.3820804,-44.191177,0.15689309,-0.3641307,1.5153183,10,0.5000267028808594
1783578379.353338,-0.13402532,0.3489381,-44.04759,0.13684261,-0.33555868,1.5149903,10,0.5000267028808594
1783578379.4533408,-0.1217308,0.31665453,-43.892166,0.11719403,-0.30602026,1.5150073,10,0.5000267028808594
1783578379.5532985,-0.11227135,0.2899917,-43.748703,0.10113461,-0.2804156,1.5153329,10,0.5000267028808594
1783578379.6534567,-0.10421533,0.26409203,-43.59317,0.08645334,-0.25454685,1.515891,10,0.5000267028808594
1783578379.7533164,-0.09813478,0.24295722,-43.449608,0.07659964,-0.23209156,1.5159466,10,0.5000267028808594
1783578379.8531988,-0.09291688,0.22247244,-43.29408,0.06843738,-0.20991196,1.516442,10,0.5000267028808594
1783578379.953156,-0.08931495,0.20515512,-43.15037,0.06215655,-0.19187942,1.5164843,10,0.5000267028808594
1783578380.0531628,-0.08640732,0.18819956,-42.99438,0.05669936,-0.17443772,1.5166497,10,0.5000267028808594
1783578380.1531665,-0.084542066,0.17416035,-42.850185,0.053726126,-0.16022716,1.5166773,10,0.5000267028808594
1783578380.2531686,-0.08303759,0.15981758,-42.693798,0.052424144,-0.14764248,1.516593,10,0.5000267028808594
1783578380.3533947,-0.08178374,0.14762205,-42.549637,0.05223452,-0.1375759,1.5160133,10,0.5000267028808594
1783578380.453259,-0.08074957,0.13569152,-42.39361,0.0526806,-0.1283421,1.5158064,10,0.5000267028808594
1783578380.5531604,-0.08022593,0.12539971,-42.249737,0.053672858,-0.12127611,1.5157455,10,0.5000267028808594
1783578380.6531565,-0.08043919,0.11490783,-42.093952,0.054249883,-0.11500766,1.515541,10,0.5000267028808594
1783578380.7532065,-0.08099686,0.105562225,-41.949924,0.053821765,-0.11065498,1.51543,10,0.5000267028808594
1783578380.8533828,-0.08193441,0.09606869,-41.793354,0.052967265,-0.106364734,1.515852,10,0.5000267028808594
1783578380.9532402,-0.083027154,0.08832187,-41.648388,0.05211434,-0.1024286,1.5154278,10,0.5000267028808594
1783578381.0534842,-0.08443892,0.08123785,-41.491356,0.05107986,-0.09743886,1.5146017,10,0.5000267028808594
1783578381.1531825,-0.08635967,0.07592581,-41.346107,0.04976948,-0.09281614,1.5139765,10,0.5000267028808594
1783578381.2531471,-0.0891645,0.07153538,-41.188396,0.048761908,-0.087748855,1.5130117,10,0.5000267028808594
1783578381.3531637,-0.091797516,0.06813094,-41.04345,0.04896387,-0.08373267,1.5117775,10,0.5000267028808594
1783578381.4535398,-0.09521618,0.06517995,-40.886692,0.049818173,-0.07986131,1.5105577,10,0.5000267028808594
1783578381.553223,-0.09890946,0.06328991,-40.742188,0.05138066,-0.07659739,1.5095062,10,0.5000267028808594
1783578381.6531775,-0.10240599,0.062325235,-40.58605,0.05467308,-0.073196895,1.5088813,10,0.5000267028808594
1783578381.753265,-0.10474521,0.062438253,-40.442566,0.059650693,-0.070088506,1.5085105,10,0.5000267028808594
1783578381.8532355,-0.10622993,0.0633036,-40.28761,0.06618743,-0.06679833,1.5087546,10,0.5000267028808594
1783578381.9533591,-0.106953375,0.06444218,-40.144672,0.071996376,-0.06470463,1.509179,10,0.5000267028808594
1783578382.053246,-0.10694334,0.065035634,-39.989647,0.07830872,-0.06420616,1.5103284,10,0.5000267028808594
1783578382.1533,-0.10594053,0.06469202,-39.84601,0.08425179,-0.065224044,1.5112392,10,0.5000267028808594
1783578382.2534137,-0.10468601,0.06309577,-39.689747,0.08949532,-0.06802572,1.5123405,10,0.5000267028808594
1783578382.353227,-0.10371576,0.060472764,-39.545753,0.09345037,-0.07166059,1.5124235,10,0.5000267028808594
1783578382.4532225,-0.102536455,0.05667234,-39.389923,0.09645285,-0.07588665,1.5125536,10,0.5000267028808594
1783578382.5532742,-0.101385884,0.052501936,-39.246174,0.09841111,-0.07965043,1.5124638,10,0.5000267028808594
1783578382.6531458,-0.100342885,0.04728521,-39.090023,0.0994595,-0.08305449,1.5130452,10,0.5000267028808594
1783578382.7531016,-0.099322215,0.04226629,-38.945374,0.10020039,-0.08520161,1.5131149,10,0.5000267028808594
1783578382.853163,-0.097629905,0.03657628,-38.788044,0.10117712,-0.08650348,1.5128416,10,0.5000267028808594
1783578382.9531617,-0.09523891,0.031373996,-38.64253,0.102389835,-0.08620869,1.511913,10,0.5000267028808594
1783578383.0532627,-0.0921917,0.026064824,-38.48519,0.10324715,-0.084933765,1.5108086,10,0.5000267028808594
1783578383.1531415,-0.08910687,0.021727726,-38.34036,0.10369022,-0.08240497,1.5094887,10,0.5000267028808594
1783578383.2533424,-0.08479506,0.017854076,-38.184303,0.10458528,-0.07871644,1.5083677,10,0.5000267028808594
1783578383.3532033,-0.08014396,0.015068778,-38.04146,0.10548158,-0.074619666,1.5076572,10,0.5000267028808594
1783578383.4531758,-0.07432324,0.012537641,-37.886642,0.10640961,-0.06994971,1.5081719,10,0.5000267028808594
1783578383.55312,-0.06826201,0.010608692,-37.744137,0.10683095,-0.06592542,1.5089526,10,0.5000267028808594
1783578383.6531243,-0.061184447,0.008548891,-37.58973,0.10666874,-0.06213018,1.5101641,10,0.5000267028808594
1783578383.7531471,-0.055116735,0.0065795872,-37.446735,0.10510498,-0.05925042,1.5115199,10,0.5000267028808594
1783578383.8532221,-0.049046103,0.004143528,-37.29103,0.10228756,-0.056578152,1.5129863,10,0.5000267028808594
1783578383.953137,-0.043543767,0.0022870281,-37.14673,0.09844203,-0.05458683,1.5136989,10,0.5000267028808594
1783578384.0531552,-0.03754834,0.001318676,-36.99011,0.093874685,-0.05139355,1.5140799,10,0.5000267028808594
1783578384.15317,-0.032385577,0.0014493904,-36.845577,0.08924869,-0.047811106,1.5140318,10,0.5000267028808594
1783578384.2531455,-0.02768244,0.0019731382,-36.68925,0.08316201,-0.044100042,1.5138057,10,0.5000267028808594
1783578384.3532658,-0.024348058,0.0021226362,-36.545372,0.077309266,-0.04135866,1.5133642,10,0.5000267028808594
1783578384.453161,-0.021692822,0.0018030403,-36.38929,0.07058604,-0.0396301,1.5134718,10,0.5000267028808594
1783578384.5532372,-0.019771574,0.0012687697,-36.245247,0.06457014,-0.038488984,1.5130805,10,0.5000267028808594
1783578384.653149,-0.017841833,0.0013356175,-36.089012,0.05835513,-0.036927313,1.5129257,10,0.5000267028808594
1783578384.7531986,-0.016143112,0.0021606835,-35.94442,0.05340869,-0.035058383,1.5125021,10,0.5000267028808594
1783578384.8531282,-0.014072571,0.0030641814,-35.787525,0.049158126,-0.03332323,1.5123422,10,0.5000267028808594
1783578384.953129,-0.012077346,0.0035142822,-35.642006,0.04627403,-0.032452717,1.5120404,10,0.5000267028808594
1783578385.0531983,-0.009622992,0.0038116123,-35.48431,0.043643143,-0.031690165,1.5111119,10,0.5000267028808594
1783578385.1531749,-0.007253388,0.0034307013,-35.33906,0.041324332,-0.031768765,1.509464,10,0.5000267028808594
1783578385.2532787,-0.0045583714,0.0025474757,-35.182526,0.03909319,-0.032375973,1.5075713,10,0.5000267028808594
1783578385.3531892,-0.0018174483,0.0016058142,-35.038532,0.037107054,-0.032803226,1.5065656,10,0.5000267028808594
1783578385.4532058,0.0012510653,0.0002641629,-34.882526,0.034557674,-0.03327115,1.5060205,10,0.5000267028808594
1783578385.5531425,0.003837204,-0.0012863575,-34.738316,0.031921495,-0.033495314,1.5057381,10,0.5000267028808594
1783578385.653202,0.0065921335,-0.0030365356,-34.581863,0.028978521,-0.033854075,1.5056263,10,0.5000267028808594
1783578385.7533357,0.009448633,-0.00432432,-34.437225,0.026265278,-0.0333289,1.5051608,10,0.5000267028808594
1783578385.8532107,0.012356851,-0.0057977894,-34.280407,0.023667036,-0.0324187,1.5047628,10,0.5000267028808594
1783578385.9531126,0.014717642,-0.007347137,-34.135727,0.021260133,-0.031632755,1.5041728,10,0.5000267028808594
1783578386.0531735,0.016559707,-0.008687724,-33.979347,0.018215332,-0.030546982,1.503636,10,0.5000267028808594
1783578386.153194,0.018121216,-0.009314572,-33.83563,0.015951803,-0.028907059,1.5029263,10,0.5000267028808594
1783578386.2531846,0.020100204,-0.009174033,-33.68016,0.013938999,-0.026862727,1.5026876,10,0.5000267028808594
1783578386.353185,0.021966808,-0.008541443,-33.5369,0.012534244,-0.024712903,1.5030073,10,0.5000267028808594
1783578386.4531627,0.023960615,-0.007452965,-33.382122,0.010533743,-0.02218406,1.5036305,10,0.5000267028808594
1783578386.5531836,0.02606038,-0.0061001666,-33.23928,0.008965765,-0.020248462,1.5044018,10,0.5000267028808594
1783578386.6532156,0.02835998,-0.0046461015,-33.084305,0.007176122,-0.018736672,1.5058314,10,0.5000267028808594
1783578386.7532105,0.029959172,-0.0032210862,-32.941196,0.0051979455,-0.01770208,1.5068725,10,0.5000267028808594
1783578386.8534377,0.03098481,-0.0019354039,-32.785885,0.0023107799,-0.017565569,1.5081738,10,0.5000267028808594
1783578386.9532874,0.03144384,-0.001306418,-32.642303,-0.00077347335,-0.01825547,1.5089008,10,0.5000267028808594
1783578387.0532281,0.031931404,-0.00090897037,-32.48639,-0.003951282,-0.01906797,1.5097638,10,0.5000267028808594
1783578387.153291,0.032393277,-0.0005896258,-32.3422,-0.0063860826,-0.01953977,1.5099186,10,0.5000267028808594
1783578387.253236,0.032877836,0.00012272102,-32.186382,-0.009005953,-0.019652162,1.5101153,10,0.5000267028808594
1783578387.3531528,0.033571944,0.0007627484,-32.042694,-0.011051637,-0.019623924,1.5098096,10,0.5000267028808594
1783578387.453197,0.03463432,0.0015398692,-31.887318,-0.012506693,-0.019294271,1.5098673,10,0.5000267028808594
1783578387.553245,0.03610735,0.0024884613,-31.743582,-0.0129535785,-0.018913819,1.5102701,10,0.5000267028808594
1783578387.653253,0.037624914,0.0033628556,-31.587513,-0.013816117,-0.018903237,1.5109452,10,0.5000267028808594
1783578387.753178,0.038978327,0.0043363725,-31.443186,-0.014456373,-0.019136032,1.5111947,10,0.5000267028808594
1783578387.8532138,0.04023267,0.0055666347,-31.287083,-0.015585026,-0.019538099,1.5110939,10,0.5000267028808594
1783578387.95316,0.040994167,0.0062547303,-31.142916,-0.017263103,-0.02050204,1.5112085,10,0.5000267028808594
1783578388.0531914,0.041861266,0.0067083403,-30.986538,-0.01912443,-0.021900922,1.5113815,10,0.5000267028808594
1783578388.15341,0.042771053,0.007662818,-30.84215,-0.02067311,-0.022390343,1.5108098,10,0.5000267028808594
1783578388.253137,0.04333075,0.008799167,-30.686249,-0.022562606,-0.022550184,1.5104252,10,0.5000267028808594
1783578388.3531694,0.043583833,0.009530271,-30.542599,-0.024447544,-0.023077523,1.5101898,10,0.5000267028808594
1783578388.4531655,0.043209113,0.009774741,-30.38689,-0.026795251,-0.024217213,1.5104623,10,0.5000267028808594
1783578388.5532758,0.04283011,0.009299209,-30.243513,-0.02823365,-0.025398161,1.5103238,10,0.5000267028808594
1783578388.6534665,0.043252476,0.00825707,-30.088419,-0.028954396,-0.026700228,1.5110183,10,0.5000267028808594
1783578388.7531877,0.044335973,0.007385872,-29.945173,-0.028547948,-0.02724874,1.5114337,10,0.5000267028808594
1783578388.8531563,0.04680206,0.006846662,-29.789394,-0.027368132,-0.027226916,1.5122391,10,0.5000267028808594
1783578388.9537342,0.050009873,0.006275288,-29.64496,-0.025733719,-0.026943844,1.5124878,10,0.5000267028808594
1783578389.0531332,0.05364714,0.0059536234,-29.488457,-0.024137972,-0.026077792,1.5127891,10,0.5000267028808594
1783578389.1531491,0.056860056,0.0060311696,-29.343676,-0.02381814,-0.025287071,1.5124326,10,0.5000267028808594
1783578389.2530963,0.05990237,0.006213347,-29.1858,-0.024392644,-0.02421485,1.5121385,10,0.5000267028808594
1783578389.3531628,0.062177368,0.006223642,-29.039719,-0.026193488,-0.023586301,1.5107821,10,0.5000267028808594
1783578389.4531457,0.06412764,0.005883077,-28.881136,-0.028639568,-0.02294871,1.5091077,10,0.5000267028808594
1783578389.5531604,0.06563721,0.0049745077,-28.734596,-0.031027455,-0.022984032,1.5067731,10,0.5000267028808594
1783578389.65316,0.06657224,0.0034378935,-28.575632,-0.033978067,-0.023291659,1.5044265,10,0.5000267028808594
1783578389.753292,0.066541344,0.0015817115,-28.429005,-0.03720327,-0.023495626,1.5016483,10,0.5000267028808594
1783578389.8530982,0.06580246,-0.00074862904,-28.270678,-0.040272225,-0.023756161,1.4988146,10,0.5000267028808594
1783578389.953086,0.06437689,-0.003247527,-28.124928,-0.043495137,-0.02385805,1.496202,10,0.5000267028808594
1783578390.053204,0.061777532,-0.0061565684,-27.967196,-0.046966013,-0.023545936,1.4939508,10,0.5000267028808594
1783578390.1532102,0.058659025,-0.008955967,-27.822187,-0.04971767,-0.02309473,1.4919946,10,0.5000267028808594
1783578390.2531705,0.054303095,-0.011987863,-27.66555,-0.05296512,-0.022328649,1.4904034,10,0.5000267028808594
1783578390.3532398,0.049508058,-0.01461577,-27.521353,-0.055262964,-0.021118483,1.4889864,10,0.5000267028808594
1783578390.4539726,0.044699695,-0.01773505,-27.365416,-0.05641346,-0.020049414,1.4884062,10,0.5000267028808594
1783578390.553263,0.040530585,-0.020500433,-27.22204,-0.05636472,-0.018748654,1.4882808,10,0.5000267028808594
1783578390.6531792,0.03642603,-0.023716506,-27.06727,-0.05521389,-0.017293403,1.4888408,10,0.5000267028808594
1783578390.7532012,0.033001382,-0.027247392,-26.92445,-0.05329454,-0.01604119,1.4892169,10,0.5000267028808594
1783578390.8532176,0.029814493,-0.0312752,-26.769672,-0.050703295,-0.014921572,1.490451,10,0.5000267028808594
1783578390.9531357,0.027569328,-0.03483242,-26.626444,-0.047790527,-0.013232625,1.4914715,10,0.5000267028808594
1783578391.05314,0.025853615,-0.038196035,-26.47088,-0.044011492,-0.01091281,1.4928247,10,0.5000267028808594
1783578391.1531444,0.024736082,-0.040633142,-26.3271,-0.0406217,-0.008163335,1.4933727,10,0.5000267028808594
1783578391.2531645,0.024839567,-0.04254406,-26.171642,-0.03608507,-0.0044552526,1.493759,10,0.5000267028808594
1783578391.3531313,0.025383534,-0.04354244,-26.028318,-0.0326617,-0.00055198994,1.4940113,10,0.5000267028808594
1783578391.4531474,0.0263288,-0.043544915,-25.873722,-0.02912306,0.004245541,1.4944494,10,0.5000267028808594
1783578391.5530884,0.027575001,-0.04263511,-25.730906,-0.026248926,0.008669093,1.4957961,10,0.5000267028808594
1783578391.6531563,0.028985962,-0.04125395,-25.575573,-0.023974832,0.012523982,1.4974483,10,0.5000267028808594
1783578391.7530968,0.030078078,-0.03965522,-25.431503,-0.02276964,0.015770435,1.4981765,10,0.5000267028808594
1783578391.8531454,0.030581936,-0.037512086,-25.275112,-0.022769492,0.01844015,1.4994485,10,0.5000267028808594
1783578391.95309,0.0300316,-0.03488064,-25.130877,-0.023821441,0.020616615,1.4993112,10,0.5000267028808594
1783578392.0536547,0.028455239,-0.03156753,-24.97449,-0.025659798,0.02258063,1.4994842,10,0.5000267028808594
1783578392.1531699,0.026268937,-0.028807664,-24.830257,-0.027588032,0.023102846,1.4987419,10,0.5000267028808594
1783578392.2531075,0.023298912,-0.02617221,-24.674551,-0.029487213,0.02283725,1.4985518,10,0.5000267028808594
1783578392.3531687,0.020087339,-0.023871157,-24.531254,-0.03126892,0.021888051,1.4983166,10,0.5000267028808594
1783578392.4533582,0.016373033,-0.021288747,-24.376078,-0.03219376,0.020910267,1.4988046,10,0.5000267028808594
1783578392.5530891,0.013124039,-0.018960375,-24.232899,-0.032255612,0.019607956,1.4990464,10,0.5000267028808594
1783578392.6533458,0.010372007,-0.016869875,-24.077927,-0.030890608,0.017951047,1.4998097,10,0.5000267028808594
1783578392.7531044,0.00845345,-0.015069575,-23.935146,-0.029011201,0.01641165,1.5003934,10,0.5000267028808594
1783578392.8531117,0.007246098,-0.013136672,-23.780462,-0.025843304,0.014724666,1.5020759,10,0.5000267028808594
1783578392.9531076,0.0066666254,-0.011468951,-23.63743,-0.023065738,0.013094691,1.502971,10,0.5000267028808594
1783578393.0530624,0.0066130077,-0.009808792,-23.48233,-0.020338245,0.011257234,1.5042326,10,0.5000267028808594
1783578393.1530554,0.007452946,-0.008164349,-23.338762,-0.017716317,0.0094212005,1.5052891,10,0.5000267028808594
1783578393.2531135,0.009131866,-0.0064112623,-23.182947,-0.014834816,0.007322813,1.5059491,10,0.5000267028808594
1783578393.3531308,0.011563224,-0.0045914534,-23.03912,-0.012302661,0.005636568,1.5063068,10,0.5000267028808594
1783578393.4531,0.014502463,-0.0030062243,-22.88318,-0.010233798,0.0038291144,1.506955,10,0.5000267028808594
1783578393.5530953,0.017194374,-0.0018469343,-22.738827,-0.008992556,0.0022318636,1.507083,10,0.5000267028808594
1783578393.6531334,0.020428274,-0.0006631009,-22.582455,-0.008486328,0.0005617913,1.5071077,10,0.5000267028808594
1783578393.753097,0.022969017,0.0006129501,-22.438229,-0.008873825,-0.0006307853,1.5068417,10,0.5000267028808594
1783578393.8530796,0.024841044,0.0018310986,-22.2818,-0.010779371,-0.0019988846,1.5069463,10,0.5000267028808594
1783578393.9531193,0.02559332,0.0024338947,-22.137112,-0.0134501,-0.0036421772,1.5063506,10,0.5000267028808594
1783578394.0530605,0.025399162,0.0027220615,-21.980087,-0.017083837,-0.0056821518,1.5059719,10,0.5000267028808594
1783578394.1531215,0.024385093,0.0028573994,-21.834995,-0.020532178,-0.0073950836,1.5051239,10,0.5000267028808594
1783578394.253111,0.023278043,0.0028942793,-21.677942,-0.02366055,-0.008962623,1.504128,10,0.5000267028808594
1783578394.3535688,0.022450477,0.0031180663,-21.533072,-0.02532782,-0.009965204,1.5031298,10,0.5000267028808594
1783578394.453096,0.02108981,0.0032094913,-21.376265,-0.026545022,-0.01079217,1.5020567,10,0.5000267028808594
1783578394.5531628,0.01933468,0.0025843533,-21.232105,-0.027283948,-0.011847534,1.5006906,10,0.5000267028808594
1783578394.6532333,0.016906315,0.0017495429,-21.076347,-0.02810028,-0.01290305,1.5002637,10,0.5000267028808594
1783578394.7534702,0.01427395,0.001081589,-20.932894,-0.028642006,-0.013256361,1.4999157,10,0.5000267028808594
1783578394.8532493,0.011172925,0.00039402983,-20.77769,-0.029143278,-0.013216197,1.4998497,10,0.5000267028808594
1783578394.9532106,0.008723577,9.179021e-05,-20.634174,-0.028779801,-0.012907474,1.5004082,10,0.5000267028808594
1783578395.053081,0.006494296,1.5689418e-05,-20.478542,-0.027589293,-0.012187411,1.5009118,10,0.5000267028808594
1783578395.1530664,0.00422705,0.000116737596,-20.335073,-0.026964085,-0.01168427,1.5011669,10,0.5000267028808594
1783578395.2530813,0.001804447,0.00016351571,-20.179577,-0.025903063,-0.011449099,1.5019507,10,0.5000267028808594
1783578395.353111,5.390686e-05,-0.00017578251,-20.036127,-0.024235683,-0.011418142,1.5023123,10,0.5000267028808594
1783578395.4530067,-0.000932899,-0.0007592845,-19.881195,-0.02173457,-0.011692985,1.5029275,10,0.5000267028808594
1783578395.5531034,-0.0005450865,-0.001425924,-19.738508,-0.018801864,-0.0119886715,1.5035585,10,0.5000267028808594
1783578395.6531937,0.0011340168,-0.0020109252,-19.58362,-0.014892659,-0.011941484,1.5048822,10,0.5000267028808594
1783578395.7532268,0.0036062507,-0.0019211628,-19.439938,-0.011315467,-0.011122365,1.506022,10,0.5000267028808594
1783578395.8531435,0.006665262,-0.0012280617,-19.284067,-0.008053659,-0.010315788,1.5071794,10,0.5000267028808594
1783578395.9530663,0.00949868,-0.00046806215,-19.140293,-0.0059072943,-0.009455213,1.5074406,10,0.5000267028808594
1783578396.0530913,0.012584461,0.00022810594,-18.984316,-0.0043866015,-0.008936156,1.5080062,10,0.5000267028808594
1783578396.1532362,0.015010894,0.00087633746,-18.840174,-0.00416175,-0.008335799,1.5082964,10,0.5000267028808594
1783578396.2531712,0.01727403,0.0020675347,-18.683788,-0.0050947075,-0.0071746544,1.5085227,10,0.5000267028808594
1783578396.3530543,0.018747356,0.0036464639,-18.539135,-0.006907726,-0.006043637,1.5080947,10,0.5000267028808594
1783578396.4531982,0.019617189,0.005606755,-18.382195,-0.009648283,-0.0050541456,1.5078812,10,0.5000267028808594
1783578396.5532222,0.019731598,0.007379117,-18.23703,-0.012567633,-0.004442387,1.5068988,10,0.5000267028808594
1783578396.6532016,0.019602435,0.009077504,-18.079924,-0.015729278,-0.0044719502,1.505854,10,0.5000267028808594
1783578396.7531157,0.019380745,0.01029316,-17.935284,-0.018107828,-0.0051451284,1.5047389,10,0.5000267028808594
1783578396.8531258,0.01817884,0.011677105,-17.779123,-0.020500809,-0.0060037035,1.5036498,10,0.5000267028808594
1783578396.9531236,0.016022079,0.01283955,-17.635077,-0.022842554,-0.007026774,1.503,10,0.5000267028808594
1783578397.0532188,0.012765577,0.013348345,-17.479189,-0.025052866,-0.0085975975,1.5029113,10,0.5000267028808594
1783578397.153114,0.009341808,0.013102199,-17.335194,-0.026305351,-0.010430144,1.5027217,10,0.5000267028808594
1783578397.2531233,0.0057933405,0.012010029,-17.179174,-0.026786633,-0.012619138,1.5029911,10,0.5000267028808594
1783578397.3530889,0.0024131658,0.010756197,-17.035387,-0.026524652,-0.014380302,1.502643,10,0.5000267028808594
1783578397.4531384,-0.0011156006,0.008929046,-16.879747,-0.025593884,-0.016158901,1.5028939,10,0.5000267028808594
1783578397.5530896,-0.0037132301,0.0070910617,-16.736464,-0.023877073,-0.01730173,1.5030947,10,0.5000267028808594
1783578397.6531641,-0.0064452044,0.0048051574,-16.58097,-0.02156366,-0.018558795,1.5038514,10,0.5000267028808594
1783578397.7531323,-0.009349475,0.00249515,-16.43708,-0.020079812,-0.019356562,1.5041931,10,0.5000267028808594
1783578397.8531344,-0.013239426,8.698868e-05,-16.280506,-0.019261496,-0.019655596,1.504851,10,0.5000267028808594
1783578397.9532287,-0.017139517,-0.0022663465,-16.135998,-0.018761497,-0.01946212,1.504612,10,0.5000267028808594
1783578398.0532014,-0.020984225,-0.005424986,-15.979307,-0.017558675,-0.019474916,1.5041715,10,0.5000267028808594
1783578398.1535523,-0.024137525,-0.008723759,-15.834469,-0.015436825,-0.019310128,1.5036948,10,0.5000267028808594
1783578398.253215,-0.026581863,-0.012283718,-15.677277,-0.012095269,-0.018748965,1.5030601,10,0.5000267028808594
1783578398.3531666,-0.027649947,-0.015173546,-15.531973,-0.008039513,-0.01731845,1.5018835,10,0.5000267028808594
1783578398.453314,-0.027970122,-0.01800212,-15.374746,-0.0030894645,-0.0152227385,1.5005418,10,0.5000267028808594
1783578398.5532408,-0.027629878,-0.020050837,-15.230303,0.0011420116,-0.012552542,1.4989158,10,0.5000267028808594
1783578398.653111,-0.026708167,-0.02200488,-15.074928,0.0054914015,-0.009777798,1.4977922,10,0.5000267028808594
1783578398.7531674,-0.025702663,-0.02374131,-14.932285,0.00852371,-0.0072336993,1.4975747,10,0.5000267028808594
1783578398.8531513,-0.024901763,-0.025149332,-14.778076,0.010487609,-0.004346653,1.4984839,10,0.5000267028808594
1783578398.953093,-0.024188338,-0.025514849,-14.635704,0.011348896,-0.0013779443,1.4995103,10,0.5000267028808594
1783578399.0531764,-0.022640387,-0.02481988,-14.480993,0.012536874,0.0022662613,1.5014856,10,0.5000267028808594
1783578399.1531477,-0.020276016,-0.0229226,-14.337471,0.013793571,0.005999286,1.5032103,10,0.5000267028808594
1783578399.2531161,-0.01745512,-0.01985068,-14.181444,0.014541995,0.010087703,1.5045089,10,0.5000267028808594
1783578399.353096,-0.014760883,-0.01685319,-14.037107,0.015047881,0.012801401,1.5048556,10,0.5000267028808594
1783578399.4531407,-0.011541304,-0.013841577,-13.880974,0.015497007,0.014139255,1.5052845,10,0.5000267028808594
1783578399.5532281,-0.0084161945,-0.011381625,-13.73704,0.015634015,0.014570852,1.5051084,10,0.5000267028808594
1783578399.6531901,-0.0059737205,-0.008712272,-13.581123,0.0143531775,0.014036975,1.5051712,10,0.5000267028808594
1783578399.753174,-0.004829323,-0.0057648057,-13.437279,0.012029138,0.0135683175,1.5051205,10,0.5000267028808594
1783578399.853209,-0.0038217385,-0.0020837989,-13.281166,0.009170628,0.013269579,1.5053136,10,0.5000267028808594
1783578399.953171,-0.0026267783,0.0015723003,-13.136982,0.0068666143,0.012779684,1.5054684,10,0.5000267028808594
1783578400.0532093,-0.0017479219,0.00515678,-12.98049,0.0043365634,0.011464813,1.5056233,10,0.5000267028808594
1783578400.153137,-0.0016750139,0.008134388,-12.835773,0.0017970335,0.010055719,1.5052186,10,0.5000267028808594
1783578400.2531385,-0.0024737953,0.010459503,-12.679243,-0.001154831,0.0071371007,1.5045956,10,0.5000267028808594
1783578400.3531213,-0.0037794472,0.011629283,-12.535076,-0.0039168913,0.0039399024,1.504013,10,0.5000267028808594
1783578400.453141,-0.0057708314,0.011707716,-12.379133,-0.006713431,-0.00023348449,1.5032966,10,0.5000267028808594
1783578400.553129,-0.007956465,0.011343833,-12.235584,-0.0089997705,-0.004098012,1.5029851,10,0.5000267028808594
1783578400.6531355,-0.010037865,0.010571479,-12.080221,-0.010213726,-0.0076576653,1.5031989,10,0.5000267028808594
1783578400.753179,-0.011114485,0.009690792,-11.936974,-0.009995266,-0.010289007,1.5034509,10,0.5000267028808594
1783578400.8531444,-0.011251638,0.008606963,-11.782112,-0.008398122,-0.012340079,1.5041311,10,0.5000267028808594
1783578400.9530852,-0.01135875,0.0072090635,-11.639137,-0.0067240465,-0.0140547,1.5048437,10,0.5000267028808594
1783578401.053197,-0.011711147,0.0057609812,-11.484299,-0.0051692612,-0.015169599,1.5060277,10,0.5000267028808594
1783578401.1533084,-0.011749697,0.0046079457,-11.341326,-0.0038762297,-0.015511152,1.5068723,10,0.5000267028808594
1783578401.253188,-0.011259287,0.0033969108,-11.186508,-0.0022574754,-0.015839444,1.5081034,10,0.5000267028808594
1783578401.353209,-0.010792865,0.0027175818,-11.04319,-0.0010797029,-0.015391407,1.5092396,10,0.5000267028808594
1783578401.4531722,-0.010142233,0.002559918,-10.88719,-0.00012195746,-0.014205405,1.510408,10,0.5000267028808594
1783578401.5531535,-0.009526301,0.0028098363,-10.742846,0.0002831797,-0.01268532,1.5107776,10,0.5000267028808594
1783578401.6531556,-0.008438684,0.003244922,-10.586456,0.0009916186,-0.011309613,1.5106113,10,0.5000267028808594
1783578401.753211,-0.0071271462,0.004074934,-10.442341,0.0016328045,-0.010137196,1.5101457,10,0.5000267028808594
1783578401.8532035,-0.00586519,0.0049121305,-10.28619,0.001574722,-0.009044507,1.5100359,10,0.5000267028808594
1783578401.953107,-0.0046233614,0.0053228317,-10.141985,0.0013512019,-0.0085204635,1.5097634,10,0.5000267028808594
1783578402.0531526,-0.0036428687,0.0055486076,-9.985556,0.0006340669,-0.008490477,1.5098424,10,0.5000267028808594
1783578402.153109,-0.003068657,0.0056369244,-9.841818,-0.0006490696,-0.008751407,1.4945066,10,0.5000267028808594
1783578402.253122,-0.00273822,0.0062294593,-9.689789,-0.0020664386,-0.0083754845,1.4599429,10,0.5000267028808594
1783578402.3531706,-0.0025319948,0.006950147,-9.553316,-0.0034602918,-0.007993188,1.4331933,10,0.5000267028808594
1783578402.4530983,-0.002551344,0.0076743118,-9.408655,-0.004945784,-0.0076604923,1.4097613,10,0.5000267028808594
1783578402.553122,-0.003049336,0.0082254475,-9.277046,-0.006151885,-0.007580634,1.3912952,10,0.5000267028808594
1783578402.65313,-0.0042859754,0.009017912,-9.135883,-0.007469016,-0.0072909156,1.372679,10,0.5000267028808594
1783578402.7541883,-0.005491012,0.009455538,-9.006765,-0.008738077,-0.007357004,1.3553424,10,0.5000267028808594
1783578402.8533182,-0.0062842574,0.008638051,-8.868359,-0.009311269,-0.008866512,1.3358632,10,0.5000267028808594
1783578402.9532058,-0.0071108136,0.0069392757,-8.74247,-0.009731628,-0.010861539,1.317268,10,0.5000267028808594
1783578403.0533848,-0.008163555,0.004699379,-8.61805,-0.009755149,-0.01281379,1.2986058,10,0.5000267028808594
1783578403.153153,-0.009111609,0.0024096617,-8.49511,-0.00936328,-0.01470519,1.2797668,10,0.5000267028808594
1783578403.253065,-0.010380613,-8.238381e-05,-8.363413,-0.009064865,-0.016142752,1.2593775,10,0.5000267028808594
1783578403.3536632,-0.012002975,-0.0023540915,-8.243549,-0.00860701,-0.016665962,1.2396457,10,0.5000267028808594
1783578403.4531121,-0.013399761,-0.004601488,-8.115322,-0.008151054,-0.016300619,1.2187816,10,0.5000267028808594
1783578403.5532067,-0.013416967,-0.0062582823,-7.998525,-0.0065617487,-0.015073658,1.1989523,10,0.5000267028808594
1783578403.6531599,-0.012326922,-0.00789429,-7.8733296,-0.0039820326,-0.013045204,1.1778766,10,0.5000267028808594
1783578403.753179,-0.010716931,-0.009490295,-7.7597413,-0.0017929586,-0.011279605,1.1573174,10,0.5000267028808594
1783578403.853133,-0.008347961,-0.011754604,-7.6394653,0.0005435863,-0.009900935,1.135713,10,0.5000267028808594
1783578403.9530792,-0.0055317814,-0.013809532,-7.5308137,0.0021900658,-0.00871605,1.1163664,10,0.5000267028808594
1783578404.0531127,-0.0023407661,-0.01613538,-7.4149923,0.0032938311,-0.007284854,1.0970519,10,0.5000267028808594
1783578404.1532178,0.00039705477,-0.017904555,-7.3097205,0.0033966035,-0.0057358933,1.079044,10,0.5000267028808594
1783578404.2534006,0.0028360656,-0.019583156,-7.1975617,0.0025245484,-0.0035906162,1.0601555,10,0.5000267028808594
1783578404.3531892,0.00461462,-0.020986807,-7.0955987,0.000630452,-0.0015438695,1.0426059,10,0.5000267028808594
1783578404.453534,0.0063077193,-0.021994302,-6.987002,-0.0016005489,0.000657414,1.0244226,10,0.5000267028808594
1783578404.5531049,0.007888512,-0.022018548,-6.8894477,-0.0033929592,0.00326281,1.0072947,10,0.5000267028808594
1783578404.6531122,0.008956202,-0.02108277,-6.786763,-0.0053494936,0.0064573917,0.9902107,10,0.5000267028808594
1783578404.753453,0.00983568,-0.019618053,-6.6942315,-0.007058585,0.008972465,0.97549546,10,0.5000267028808594
1783578404.8531256,0.010668288,-0.017713688,-6.5960636,-0.008534812,0.011196356,0.96154904,10,0.5000267028808594
1783578404.9532254,0.0117639825,-0.0160635,-6.5071435,-0.009582953,0.0125043085,0.9493962,10,0.5000267028808594
1783578405.0532343,0.013586743,-0.014286317,-6.4120765,-0.010311628,0.013480645,0.9371928,10,0.5000267028808594
1783578405.1531057,0.015388645,-0.0128752105,-6.324903,-0.010667207,0.013684052,0.9257642,10,0.5000267028808594
1783578405.2532165,0.016977554,-0.011478188,-6.230954,-0.011437158,0.013260358,0.9134695,10,0.5000267028808594
1783578405.353264,0.017845139,-0.009892164,-6.1453285,-0.01265977,0.01296239,0.9009183,10,0.5000267028808594
1783578405.4531975,0.017672887,-0.008058681,-6.053763,-0.0149631845,0.012698937,0.88696873,10,0.5000267028808594
1783578405.553071,0.017065728,-0.0066405437,-5.9703574,-0.017113984,0.01182761,0.8735688,10,0.5000267028808594
1783578405.6530883,0.016970465,-0.0057104393,-5.881479,-0.018883944,0.010208902,0.8594646,10,0.5000267028808594
1783578405.7533767,0.017664308,-0.0052583623,-5.800771,-0.019609425,0.008616592,0.84609264,10,0.5000267028808594
1783578405.8532946,0.01923256,-0.0050155474,-5.714591,-0.019188197,0.0070371837,0.83234775,10,0.5000267028808594
1783578405.9532683,0.02062686,-0.0049662734,-5.6364417,-0.019282835,0.005453885,0.81915045,10,0.5000267028808594
1783578406.053259,0.021026006,-0.0054750917,-5.553162,-0.020105314,0.0035576222,0.80582947,10,0.5000267028808594
1783578406.1533558,0.021120071,-0.006633662,-5.4776278,-0.021243779,0.0013344241,0.79298973,10,0.5000267028808594
1783578406.2532408,0.021115964,-0.008612815,-5.3979583,-0.022359572,-0.0012046483,0.77973425,10,0.5000267028808594
1783578406.3535645,0.020815786,-0.010495246,-5.3260717,-0.023757644,-0.0027664816,0.76806754,10,0.5000267028808594
1783578406.4534078,0.0200146,-0.01208558,-5.260902,-0.02506903,-0.0035798764,0.760141,10,0.5000267028808594
1783578406.5534887,0.018365799,-0.013518949,-5.1905355,-0.026509464,-0.0037649989,0.7507923,10,0.5000267028808594
1783578406.6532595,0.016385736,-0.014534137,-5.1155596,-0.027349722,-0.0027749718,0.739035,10,0.5000267028808594
1783578406.7532628,0.0139707085,-0.015229098,-5.047261,-0.028556868,-0.0016553828,0.7283704,10,0.5000267028808594
1783578406.8532465,0.010970333,-0.016428184,-4.97368,-0.0295558,-0.0008678012,0.7171626,10,0.5000267028808594
1783578406.9533308,0.007976611,-0.018039674,-4.8997884,-0.029881539,-0.00048238313,0.7193127,10,0.5000267028808594
1783578407.0533407,0.0056900526,-0.019284856,-4.8303223,-0.029021969,2.6918773e-05,0.7227335,10,0.5000267028808594
1783578407.153373,0.0033888132,-0.020338397,-4.7606387,-0.02787457,0.00079547206,0.72266537,10,0.5000267028808594
1783578407.2533143,0.0002627578,-0.021098524,-4.684958,-0.02656427,0.0020890965,0.7211722,10,0.5000267028808594
1783578407.3531861,-0.003684297,-0.021342017,-4.614789,-0.026118962,0.0036979816,0.7186792,10,0.5000267028808594
1783578407.453311,-0.008392551,-0.021451706,-4.5387683,-0.025957933,0.0054826695,0.7155286,10,0.5000267028808594
1783578407.5532675,-0.012912257,-0.021346506,-4.4686613,-0.025458187,0.0069910605,0.7120194,10,0.5000267028808594
1783578407.6532276,-0.017948143,-0.021211699,-4.393324,-0.024542123,0.008395141,0.7082177,10,0.5000267028808594
1783578407.7532678,-0.022438506,-0.021298083,-4.324166,-0.022937775,0.009061,0.70503455,10,0.5000267028808594
1783578407.8533397,-0.026928516,-0.021259587,-4.249134,-0.020510118,0.009799816,0.702122,10,0.5000267028808594
1783578407.9532712,-0.031012973,-0.020922817,-4.1796584,-0.017658764,0.010848444,0.6996047,10,0.5000267028808594
1783578408.0532866,-0.034906086,-0.020049868,-4.1043744,-0.013806983,0.012125432,0.6967485,10,0.5000267028808594
1783578408.1536071,-0.037781447,-0.018628987,-4.0351667,-0.009865203,0.013161045,0.6940536,10,0.5000267028808594
1783578408.2532873,-0.040041044,-0.016260928,-3.9606209,-0.0054774713,0.014415815,0.69108564,10,0.5000267028808594
1783578408.3532708,-0.04128237,-0.013586094,-3.8925276,-0.00085611874,0.015772475,0.68860793,10,0.5000267028808594
1783578408.4531932,-0.041201893,-0.010795011,-3.8196702,0.0044790534,0.016539093,0.6867805,10,0.5000267028808594
1783578408.5532863,-0.0397766,-0.008341934,-3.7529752,0.009748762,0.016306538,0.6856733,10,0.5000267028808594
1783578408.6533217,-0.03792778,-0.0055699577,-3.6810443,0.014596339,0.016010314,0.6852056,10,0.5000267028808594
1783578408.7532444,-0.036109705,-0.0029800187,-3.61466,0.018124761,0.015355794,0.68552047,10,0.5000267028808594
1783578408.8534532,-0.03380688,-0.00033962057,-3.5426965,0.021009574,0.013925359,0.68618315,10,0.5000267028808594
1783578408.9533343,-0.03168619,0.0016357224,-3.4764466,0.02251265,0.012039937,0.686916,10,0.5000267028808594
1783578409.0532482,-0.02994332,0.0029692017,-3.4045897,0.02248004,0.009545582,0.6878057,10,0.5000267028808594
1783578409.1532416,-0.02898623,0.0035081431,-3.3381946,0.021689517,0.007084165,0.688415,10,0.5000267028808594
1783578409.2531455,-0.028038945,0.0036913939,-3.266231,0.020812973,0.004265908,0.6891415,10,0.5000267028808594
1783578409.3533046,-0.027901422,0.0036075744,-3.1998596,0.019154765,0.0019157412,0.6893405,10,0.5000267028808594
1783578409.4533405,-0.028684624,0.0033233662,-3.128484,0.01691994,-0.00027373314,0.689932,10,0.5000267028808594
1783578409.5534842,-0.030144015,0.002671356,-3.0630393,0.014586503,-0.0025166334,0.69086987,10,0.5000267028808594
1783578409.6531773,-0.03265652,0.0012243786,-2.9923134,0.011755411,-0.0049908534,0.6925316,10,0.5000267028808594
1783578409.7533007,-0.034948017,-0.00043661866,-2.926709,0.010076866,-0.00701821,0.6940715,10,0.5000267028808594
1783578409.8534863,-0.03656091,-0.0025982084,-2.8554513,0.00972932,-0.008913143,0.6959508,10,0.5000267028808594
1783578409.9533348,-0.036432546,-0.004724453,-2.789748,0.011524988,-0.009875876,0.69743276,10,0.5000267028808594
1783578410.0532024,-0.03503985,-0.0070537454,-2.7185848,0.014133437,-0.0102991965,0.6990941,10,0.5000267028808594
1783578410.1532798,-0.0333815,-0.009482041,-2.6526995,0.016166197,-0.0106418,0.70055324,10,0.5000267028808594
1783578410.2532675,-0.03154521,-0.012543965,-2.581044,0.01751363,-0.010817883,0.70170915,10,0.5000267028808594
1783578410.353437,-0.029940518,-0.015132023,-2.5146847,0.017829277,-0.010344788,0.702957,10,0.5000267028808594
1783578410.4533684,-0.028149635,-0.01781888,-2.44251,0.017602688,-0.009350134,0.7041441,10,0.5000267028808594
1783578410.5532143,-0.026088944,-0.019981239,-2.375518,0.017202493,-0.0076293456,0.7049351,10,0.5000267028808594
1783578410.6532013,-0.022838078,-0.02185075,-2.3028,0.017475199,-0.0054675937,0.7054105,10,0.5000267028808594
1783578410.7531955,-0.01879568,-0.022856664,-2.2355554,0.018314041,-0.002666519,0.7055279,10,0.5000267028808594
1783578410.8531322,-0.014169817,-0.023013504,-2.1628282,0.018778281,0.00069594523,0.7054654,10,0.5000267028808594
1783578410.953223,-0.009769595,-0.021992281,-2.095858,0.018887509,0.0043358696,0.7055554,10,0.5000267028808594
1783578411.053236,-0.0044709467,-0.020094577,-2.0230718,0.018744886,0.007980998,0.70578676,10,0.5000267028808594
1783578411.1531942,0.00020671872,-0.018412251,-1.9555345,0.017705042,0.010529894,0.7058161,10,0.5000267028808594
1783578411.2531698,0.0047845147,-0.017105969,-1.8824868,0.015661849,0.011914217,0.705588,10,0.5000267028808594
1783578411.3531253,0.008282139,-0.016102169,-1.8148274,0.0126745235,0.012202151,0.70543015,10,0.5000267028808594
1783578411.453258,0.011364544,-0.014829413,-1.7412212,0.008853042,0.012179172,0.70527095,10,0.5000267028808594
1783578411.5532227,0.01357447,-0.0142511595,-1.6729518,0.005046733,0.011433816,0.7045376,10,0.5000267028808594
1783578411.6533651,0.014901777,-0.013802404,-1.5987183,0.0004714574,0.010304772,0.70370483,10,0.5000267028808594
1783578411.7532055,0.015093675,-0.01315324,-1.5300233,-0.0038643922,0.009226803,0.70256436,10,0.5000267028808594
1783578411.8532832,0.014765138,-0.012232244,-1.4554846,-0.008183882,0.008408191,0.70128673,10,0.5000267028808594
1783578411.953243,0.014531681,-0.011423681,-1.3871324,-0.011407005,0.007713956,0.6996033,10,0.5000267028808594
1783578412.0532506,0.014416027,-0.010890317,-1.3135316,-0.013905149,0.0065344297,0.69806224,10,0.5000267028808594
1783578412.1533494,0.014207988,-0.010683076,-1.2455842,-0.015372697,0.0052861767,0.6967481,10,0.5000267028808594
1783578412.2532418,0.013803252,-0.010723889,-1.172043,-0.016702129,0.0038931684,0.69616413,10,0.5000267028808594
1783578412.3532882,0.013378658,-0.010774874,-1.1039567,-0.01764293,0.002788745,0.695263,10,0.5000267028808594
1783578412.4532793,0.012529012,-0.010859242,-1.030092,-0.018604321,0.002097873,0.6942365,10,0.5000267028808594
1783578412.5532389,0.011592295,-0.010762714,-0.9619744,-0.019265197,0.0019554736,0.69295204,10,0.5000267028808594
1783578412.6532116,0.010859127,-0.0103008235,-0.8880906,-0.019846989,0.0023782926,0.69203633,10,0.5000267028808594
1783578412.7532537,0.010811287,-0.009194942,-0.8197279,-0.019741416,0.0032125355,0.69092333,10,0.5000267028808594
1783578412.8532538,0.011288257,-0.0073883524,-0.7456469,-0.018997638,0.0043587103,0.68996865,10,0.5000267028808594
1783578412.9532704,0.01170702,-0.005873216,-0.6775341,-0.018408535,0.0051959357,0.6886737,10,0.5000267028808594
1783578413.053231,0.011880584,-0.004206158,-0.60419536,-0.017989693,0.005757116,0.68723065,10,0.5000267028808594
1783578413.1532176,0.011455831,-0.0026357574,-0.53724825,-0.018329231,0.0059322477,0.6860499,10,0.5000267028808594
1783578413.253205,0.010535805,-0.0014805923,-0.46512055,-0.018780442,0.00521571,0.685583,10,0.5000267028808594
1783578413.3531973,0.009433447,-0.0006014774,-0.39850152,-0.019188343,0.0042849462,0.6858613,10,0.5000267028808594
1783578413.4533622,0.007522853,-0.000109058434,-0.32640177,-0.020440588,0.0029228164,0.6864933,10,0.5000267028808594
1783578413.5533676,0.0049545695,-0.00018332127,-0.26027015,-0.021758812,0.0013368101,0.6870495,10,0.5000267028808594
1783578413.6534142,0.0019010677,-0.00088255946,-0.18873721,-0.022556145,-0.0003982604,0.6882948,10,0.5000267028808594
1783578413.7532747,-0.0010481417,-0.0019083603,-0.12260458,-0.023014748,-0.0018531913,0.68940854,10,0.5000267028808594
1783578413.8534153,-0.0045511457,-0.0032248024,-0.050781906,-0.022890301,-0.0034953158,0.69073814,10,0.5000267028808594
1783578413.95318,-0.00747205,-0.0044213915,0.01571542,-0.022087894,-0.00439098,0.69141483,10,0.5000267028808594
1783578414.0531876,-0.01025044,-0.0056731408,0.071053416,-0.0074423715,-0.006468794,0.0009913752,10,0.5000267028808594
1783578414.1533465,-0.01153541,-0.006789684,0.06449062,-0.008209624,-0.006632209,-0.0027892205,10,0.5000267028808594
1783578414.2531476,-0.012800431,-0.008015649,0.05115187,-0.008655343,-0.007067265,-0.009478774,10,0.5000267028808594
1783578414.3533275,-0.013635695,-0.009497198,0.04094337,-0.00914275,-0.007882846,-0.013784769,10,0.5000267028808594
1783578414.4532528,-0.014346407,-0.011250671,0.031868115,-0.00934163,-0.008831788,-0.017326875,10,0.5000267028808594
1783578414.5538075,-0.0151746515,-0.012311434,0.025174633,-0.009952505,-0.009319326,-0.019493077,10,0.5000267028808594
1783578414.6531622,-0.016083356,-0.013252087,0.01957582,-0.01082862,-0.009621916,-0.020912493,10,0.5000267028808594
1783578414.7532272,-0.016120175,-0.013591616,0.015405476,-0.0106813945,-0.009552161,-0.021565538,10,0.5000267028808594
1783578414.8532102,-0.015032037,-0.013459444,0.011549458,-0.009732432,-0.009129831,-0.021550104,10,0.5000267028808594
1783578414.9532187,-0.013147358,-0.013286979,0.008551702,-0.008348388,-0.008635305,-0.021267844,10,0.5000267028808594
1783578415.053232,-0.0105359,-0.013322032,0.005971834,-0.006554516,-0.008539264,-0.020905154,10,0.5000267028808594
1783578415.1532207,-0.008054298,-0.012976723,0.0047814995,-0.0050663967,-0.008023713,-0.020042986,10,0.5000267028808594
1783578415.2533169,-0.005925636,-0.01194785,0.004712358,-0.0036792187,-0.0070077297,-0.018669523,10,0.5000267028808594
1783578415.3531015,-0.004606257,-0.01075041,0.005365908,-0.0032534874,-0.00576217,-0.016867606,10,0.5000267028808594
1783578415.4532342,-0.0039044914,-0.009720031,0.006204039,-0.0033333476,-0.0051027555,-0.015341081,10,0.5000267028808594
1783578415.5531921,-0.004150207,-0.00939539,0.0067552924,-0.0040353267,-0.0048904484,-0.014515274,10,0.5000267028808594
1783578415.6531978,-0.0047596777,-0.0098784575,0.0073029846,-0.0050892388,-0.0050224327,-0.013443958,10,0.5000267028808594
1783578415.7531838,-0.0053141844,-0.010469537,0.0078730285,-0.0057264077,-0.005098403,-0.01261301,10,0.5000267028808594
1783578415.8532286,-0.0050130277,-0.010656859,0.00963217,-0.005805669,-0.0050464664,-0.010965613,10,0.5000267028808594
1783578415.9532876,-0.004439028,-0.010294709,0.011261597,-0.0059047164,-0.0043179616,-0.00963216,10,0.5000267028808594
1783578416.053257,-0.0042498256,-0.009796442,0.012898594,-0.0060612247,-0.003423332,-0.008120315,10,0.5000267028808594
1783578416.1532748,-0.0041725426,-0.0094993105,0.0139852315,-0.0063063735,-0.0027870547,-0.0072208843,10,0.5000267028808594
1783578416.25321,-0.0039490247,-0.009502615,0.014376804,-0.0066593345,-0.00248431,-0.00620336,10,0.5000267028808594
1783578416.3533156,-0.0032535812,-0.009536279,0.014580771,-0.006205605,-0.0025066487,-0.005515174,10,0.5000267028808594
1783578416.453166,-0.0021348724,-0.009477245,0.014563903,-0.0054754685,-0.0023297404,-0.005034406,10,0.5000267028808594
1783578416.5535455,-0.0010842244,-0.009540568,0.014835522,-0.005016846,-0.0023729093,-0.0043388703,10,0.5000267028808594
1783578416.653197,-0.00051120465,-0.009852338,0.015786514,-0.005352407,-0.0027991293,-0.0033515624,10,0.5000267028808594
1783578416.7532187,-0.00016150733,-0.009965205,0.017505646,-0.0061911214,-0.0029875322,-0.0021890868,10,0.5000267028808594
1783578416.8532043,0.00011566996,-0.009898527,0.019331336,-0.0067910133,-0.0028594031,-0.00097295054,10,0.5000267028808594
1783578416.9532313,0.0007150202,-0.009258502,0.021140024,-0.007519372,-0.002191887,-0.00022085657,10,0.5000267028808594
1783578417.053171,0.0014144704,-0.007895514,0.02237901,-0.00770682,-0.0010829765,0.00033878282,10,0.5000267028808594
1783578417.1531973,0.0020961592,-0.006030222,0.023646042,-0.008106781,0.00039477373,0.0008371292,10,0.5000267028808594
1783578417.2531264,0.0021785658,-0.0046141087,0.024537593,-0.008611251,0.0012510419,0.0012238919,10,0.5000267028808594
1783578417.3530974,0.0014356271,-0.0037623828,0.025241435,-0.00983432,0.0015746738,0.0015876837,10,0.5000267028808594
1783578417.4531314,9.99688e-05,-0.0033049595,0.025753647,-0.01122521,0.0018018587,0.0013372494,10,0.5820140838623047
1783578417.553169,-0.0019325715,-0.0030398583,0.025850415,-0.012460844,0.0015921114,0.001469687,10,0.5820140838623047
1783578417.653167,-0.0043707313,-0.003319029,0.026040629,-0.013930254,0.0011654258,0.0013650679,10,0.5820140838623047
1783578417.7532604,-0.006987835,-0.0035503008,0.02578035,-0.014938894,0.00048736506,0.0013093991,10,0.5820140838623047
1783578417.8531733,-0.009123079,-0.003604265,0.025134265,-0.015428086,0.00014097482,0.001237168,10,0.5820140838623047
1783578417.953144,-0.01137423,-0.0037760246,0.024447665,-0.015772505,-0.00020125989,0.0010188716,10,0.5820140838623047
1783578418.0531802,-0.01403656,-0.003937467,0.023797616,-0.016508693,-0.00048821606,0.00081651524,10,0.5820140838623047
1783578418.153175,-0.0174359,-0.0039985715,0.023236409,-0.01769514,-0.00050263247,0.0007863426,10,0.5820140838623047
1783578418.2532222,-0.020569917,-0.003845722,0.022961453,-0.018800769,-0.0005099685,0.00084445835,10,0.5820140838623047
1783578418.3531256,-0.02362559,-0.004278878,0.023007527,-0.02012079,-0.00074198475,0.0012857309,10,0.5820140838623047
1783578418.4532886,-0.026159244,-0.005191995,0.023087487,-0.020742372,-0.0012479074,0.0015909219,10,0.8454656600952148
1783578418.553146,-0.028487965,-0.0063749943,0.022920191,-0.020987445,-0.0023408711,0.0017484628,10,0.8454656600952148
1783578418.6532028,-0.030444708,-0.0072955852,0.02250655,-0.02131694,-0.0031713962,0.0016761313,10,0.8454656600952148
1783578418.75314,-0.032267146,-0.0083486205,0.021582216,-0.02127772,-0.0038881078,0.001613378,10,0.8454656600952148
1783578418.853166,-0.033876218,-0.00940601,0.020980492,-0.021142663,-0.0045836843,0.0018001453,10,0.8454656600952148
1783578418.9531739,-0.035559144,-0.01013909,0.02070035,-0.021136902,-0.004941199,0.0022892796,10,0.8454656600952148
1783578419.0531833,-0.036306947,-0.010469167,0.020815536,-0.020550318,-0.0049897265,0.0027879067,10,0.8454656600952148
1783578419.1532347,-0.03604165,-0.010794652,0.021216586,-0.019223478,-0.0052416134,0.003255553,10,0.8454656600952148
1783578419.2531364,-0.035623867,-0.01049644,0.022191301,-0.018133245,-0.0053435923,0.003889361,10,0.8454656600952148
1783578419.3531306,-0.034820143,-0.009209266,0.023039892,-0.017043803,-0.0045234,0.004419995,10,0.8454656600952148
1783578419.4532237,-0.03370561,-0.0083020115,0.02373901,-0.0154804895,-0.004253694,0.005047878,10,0.9428682327270508
1783578419.5531836,-0.031956825,-0.007381605,0.024334222,-0.013733747,-0.0039045452,0.0056518205,10,0.9428682327270508
1783578419.6531663,-0.030107299,-0.006507588,0.024930522,-0.012333725,-0.003472692,0.005997478,10,0.9428682327270508
1783578419.7532084,-0.027892185,-0.005298533,0.025585175,-0.010753858,-0.0028247782,0.0065036705,10,0.9428682327270508
1783578419.8531516,-0.025236547,-0.0042854543,0.026223376,-0.008835404,-0.0022568835,0.0068562673,10,0.9428682327270508
1783578419.9532318,-0.021796718,-0.0036501787,0.027242318,-0.0065517677,-0.0020943023,0.0073222267,10,0.9428682327270508
1783578420.0531077,-0.01904498,-0.003608226,0.02792336,-0.004631698,-0.0023134681,0.0074763685,10,0.9428682327270508
1783578420.1531532,-0.016127592,-0.0044074412,0.028992623,-0.0029017348,-0.003314391,0.007820172,10,0.9428682327270508
1783578420.2532365,-0.01328841,-0.0055232355,0.030137464,-0.0010388743,-0.0044544297,0.007858792,10,0.9428682327270508
1783578420.353265,-0.010566453,-0.0066509102,0.031176925,0.00067581434,-0.0052419105,0.007958101,10,0.9428682327270508
1783578420.4532356,-0.00781747,-0.007846058,0.032368794,0.0025585578,-0.00616139,0.008241554,10,0.9788761138916016
1783578420.5532622,-0.0045563374,-0.009141249,0.033705488,0.004595673,-0.006807222,0.008716293,10,0.9788761138916016
1783578420.6531475,-0.0013228445,-0.009921491,0.034920856,0.0067917327,-0.0069947555,0.009051439,10,0.9788761138916016
1783578420.7533271,0.0020684954,-0.010549049,0.036194414,0.009125695,-0.007395905,0.008847771,10,0.9788761138916016
1783578420.8531632,0.0044031404,-0.010972069,0.03731832,0.010704866,-0.0074825087,0.008753461,10,0.9788761138916016
1783578420.9532719,0.0062316586,-0.01148662,0.03854224,0.011803657,-0.007849001,0.00883313,10,0.9788761138916016
1783578421.0534065,0.0075110146,-0.012227716,0.03947407,0.012380242,-0.008370187,0.008808204,10,0.9788761138916016
1783578421.1531255,0.008388503,-0.012919491,0.04067339,0.012338735,-0.008973187,0.008638305,10,0.9788761138916016
1783578421.2531781,0.008877484,-0.013463372,0.04170513,0.012376289,-0.009598201,0.008730645,10,0.9788761138916016
1783578421.353333,0.009210862,-0.014070697,0.042099535,0.012234974,-0.010314014,0.008564142,10,0.9788761138916016
1783578421.4531858,0.0087696565,-0.01441046,0.0421755,0.011362008,-0.009948766,0.007992704,10,0.9921875
1783578421.5532205,0.007146016,-0.01476694,0.042105377,0.009324044,-0.009959164,0.007458023,10,0.9921875
1783578421.6531453,0.0049771788,-0.015232616,0.041929528,0.007053249,-0.010159956,0.0067405617,10,0.9921875
1783578421.753176,0.0025347238,-0.015188025,0.041426256,0.0041730227,-0.00960866,0.0059964876,10,0.9921875
1783578421.8532014,0.0003380198,-0.014887057,0.040598348,0.0017019345,-0.0090081515,0.00545121,10,0.9921875
1783578421.953144,-0.0013026065,-0.014499046,0.039177343,-0.0004035708,-0.008215229,0.0050807735,10,0.9921875
1783578422.053098,-0.0018440493,-0.013610895,0.037149683,-0.0015075342,-0.00772181,0.0042924485,10,0.9921875
1783578422.1531909,-0.0019014984,-0.011703496,0.03472379,-0.002107221,-0.00592485,0.0034292755,10,0.9921875
