timestamp,pos_x,pos_y,pos_z,vel_x,vel_y,vel_z,satellites_used,battery_remaining,gps_lat_variance,gps_lon_variance,gps_window_filled
1783662292.4312131,-0.06380892,-0.036081195,-0.047195986,0.004050875,0.016240526,-0.0041925106,10,-1.0,2.3133836959544924e-15,1.876432359499972e-15,0
1783662292.5314913,-0.06575703,-0.036791906,-0.04798679,0.0032693627,0.015591608,-0.004328927,10,0.9999465942382812,1.5482430133534567e-15,1.0751764238099056e-15,0
1783662292.6311755,-0.067622185,-0.037785474,-0.049009785,0.002599043,0.014961331,-0.0044060308,10,0.9999465942382812,3.821675378705076e-15,1.4337307963948597e-15,0
1783662292.7313652,-0.06983053,-0.039366715,-0.049407944,0.0017881892,0.014162355,-0.0041990234,10,0.9999465942382812,3.222302379004099e-15,3.717254887177351e-15,0
1783662292.8312774,-0.07166315,-0.040955067,-0.04914917,0.0008591371,0.013302945,-0.0038362378,10,0.9999465942382812,8.76425549754775e-15,2.2804625781952325e-14,0
1783662292.9313006,-0.07295024,-0.04250045,-0.047892734,0.0005737772,0.012232689,-0.0032177214,10,0.9999465942382812,1.5280305644578417e-14,2.6713922304205996e-14,0
1783662293.0311959,-0.07353256,-0.043651737,-0.04656081,0.000616488,0.011650229,-0.002494802,10,0.9999465942382812,1.8318636080157918e-14,2.7447027115109265e-14,1
1783662293.1311986,-0.073808745,-0.045256935,-0.0444393,0.0009902518,0.010782463,-0.0016807778,10,0.9999465942382812,1.650240390821682e-14,2.1452873971837233e-14,1
1783662293.2312374,-0.07416418,-0.047442485,-0.042450473,0.00084490736,0.009188231,-0.00090527534,10,0.9999465942382812,1.1441469212632107e-14,1.839148493788234e-14,1
1783662293.3312006,-0.07455699,-0.04998206,-0.040389135,0.0008217642,0.007327438,-4.3901196e-05,10,0.9999465942382812,9.898129534962697e-15,8.872107185205532e-15,1
1783662293.431415,-0.07487294,-0.052432515,-0.038888723,0.00061601825,0.005700467,0.00039164547,10,0.9999465942382812,8.886133209088043e-15,1.0577700356452036e-14,1
1783662293.5311894,-0.07490997,-0.05505277,-0.037577525,0.00097457744,0.0037620806,0.0006327929,10,0.9999465942382812,1.1060568373998287e-14,1.9573790153949508e-14,1
1783662293.6311896,-0.07445446,-0.05692631,-0.035641,0.0017583797,0.0027125715,0.0010491486,10,0.9999465942382812,1.2389630288599125e-14,2.2648544004718537e-14,1
1783662293.7312016,-0.07392111,-0.05844391,-0.03362763,0.0026008931,0.0015628589,0.0015602075,10,0.9999465942382812,9.87592615747826e-15,1.2372534659422356e-14,1
1783662293.8312676,-0.07352932,-0.059238214,-0.03104651,0.0032288576,0.0011405922,0.0021274327,10,0.9999465942382812,6.1252093494887646e-15,7.304246218865412e-15,1
1783662293.9313245,-0.073416494,-0.059382025,-0.02826278,0.0036548707,0.001255205,0.0024584727,10,0.9999465942382812,5.651939911889849e-15,8.591783839597091e-15,1
1783662294.0313356,-0.073825225,-0.059088208,-0.025774881,0.0035168254,0.0016857871,0.0029296707,10,0.9999465942382812,5.546477334687826e-15,5.819946262373095e-15,1
1783662294.1312594,-0.074574284,-0.05876637,-0.023756295,0.0030072336,0.0020789704,0.0031173422,10,0.9999465942382812,6.221209643102675e-15,8.538948152601011e-15,1
1783662294.2311869,-0.0751723,-0.058594204,-0.022464454,0.0025369483,0.0023973777,0.0033437968,10,0.9999465942382812,6.1112702931551765e-15,9.229021562121687e-15,1
1783662294.331208,-0.075944684,-0.05889688,-0.021398395,0.0020675862,0.00191163,0.0033862886,10,0.9999465942382812,3.85150761084767e-15,1.0137788619119114e-14,1
1783662294.4314983,-0.077021904,-0.059132587,-0.020644829,0.0012631821,0.0015012852,0.0032759109,10,0.9999465942382812,2.9605679005960545e-15,1.1273453337281455e-14,1
1783662294.5313401,-0.07859499,-0.05903641,-0.020487577,0.00015917305,0.0015051125,0.0031034183,10,0.9999465942382812,3.781084486358991e-15,1.921194287290041e-14,1
1783662294.6313267,-0.08059611,-0.05836604,-0.02029252,-0.0014249999,0.0017491613,0.0028709366,10,0.9999465942382812,3.1486662728194203e-15,3.20942311620986e-14,1
1783662294.7313466,-0.08303567,-0.057296094,-0.020277604,-0.0033789265,0.0021942048,0.0027177748,10,0.9999465942382812,2.1344206233746077e-15,3.173645096936463e-14,1
1783662294.831419,-0.085356,-0.05665719,-0.020618036,-0.0051552393,0.0022724704,0.0022839522,10,0.9999465942382812,2.315085575834217e-15,1.9622687151028892e-14,1
1783662294.9313111,-0.08801865,-0.056635916,-0.021141425,-0.0069812317,0.0017873568,0.0019685095,10,0.9999465942382812,5.603259522399442e-15,1.7065986468972816e-14,1
1783662295.0314069,-0.090801455,-0.05758622,-0.021455169,-0.008940405,0.00044026814,0.0017012006,10,0.9999465942382812,5.395321933317402e-15,2.6202858058582857e-14,1
1783662295.1314514,-0.09391389,-0.059816007,-0.021696076,-0.010881744,-0.0015949586,0.0018512793,10,0.9999465942382812,5.990467348041083e-15,3.7743653698283187e-14,1
1783662295.231258,-0.09674665,-0.06200996,-0.021865487,-0.012404589,-0.0034536861,0.0019160587,10,0.9999465942382812,1.1471651632471007e-14,3.288510923285981e-14,1
1783662295.3314435,-0.099154755,-0.063966244,-0.021486655,-0.013790925,-0.0047925203,0.0021372018,10,0.9999465942382812,2.099917580115332e-14,1.6331617550505842e-14,1
1783662295.4312336,-0.10034305,-0.06535964,-0.020779163,-0.014258187,-0.005600873,0.0023566745,10,0.9999465942382812,2.459741639937294e-14,1.0576959431592867e-14,1
1783662295.5315902,-0.1004959,-0.066675864,-0.019338995,-0.014081438,-0.006221115,0.0030361884,10,0.9959640502929688,2.663739809940028e-14,6.988694790656175e-15,1
1783662295.6314638,-0.09977247,-0.06764676,-0.017469496,-0.013154616,-0.0064649344,0.0037176744,10,0.9959640502929688,1.5833904753761623e-14,9.703007185205315e-15,1
1783662295.73141,-0.09838928,-0.068094075,-0.015401393,-0.011855189,-0.0061001,0.004634853,10,0.9959640502929688,7.935609231703557e-15,1.440108924845179e-14,1
1783662295.8315318,-0.09679736,-0.06840531,-0.014016181,-0.0104001,-0.005578375,0.005108164,10,0.9959640502929688,3.567072808440868e-15,1.2374663553233763e-14,1
1783662295.9313128,-0.094636284,-0.06889187,-0.013036281,-0.008736064,-0.005281158,0.0052287984,10,0.9959640502929688,3.975329974167637e-15,1.006675650620376e-14,1
1783662296.031286,-0.09292898,-0.06962308,-0.012612954,-0.0074115596,-0.0053731697,0.004987426,10,0.9959640502929688,7.010632337714877e-15,6.8404089305440786e-15,1
1783662296.1312037,-0.09169746,-0.07068232,-0.012206018,-0.0065689,-0.0057461006,0.00492399,10,0.9959640502929688,6.251157463354776e-15,7.057107544386161e-15,1
1783662296.2313356,-0.09128321,-0.07166926,-0.01192157,-0.006614265,-0.0062002162,0.0046934625,10,0.9959640502929688,5.8324922088114815e-15,7.31015879928993e-15,1
1783662296.3312194,-0.091148704,-0.07274811,-0.011992797,-0.0068355436,-0.0065224124,0.0042866706,10,0.9959640502929688,7.69424002830337e-15,5.35666755906592e-15,1
1783662296.4312227,-0.09072989,-0.0733075,-0.012159377,-0.006578781,-0.0062457225,0.0039556017,10,0.9959640502929688,1.0400867021985394e-14,5.528417297319203e-15,1
1783662296.5312061,-0.0901041,-0.07343077,-0.012757286,-0.0058806706,-0.005851536,0.0033648165,10,0.9841461181640625,1.0368858039280589e-14,5.8977522224731906e-15,1
1783662296.6311903,-0.08957208,-0.07287435,-0.013624847,-0.005185306,-0.004973911,0.0030930685,10,0.9841461181640625,1.0539531886121363e-14,5.558704525926833e-15,1
1783662296.73122,-0.08898809,-0.07162953,-0.014745861,-0.004400044,-0.003320918,0.0026700692,10,0.9841461181640625,1.149978035141926e-14,6.4839778366396084e-15,1
1783662296.8312414,-0.08820757,-0.0704522,-0.015711412,-0.0034500766,-0.0021856513,0.0023078704,10,0.9841461181640625,1.2884944715836715e-14,7.0318146450333366e-15,1
1783662296.9312675,-0.0871888,-0.06910472,-0.016520679,-0.0026335309,-0.0010375314,0.002017673,10,0.9841461181640625,2.7424767590148867e-14,8.125462939617486e-15,1
1783662297.0313568,-0.08604489,-0.06783592,-0.016637668,-0.0020253113,7.192593e-05,0.0021191337,10,0.9841461181640625,4.009094328551667e-14,7.254045613013103e-15,1
1783662297.131225,-0.08450948,-0.06675207,-0.016718626,-0.0012613524,0.0009844163,0.0020502063,10,0.9841461181640625,2.470074892719107e-14,9.841142054849548e-15,1
1783662297.2312799,-0.08377525,-0.066578336,-0.017128363,-0.0012242151,0.0011096065,0.0021401986,10,0.9841461181640625,1.9287802101388358e-14,9.722085339132596e-15,1
1783662297.3313756,-0.08374826,-0.06682485,-0.018162489,-0.0019510144,0.0010450784,0.0017640211,10,0.9841461181640625,1.5950348332128173e-14,1.0365271127742646e-14,1
1783662297.4313743,-0.083622836,-0.06735148,-0.019570976,-0.002364675,0.0006585052,0.0013084488,10,0.9841461181640625,1.0945769760904012e-14,1.547073805386101e-14,1
1783662297.5313458,-0.08371722,-0.06842606,-0.021469846,-0.0029928058,-7.893593e-05,0.0005596281,10,0.9692716598510742,1.0643197611687728e-14,1.3316949285041308e-14,1
1783662297.6313517,-0.084340364,-0.06951066,-0.02345115,-0.003828534,-0.000822629,-0.00011555907,10,0.9692716598510742,8.684136795892848e-15,8.400653530812468e-15,1
1783662297.7312865,-0.08601069,-0.070295766,-0.026412621,-0.0056643803,-0.0010620626,-0.0012626357,10,0.9692716598510742,6.094024958494868e-15,8.516656455231365e-15,1
1783662297.8311346,-0.08826115,-0.07066816,-0.029377416,-0.0078001996,-0.0011791048,-0.0024384838,10,0.9692716598510742,6.533759266336536e-15,8.019494087279797e-15,1
1783662297.9312675,-0.0911333,-0.07100182,-0.033082604,-0.010120349,-0.0014721786,-0.00399658,10,0.9692716598510742,3.699578978113137e-15,6.414280348742208e-15,1
1783662298.0313983,-0.09348991,-0.07125399,-0.036457658,-0.01189625,-0.0014986716,-0.0052891397,10,0.9692716598510742,3.4096818889395716e-15,4.696397297656975e-15,1
1783662298.1313014,-0.09536557,-0.0717884,-0.039716348,-0.013147663,-0.0018883506,-0.0065931096,10,0.9692716598510742,4.653200190567441e-15,3.2035074012320997e-15,1
1783662298.2314622,-0.09664934,-0.072706915,-0.04218702,-0.014040282,-0.0023606129,-0.007343922,10,0.9692716598510742,4.7997834613346645e-15,1.409651518046818e-15,1
1783662298.3313222,-0.097667314,-0.07355484,-0.044556662,-0.014481031,-0.002745818,-0.007973512,10,0.9692716598510742,4.2239059996628065e-15,2.09453405783372e-15,1
1783662298.4313416,-0.09867059,-0.07433167,-0.046219096,-0.015239718,-0.0030778998,-0.008262582,10,0.9692716598510742,5.08743012238772e-15,5.156930540506031e-15,1
1783662298.5323868,-0.099564075,-0.075308174,-0.04722084,-0.015965993,-0.0036647136,-0.008409153,10,0.9531049728393555,3.1898697868604365e-15,6.74107802995962e-15,1
1783662298.6312084,-0.10004449,-0.07589307,-0.0473655,-0.016357351,-0.004417687,-0.008305265,10,0.9531049728393555,5.636694676939472e-15,9.28221991208214e-15,1
1783662298.7313871,-0.09954459,-0.07574181,-0.04713823,-0.016205497,-0.0041594887,-0.007994715,10,0.9531049728393555,1.2704968785178708e-14,9.316236548572263e-15,1
1783662298.8313057,-0.09829712,-0.07513266,-0.046428725,-0.015170514,-0.0035303247,-0.007573473,10,0.9531049728393555,1.3165963832778572e-14,8.473341559082839e-15,1
1783662298.9312208,-0.096475475,-0.07460549,-0.045790896,-0.0119548645,-0.007365742,-0.019602723,10,0.9531049728393555,1.2649951670495271e-14,7.888383719288178e-15,1
1783662299.0313973,-0.094035216,-0.0743046,-0.04857923,-0.00815368,-0.010902641,-0.06577569,10,0.9531049728393555,1.2332034228818193e-14,8.210251086659547e-15,1
1783662299.1313643,-0.09102503,-0.074394375,-0.059127793,-0.0009134683,-0.01835922,-0.13992171,10,0.9531049728393555,1.1993718670355695e-14,1.8778248966724512e-14,1
1783662299.2313547,-0.087783195,-0.075240836,-0.07743086,0.007379554,-0.027017293,-0.21994615,10,0.9531049728393555,2.554434048595578e-14,2.6119946222861274e-14,1
1783662299.3313823,-0.08335954,-0.07760717,-0.10760425,0.016316228,-0.036639124,-0.31257725,10,0.9531049728393555,2.6177935026030546e-14,2.7986682332842378e-14,1
1783662299.4311426,-0.07822931,-0.081140295,-0.14509855,0.023262974,-0.044563476,-0.3992982,10,0.9531049728393555,2.4183179225541804e-14,2.0949906141440305e-14,1
1783662299.5313177,-0.072332315,-0.085644215,-0.19550346,0.028185897,-0.051428724,-0.49292186,10,0.9368419647216797,2.46677304955969e-14,1.4135146136592413e-14,1
1783662299.6311615,-0.066928715,-0.09025384,-0.25133902,0.030061157,-0.055808224,-0.57849866,10,0.9368419647216797,1.5792311651467528e-14,1.3540979666836551e-14,1
1783662299.7312088,-0.06092625,-0.09544172,-0.32114434,0.02986115,-0.057575226,-0.6691428,10,0.9368419647216797,9.95339528331718e-15,1.8450530498280355e-14,1
1783662299.83191,-0.05547728,-0.099884026,-0.3942377,0.027952574,-0.056208324,-0.7509632,10,0.9368419647216797,9.162416141094575e-15,3.1408695732867524e-14,1
1783662299.9312768,-0.050149176,-0.10430608,-0.48240197,0.023320647,-0.05094771,-0.8382369,10,0.9368419647216797,7.499464785804333e-15,5.50433146013862e-14,1
1783662300.031347,-0.04612035,-0.107970335,-0.57166564,0.016601047,-0.042628754,-0.91710764,10,0.9368419647216797,7.978861228954121e-15,6.274591311987142e-14,1
1783662300.1311655,-0.04320991,-0.110357136,-0.6768401,0.0064096493,-0.026222318,-1.0007443,10,0.9368419647216797,7.203586463293275e-15,5.3576478257568374e-14,1
1783662300.2313037,-0.041985378,-0.109613895,-0.7797834,-0.005328793,0.0002603957,-1.0419129,10,0.9368419647216797,9.296256451187506e-15,4.1119312338637126e-14,1
1783662300.3314862,-0.042458527,-0.10441436,-0.8926794,-0.019354962,0.03689728,-1.049802,10,0.9368419647216797,9.366254321681565e-15,2.3218122222073753e-14,1
1783662300.431176,-0.044584736,-0.095514886,-0.99636215,-0.031218214,0.0679349,-1.0616868,10,0.9368419647216797,1.061187631995879e-14,7.447470925347011e-15,1
1783662300.531358,-0.048261236,-0.083483525,-1.1094826,-0.03737539,0.08384835,-1.0820802,10,0.9202642440795898,8.185805565244867e-15,6.943727868387907e-15,1
1783662300.6313097,-0.052181456,-0.07312184,-1.2154197,-0.035252765,0.073173076,-1.1019145,10,0.9202642440795898,6.73998270342369e-15,1.3062000752660166e-14,1
1783662300.7314422,-0.056058887,-0.065255724,-1.3314933,-0.027356092,0.04461458,-1.1216694,10,0.9202642440795898,1.0034907576074383e-14,2.3109434489858196e-14,1
1783662300.83138,-0.05932779,-0.061660703,-1.4396943,-0.021654036,0.018792298,-1.1400592,10,0.9202642440795898,1.6457472348403244e-14,3.587802450584095e-14,1
1783662300.9311395,-0.06270366,-0.061597746,-1.5580783,-0.01914478,-0.0039359024,-1.1598207,10,0.9202642440795898,2.635977077149099e-14,2.8218818568925775e-14,1
1783662301.0312803,-0.065819934,-0.06431547,-1.6690718,-0.019429151,-0.019895894,-1.177558,10,0.9202642440795898,4.319049664628684e-14,1.673202695808423e-14,1
1783662301.131435,-0.06912071,-0.06949043,-1.791777,-0.020539347,-0.03277284,-1.196669,10,0.9202642440795898,4.873510531118868e-14,1.0248444137123852e-14,1
1783662301.2312515,-0.07250234,-0.07575224,-1.9074036,-0.022139372,-0.041027237,-1.2137574,10,0.9202642440795898,4.44453383938296e-14,1.0492800206673442e-14,1
1783662301.3314238,-0.07663255,-0.08357181,-2.0348024,-0.023636606,-0.04650886,-1.2312247,10,0.9202642440795898,2.3114010478769414e-14,1.1094682085987097e-14,1
1783662301.43123,-0.080864765,-0.09094271,-2.1537342,-0.024760747,-0.048802815,-1.2465065,10,0.9202642440795898,1.709910736442185e-14,1.325727946647312e-14,1
1783662301.531395,-0.085575566,-0.09888202,-2.2837875,-0.025528962,-0.048722476,-1.2613906,10,0.9036283493041992,1.649563149074305e-14,1.491602317756499e-14,1
1783662301.631345,-0.08921506,-0.10634695,-2.4049108,-0.024932565,-0.046898037,-1.2746567,10,0.9036283493041992,1.584679552923904e-14,3.3522130736090194e-14,1
1783662301.7313135,-0.09194691,-0.11424137,-2.5378249,-0.022412606,-0.043357212,-1.2883712,10,0.9036283493041992,2.108762168963182e-14,5.821654857589491e-14,1
1783662301.8312654,-0.09264805,-0.12045674,-2.6621737,-0.018740432,-0.03803755,-1.3004619,10,0.9036283493041992,2.0853766147716604e-14,1.1577511984853187e-13,1
1783662301.9314005,-0.09160419,-0.12611516,-2.7984066,-0.013490318,-0.030672144,-1.313071,10,0.9036283493041992,1.608992546890411e-14,1.2566578712169104e-13,1
1783662302.0312188,-0.0897533,-0.130218,-2.925582,-0.008806671,-0.022989627,-1.3241979,10,0.9036283493041992,1.2693431550699107e-14,1.0256249953427966e-13,1
1783662302.1313584,-0.08749628,-0.1338067,-3.064365,-0.005078648,-0.014567699,-1.3352809,10,0.9036283493041992,1.5032431897635116e-14,7.674694930609741e-14,1
1783662302.2312968,-0.08547154,-0.13667612,-3.1931262,-0.002433751,-0.0072876266,-1.3446305,10,0.9036283493041992,1.5211202633353658e-14,4.3421801638554154e-14,1
1783662302.3312438,-0.08358365,-0.13919269,-3.333209,-0.0010196891,-0.00029239088,-1.354079,10,0.9036283493041992,1.1631111764449267e-14,2.0093784204568997e-14,1
1783662302.4312303,-0.08197008,-0.14061283,-3.4629889,-0.0008056948,0.0061675115,-1.3626095,10,0.9036283493041992,9.411627973786666e-15,9.126313606948168e-15,1
1783662302.5311885,-0.08002804,-0.14105494,-3.6043293,-0.00095262664,0.012904623,-1.371333,10,0.886988639831543,5.493409299576652e-15,1.2398407337835146e-14,1
1783662302.6313474,-0.07833288,-0.14076124,-3.7355857,-0.0017215905,0.018639611,-1.3790476,10,0.886988639831543,1.389573987143137e-14,1.242871902449597e-14,1
1783662302.7314682,-0.07658934,-0.13960196,-3.8787777,-0.0030160462,0.024316795,-1.3869042,10,0.886988639831543,1.75820191300688e-14,1.4969968727247856e-14,1
1783662302.831432,-0.07543376,-0.13771199,-4.0120473,-0.00482814,0.029172627,-1.3944522,10,0.886988639831543,2.0793861253726478e-14,1.724699397085802e-14,1
1783662302.9312391,-0.07456521,-0.13449608,-4.1575623,-0.0068424516,0.034016922,-1.402399,10,0.886988639831543,3.062322317209961e-14,1.5361676833316967e-14,1
1783662303.0313962,-0.07453939,-0.13068247,-4.2928686,-0.009764176,0.037931245,-1.4089099,10,0.886988639831543,2.034656475439359e-14,5.680089046201741e-15,1
1783662303.1312242,-0.07541869,-0.12603348,-4.440241,-0.013044867,0.041110877,-1.4151323,10,0.886988639831543,1.3478788581894358e-14,1.484685216045267e-14,1
1783662303.2314649,-0.07667877,-0.1210736,-4.57654,-0.01580976,0.04348926,-1.4204156,10,0.886988639831543,2.049614272425178e-14,2.5752361059865914e-14,1
1783662303.3314855,-0.078766875,-0.1154036,-4.7245975,-0.01826544,0.0447623,-1.4257449,10,0.886988639831543,2.7555807609942653e-14,6.27587500555482e-14,1
1783662303.4312687,-0.08103602,-0.11010698,-4.862087,-0.020038301,0.04473501,-1.4306195,10,0.886988639831543,3.820767448120305e-14,9.771213694324882e-14,1
1783662303.5313234,-0.08396595,-0.1040092,-5.0115657,-0.02137038,0.04369163,-1.4357718,10,0.870326042175293,4.075010983932361e-14,1.317556153899264e-13,1
1783662303.6312528,-0.086680576,-0.0983994,-5.149984,-0.021829339,0.041762438,-1.4400964,10,0.870326042175293,2.890093674810591e-14,1.0302069427045362e-13,1
1783662303.731274,-0.08899206,-0.093027525,-5.3001795,-0.020820504,0.038639836,-1.4443061,10,0.870326042175293,1.563590442080642e-14,7.493751110698164e-14,1
1783662303.8314056,-0.09057585,-0.08857829,-5.4393373,-0.019150587,0.03491624,-1.4480135,10,0.870326042175293,9.654067728357478e-15,4.261353185633609e-14,1
1783662303.9315217,-0.091625944,-0.08413117,-5.5907903,-0.01657698,0.030906703,-1.452072,10,0.870326042175293,7.072850714523317e-15,1.3733589143616545e-14,1
1783662304.0311959,-0.09151261,-0.08096695,-5.731168,-0.013470928,0.02638294,-1.4556632,10,0.870326042175293,3.156539593536756e-15,7.244093006238624e-15,1
1783662304.1312878,-0.09029408,-0.07849659,-5.883406,-0.00945515,0.020966524,-1.4593357,10,0.870326042175293,3.207904685085796e-15,8.081270046716952e-15,1
1783662304.231135,-0.08862756,-0.07643656,-6.0236135,-0.006153807,0.016523654,-1.4621556,10,0.870326042175293,6.149833232106312e-15,1.514027546940833e-14,1
1783662304.3312328,-0.08617511,-0.07504524,-6.175766,-0.0032717667,0.012213082,-1.4654819,10,0.870326042175293,6.536474746767254e-15,4.0817569629069403e-14,1
1783662304.4311945,-0.083627656,-0.0751756,-6.316829,-0.0016317505,0.0077912495,-1.4682015,10,0.870326042175293,5.855870692939028e-15,3.621146627578417e-14,1
1783662304.5311818,-0.081674606,-0.0769322,-6.4702935,-0.0015453654,0.0025520145,-1.4712162,10,0.8536624908447266,3.34076565790467e-15,3.1022351424264316e-14,1
1783662304.6312127,-0.081058234,-0.07957353,-6.6123023,-0.0029228358,-0.0021844287,-1.4738185,10,0.8536624908447266,3.2430062911158198e-15,2.9473178215404694e-14,1
1783662304.7313638,-0.08141955,-0.08321275,-6.766509,-0.0053967237,-0.006632044,-1.4763798,10,0.8536624908447266,3.4968651323327856e-15,2.3473720133842993e-14,1
1783662304.8315656,-0.082441136,-0.08694972,-6.90859,-0.007888819,-0.0097710565,-1.4784769,10,0.8536624908447266,4.080865215830602e-15,2.561279398906639e-14,1
1783662304.9311745,-0.084243245,-0.09078262,-7.06188,-0.01080984,-0.011412926,-1.4802765,10,0.8536624908447266,8.086793062717157e-15,2.313195524910367e-14,1
1783662305.031237,-0.08622195,-0.093650214,-7.203027,-0.0128607545,-0.011323638,-1.4819561,10,0.8536624908447266,1.1890449626817729e-14,1.2114480613371902e-14,1
1783662305.1313293,-0.08863827,-0.09637966,-7.355716,-0.014451914,-0.009804872,-1.4835204,10,0.8536624908447266,9.6738756655112e-15,8.71754230372523e-15,1
1783662305.2312891,-0.09112397,-0.09809931,-7.496467,-0.015367406,-0.0076082544,-1.4853759,10,0.8536624908447266,8.779929793736861e-15,1.0007490017087477e-14,1
1783662305.3313334,-0.09390689,-0.09990858,-7.648928,-0.015733631,-0.0051129507,-1.4869889,10,0.8536624908447266,9.904930267339636e-15,1.0123821885535672e-14,1
1783662305.431498,-0.09599581,-0.10173717,-7.789583,-0.014866685,-0.0027014322,-1.4886436,10,0.8536624908447266,6.608416458366911e-15,1.2030689626152147e-14,1
1783662305.5313816,-0.097640075,-0.10382334,-7.9419713,-0.013024314,-0.0005119749,-1.4901243,10,0.8369998931884766,5.8666976274968695e-15,8.676436896210715e-15,1
1783662305.6313474,-0.09888803,-0.10557105,-8.082901,-0.011023369,0.0012846201,-1.4917856,10,0.8369998931884766,5.525386822786221e-15,8.322036597203307e-15,1
1783662305.7313552,-0.09992203,-0.10664172,-8.235881,-0.008695338,0.0036436473,-1.493196,10,0.8369998931884766,5.9866109846369815e-15,8.920702848816028e-15,1
1783662305.8313925,-0.10089081,-0.106832,-8.377092,-0.0068705203,0.00618208,-1.4946169,10,0.8369998931884766,2.8524843053285426e-15,2.0551462079503286e-14,1
1783662305.931254,-0.102412984,-0.1060176,-8.530047,-0.0059604086,0.009400404,-1.4960383,10,0.8369998931884766,4.3737195805074865e-15,4.318808436077753e-14,1
1783662306.0315886,-0.10393778,-0.10468422,-8.671605,-0.0053367335,0.01209044,-1.4972587,10,0.8369998931884766,5.037855822750797e-15,4.660677931581355e-14,1
1783662306.1312823,-0.10561159,-0.10249165,-8.825519,-0.0049794605,0.014870735,-1.498418,10,0.8369998931884766,4.695025459255696e-15,4.185487330386183e-14,1
1783662306.2313724,-0.10733458,-0.09982209,-8.968315,-0.00475361,0.017326597,-1.499845,10,0.8369998931884766,5.047706553256497e-15,1.9789241335368794e-14,1
1783662306.3312268,-0.10914782,-0.09692997,-9.123893,-0.004210156,0.018971251,-1.5011414,10,0.8369998931884766,9.608190244104106e-15,9.401370631684328e-15,1
1783662306.4313326,-0.11025986,-0.09460992,-9.268078,-0.0027307651,0.019232897,-1.5023866,10,0.8369998931884766,1.1246615542370541e-14,3.2994198276535028e-15,1
1783662306.5313768,-0.110706314,-0.092397325,-9.424615,-0.00048336328,0.018860593,-1.503573,10,0.8201704025268555,1.1874226863824611e-14,3.434779143548288e-15,1
1783662306.631243,-0.11085877,-0.090354994,-9.56916,0.0017140501,0.018018164,-1.5046031,10,0.8201704025268555,9.789083859059422e-15,4.64552025008766e-15,1
1783662306.7313805,-0.11065091,-0.08768502,-9.725629,0.0040578083,0.0172105,-1.5048728,10,0.8201704025268555,1.095387124211334e-14,1.2027018637140102e-14,1
1783662306.831404,-0.110491015,-0.084748045,-9.869805,0.0060500195,0.01675241,-1.5056291,10,0.8201704025268555,1.0028155948206985e-14,1.3490311345442853e-14,1
1783662306.931393,-0.11069983,-0.081311375,-10.025532,0.00748468,0.016188106,-1.505869,10,0.8201704025268555,1.0198563636584658e-14,1.2448318526114587e-14,1
1783662307.0314279,-0.110692576,-0.07833372,-10.169281,0.008258003,0.015387345,-1.5140654,10,0.8201704025268555,1.1917941192955841e-14,1.4586750474445172e-14,1
1783662307.1314974,-0.11062177,-0.075385235,-10.329027,0.009178672,0.013914517,-1.5844834,10,0.8201704025268555,8.055762102877366e-15,1.8804772266785266e-14,1
1783662307.2312853,-0.11029239,-0.07249918,-10.487129,0.009743841,0.012701666,-1.7038027,10,0.8201704025268555,5.135502926087994e-15,1.6638004002016393e-14,1
1783662307.3313296,-0.109000355,-0.06974411,-10.675929,0.010679372,0.010635922,-1.8792512,10,0.8201704025268555,3.836301818128882e-15,1.603612743519169e-14,1
1783662307.4313343,-0.10683372,-0.06750693,-10.870179,0.012211303,0.00863541,-2.0782115,10,0.8201704025268555,3.9671909608327045e-15,1.5690158854841626e-14,1
1783662307.5313296,-0.10442545,-0.06585538,-11.106215,0.013499502,0.0056181634,-2.32864,10,0.8036746978759766,7.12208536704552e-15,1.045563745785943e-14,1
1783662307.6311905,-0.10239914,-0.065136015,-11.350484,0.01365531,0.0024275624,-2.5807843,10,0.8036746978759766,1.4030185942085855e-14,9.613338462748995e-15,1
1783662307.7312634,-0.10063327,-0.06486966,-11.640662,0.0129376,-0.000995027,-2.769492,10,0.8036746978759766,1.2289962973637328e-14,1.248733418286987e-14,1
1783662307.831202,-0.10017326,-0.06523456,-11.922563,0.010922536,-0.004292586,-2.8669403,10,0.8036746978759766,1.0358020229513204e-14,2.2373551737612388e-14,1
1783662307.9312825,-0.100348294,-0.06610154,-12.233686,0.0083294865,-0.007673353,-2.9170525,10,0.8036746978759766,1.0183201811527557e-14,2.5781850072563686e-14,1
1783662308.0314252,-0.10136758,-0.06745941,-12.521104,0.0054600914,-0.010297738,-2.9276931,10,0.8036746978759766,8.550042123162737e-15,4.237426481513977e-14,1
1783662308.1313236,-0.10263322,-0.06941713,-12.829467,0.0030611183,-0.012734153,-2.905522,10,0.8036746978759766,5.3201042138490975e-15,7.951696171731778e-14,1
1783662308.2314231,-0.10408801,-0.071463495,-13.108266,0.001393401,-0.01399828,-2.8604772,10,0.8036746978759766,6.905561794696603e-15,1.0364092920886403e-13,1
1783662308.3312297,-0.1062308,-0.07365642,-13.40329,-0.0002369509,-0.014307913,-2.829353,10,0.8036746978759766,7.991574216879306e-15,1.096709776935975e-13,1
1783662308.4313524,-0.108630925,-0.07595978,-13.672898,-0.0015380946,-0.014327782,-2.8274045,10,0.8036746978759766,9.828242796591709e-15,7.22366992863682e-14,1
1783662308.5313232,-0.11185567,-0.07871542,-13.964968,-0.002692561,-0.013799899,-2.839564,10,0.7870121002197266,1.83907681963557e-14,1.710029042802257e-14,1
1783662308.631164,-0.11548121,-0.081412345,-14.236185,-0.003471147,-0.013392546,-2.8580768,10,0.7870121002197266,2.186425347862547e-14,1.3284341659316262e-14,1
1783662308.731376,-0.11929003,-0.08427965,-14.532482,-0.0034166393,-0.012774206,-2.879362,10,0.7870121002197266,1.2046728814823474e-14,1.8865408953644346e-14,1
1783662308.831309,-0.122009486,-0.08633218,-14.808672,-0.001875443,-0.011161861,-2.8991492,10,0.7870121002197266,9.158923777741397e-15,1.7557006884324897e-14,1
1783662308.9313927,-0.124479435,-0.08807864,-15.110654,0.0007574259,-0.0091781,-2.9174728,10,0.7870121002197266,1.0646025481251168e-14,1.4117759826743915e-14,1
1783662309.0313144,-0.12670109,-0.088966876,-15.391165,0.0033164285,-0.0065047657,-2.929691,10,0.7870121002197266,7.125706990222913e-15,7.74902097013719e-15,1
1783662309.1313505,-0.12860602,-0.08900415,-15.695965,0.006428969,-0.0027678856,-2.9386196,10,0.7870121002197266,4.682950665647696e-15,5.569826450372072e-15,1
1783662309.2314024,-0.12970202,-0.08859094,-15.977677,0.009245744,0.0002849701,-2.9455101,10,0.7870121002197266,5.497486573773703e-15,8.718467278967684e-15,1
1783662309.3314445,-0.13054956,-0.08751947,-16.283165,0.012220871,0.003154675,-2.9509153,10,0.7870121002197266,6.567311160714788e-15,9.04676094985288e-15,1
1783662309.431326,-0.13015245,-0.08629099,-16.565056,0.015285234,0.005202694,-2.9543586,10,0.7870121002197266,1.0456323690873914e-14,9.30035396390597e-15,1
1783662309.5311286,-0.12811856,-0.085332856,-16.87,0.01927663,0.006479639,-2.9577117,10,0.7703475952148438,1.734281104665921e-14,9.241528758568053e-15,1
1783662309.6313162,-0.12511572,-0.08425412,-17.15144,0.023140479,0.0070699444,-2.960465,10,0.7703475952148438,1.2585143588834652e-14,1.5872760162637775e-14,1
1783662309.7313392,-0.12128556,-0.0833368,-17.456638,0.026700612,0.007422482,-2.9630537,10,0.7703475952148438,1.0519161341562762e-14,3.549998304856568e-14,1
1783662309.8313162,-0.117381595,-0.083117485,-17.73922,0.028898934,0.0069835195,-2.96531,10,0.7703475952148438,7.424800032231647e-15,5.238630084255938e-14,1
1783662311.0165987,-0.11633418,-0.08313331,-17.809944,0.029352019,0.006806535,-2.9658408,10,0.7703475952148438,4.848249254134921e-15,5.397300105230692e-14,1
1783662311.0311651,-0.115628384,-0.08314748,-17.857115,0.02958378,0.006707044,-2.9661467,10,0.7703475952148438,4.848249254134921e-15,5.397300105230692e-14,1
1783662311.1312118,-0.11084559,-0.08376406,-18.164085,0.030762816,0.0054686614,-2.96826,10,0.7703475952148438,3.0244362614698255e-15,4.6618894397885655e-14,1
1783662311.231335,-0.10668005,-0.08487479,-18.447863,0.030422857,0.004326307,-2.9701645,10,0.7703475952148438,3.2857926674366194e-15,3.9083197528304674e-14,1
1783662311.3311918,-0.103393525,-0.08642811,-18.755249,0.028599558,0.0030174118,-2.9717991,10,0.7703475952148438,8.418901115119823e-15,1.050113198163501e-14,1
1783662311.4312744,-0.101659395,-0.087636866,-19.039001,0.025244411,0.0025141651,-2.973068,10,0.7703475952148438,9.825404179316558e-15,4.764113616307667e-15,1
1783662311.5314608,-0.10101592,-0.08853468,-19.347048,0.020490058,0.002589143,-2.9744596,10,0.7703475952148438,8.807451864512023e-15,5.971763758317085e-15,1
1783662311.6313689,-0.100818016,-0.089604706,-19.63169,0.016372154,0.0026551858,-2.9759674,10,0.7703475952148438,7.560618496969064e-15,9.168283927282647e-15,1
1783662311.731527,-0.1007378,-0.09048899,-19.940102,0.012904367,0.0031325573,-2.9773529,10,0.7536821365356445,6.7361358919394585e-15,7.17159983081913e-15,1
1783662311.831463,-0.100405164,-0.09103448,-20.224785,0.010496598,0.0037389689,-2.9784842,10,0.7536821365356445,1.0759550438469888e-14,6.909591638079375e-15,1
1783662311.9313464,-0.09948286,-0.09137708,-20.533302,0.009144561,0.004651159,-2.9794,10,0.7536821365356445,2.3886596871047366e-14,4.594139958947098e-15,1
1783662312.0313551,-0.097976044,-0.091525845,-20.818136,0.00863133,0.005626887,-2.9801993,10,0.7536821365356445,2.9794530520008725e-14,9.385367053705331e-15,1
1783662312.1313167,-0.095924854,-0.09159236,-21.126944,0.008568582,0.0066027846,-2.9814818,10,0.7536821365356445,2.2911009824357373e-14,9.335749665963408e-15,1
1783662312.231365,-0.09396784,-0.09144257,-21.41226,0.008413935,0.0073986137,-2.9827662,10,0.7536821365356445,2.2648157441091326e-14,8.177062888302816e-15,1
1783662312.3312888,-0.09148397,-0.090895474,-21.72153,0.008159533,0.008469635,-2.9838712,10,0.7536821365356445,1.497452518822815e-14,8.008338798855096e-15,1
1783662312.4312525,-0.08920484,-0.08984558,-22.007517,0.007790492,0.009911373,-2.9849486,10,0.7536821365356445,5.327874830199976e-15,7.046581060485614e-15,1
1783662312.5318515,-0.08744345,-0.08789068,-22.317785,0.0064636925,0.011587026,-2.986092,10,0.7536821365356445,8.577401533427133e-15,5.5278189852541e-15,1
1783662312.6313126,-0.08651078,-0.08552881,-22.604382,0.00473068,0.013195991,-2.9870207,10,0.7536821365356445,2.4548582713810928e-14,5.8598983637629035e-15,1
1783662312.7318878,-0.0864632,-0.08269572,-22.91503,0.0022359635,0.014596756,-2.9879668,10,0.7370166778564453,2.5224278430479915e-14,5.661623751004286e-15,1
1783662312.8312128,-0.08716506,-0.08017872,-23.201807,-0.00029369566,0.015118456,-2.9885669,10,0.7370166778564453,2.3615488237852218e-14,5.173490650214361e-15,1
1783662312.931369,-0.088478215,-0.07784572,-23.512482,-0.003355053,0.014743397,-2.9892743,10,0.7370166778564453,1.4609573209917173e-14,4.71202509550897e-15,1
1783662313.0312881,-0.09022517,-0.07642292,-23.798473,-0.0060036355,0.013292807,-2.989436,10,0.7370166778564453,9.133834575207495e-15,4.224939886629308e-15,1
1783662313.1314194,-0.0929615,-0.0754673,-24.107666,-0.008387234,0.011119157,-2.9896972,10,0.7370166778564453,7.65016886980896e-15,3.4129143260747205e-15,1
1783662313.2313585,-0.09598537,-0.07508126,-24.392963,-0.010017801,0.008593737,-2.989795,10,0.7370166778564453,1.0048797561468776e-14,2.113973327272411e-15,1
1783662313.3314295,-0.09957227,-0.07529833,-24.702034,-0.011484016,0.005631643,-2.9903908,10,0.7370166778564453,1.3240184009196172e-14,3.1423431741348376e-15,1
1783662313.4315033,-0.10313399,-0.07567693,-24.987566,-0.012516675,0.0033948342,-2.9910357,10,0.7370166778564453,2.1521689043394372e-14,3.0807133976633306e-15,1
1783662313.5313528,-0.106618576,-0.07587465,-25.297157,-0.012483999,0.0018959384,-2.9917004,10,0.7370166778564453,2.1793692397226538e-14,3.821417483311151e-15,1
1783662313.6314237,-0.10904413,-0.075892575,-25.583134,-0.011176342,0.0010818832,-2.9922266,10,0.7370166778564453,1.7178396555070974e-14,4.44165779835699e-15,1
1783662313.7313123,-0.11079053,-0.07556385,-25.892977,-0.008352798,0.0010988355,-2.9926622,10,0.7203512191772461,9.910204268851057e-15,5.231136767534632e-15,1
1783662313.831222,-0.11201916,-0.07525344,-26.178705,-0.0055838013,0.0011498586,-2.9930978,10,0.7203512191772461,9.987372725074341e-15,1.1884510863440214e-14,1
1783662313.9312642,-0.112910695,-0.074744366,-26.487465,-0.0024916425,0.0012865148,-2.99314,10,0.7203512191772461,1.3252147721716498e-14,2.019321724485277e-14,1
1783662314.0314145,-0.11312959,-0.07371627,-26.772001,0.0007175448,0.0018149284,-2.993162,10,0.7203512191772461,1.497940534927846e-14,2.4497840975378762e-14,1
1783662314.1314209,-0.112861164,-0.07232791,-27.080667,0.00402021,0.0022158453,-2.9938188,10,0.7203512191772461,1.032628618863826e-14,2.4215129720146677e-14,1
1783662314.2314005,-0.112204,-0.07141723,-27.366201,0.0068144314,0.0021549389,-2.9943535,10,0.7203512191772461,6.46056551657399e-15,2.2463270712808363e-14,1
1783662314.3314443,-0.11104953,-0.071098216,-27.675652,0.009331051,0.0014161197,-2.9948416,10,0.7203512191772461,5.658756831353641e-15,2.3180993854707273e-14,1
1783662314.4312692,-0.11009871,-0.07141617,-27.96089,0.010496238,0.00017156295,-2.9947798,10,0.7203512191772461,5.2594894788550685e-15,2.636402324394093e-14,1
1783662314.5312405,-0.10931362,-0.07247941,-28.269756,0.011226896,-0.0016974572,-2.9949632,10,0.7203512191772461,1.043501656199262e-14,2.7078258543740985e-14,1
1783662314.6315367,-0.10851014,-0.0736278,-28.55496,0.01113042,-0.0030596675,-2.9951525,10,0.7203512191772461,1.5240838117348125e-14,2.048570403127321e-14,1
1783662314.7313917,-0.107788414,-0.07505796,-28.864307,0.010567251,-0.0042049335,-2.9953818,10,0.7036857604980469,2.3240304929571574e-14,1.6296861504765825e-14,1
1783662314.8312821,-0.10732943,-0.07663968,-29.149855,0.009701489,-0.004793019,-2.995611,10,0.7036857604980469,1.924424579606482e-14,1.4626751493872237e-14,1
1783662314.9315248,-0.106495194,-0.07830986,-29.459105,0.009029398,-0.0045992476,-2.9958699,10,0.7036857604980469,2.075501576227895e-14,1.8905773678098144e-14,1
1783662315.0314612,-0.1052362,-0.07910556,-29.74471,0.008619735,-0.004048744,-2.996147,10,0.7036857604980469,1.294425363716892e-14,2.013789733561813e-14,1
1783662315.1313818,-0.10367877,-0.07903383,-30.054596,0.008339494,-0.0022431733,-2.9965568,10,0.7036857604980469,6.8979897311195845e-15,1.6798832912849516e-14,1
1783662315.231391,-0.102577075,-0.07867819,-30.340527,0.007939219,-0.0006929032,-2.996553,10,0.7036857604980469,3.828099896155987e-15,1.764881372147607e-14,1
1783662315.3312595,-0.1015969,-0.07804469,-30.649834,0.007363275,0.00086206145,-2.9965448,10,0.7036857604980469,2.990232419229063e-15,1.3725365518687891e-14,1
1783662315.4313867,-0.10087516,-0.07744502,-30.935507,0.0066611706,0.0021872504,-2.996677,10,0.7036857604980469,4.114261935057549e-15,8.082076786286184e-15,1
1783662315.5313623,-0.10055753,-0.07743727,-31.244673,0.0051502753,0.0026756304,-2.9969082,10,0.7036857604980469,9.493075050907353e-15,7.662017354316518e-15,1
1783662315.6313474,-0.10084637,-0.07784607,-31.529327,0.0034298652,0.0023623148,-2.9968016,10,0.7036857604980469,1.8715285236648936e-14,6.2274234452591344e-15,1
1783662315.7313726,-0.10171701,-0.07848862,-31.837503,0.0014148997,0.0021474615,-2.9966185,10,0.6870203018188477,1.8257168260455874e-14,9.280400415438416e-15,1
1783662315.8314276,-0.103170484,-0.07954236,-32.122326,-0.0003140954,0.0013952074,-2.9969246,10,0.6870203018188477,1.8805493622820466e-14,1.096668724678208e-14,1
1783662315.931203,-0.105415314,-0.081143714,-32.431465,-0.0019866135,0.0005017123,-2.9971478,10,0.6870203018188477,1.8678788205991966e-14,6.613074164812138e-15,1
1783662316.0311797,-0.10755611,-0.083064355,-32.717052,-0.0033676694,-0.0003916747,-2.99725,10,0.6870203018188477,1.0040587591105225e-14,3.8728363798418136e-15,1
1783662316.1313782,-0.109773815,-0.08549774,-33.02672,-0.0040937867,-0.001333258,-2.9974682,10,0.6870203018188477,8.033464298067757e-15,4.815395043926733e-15,1
1783662316.231522,-0.111932024,-0.08770835,-33.31272,-0.0039390223,-0.001830313,-2.9978828,10,0.6870203018188477,7.058843064333619e-15,6.117949008756518e-15,1
1783662316.331223,-0.114059485,-0.08985102,-33.622902,-0.0035231179,-0.0014563369,-2.998346,10,0.6870203018188477,5.128723403602694e-15,5.84325186506462e-15,1
1783662316.4312425,-0.115278475,-0.09176934,-33.909374,-0.0021935785,-0.0006368438,-2.9982977,10,0.6870203018188477,4.611820892358242e-15,4.248536181720052e-15,1
1783662316.5313644,-0.11544246,-0.0939892,-34.219517,0.0004193471,0.00022219436,-2.9982922,10,0.6870203018188477,4.8285613077192945e-15,3.301780406958398e-15,1
1783662316.6314635,-0.114703394,-0.095820054,-34.506386,0.003524726,0.0013920979,-2.9985237,10,0.6870203018188477,8.306669220994304e-15,2.216278472915877e-15,1
1783662316.7315125,-0.1136279,-0.0969325,-34.817486,0.006730006,0.0035601293,-2.9987638,10,0.6703548431396484,1.1082242366657789e-14,4.0116005937535925e-15,1
1783662316.8313797,-0.11265445,-0.09708119,-35.10459,0.008975813,0.006088188,-2.9989967,10,0.6703548431396484,1.2149150780690987e-14,4.099927941798352e-15,1
1783662316.931304,-0.11129815,-0.09657233,-35.41564,0.010879008,0.009091918,-2.9993591,10,0.6703548431396484,1.4251689084018572e-14,5.539825647222283e-15,1
1783662317.031509,-0.109714255,-0.09574545,-35.702526,0.0122086955,0.011492648,-2.9992175,10,0.6703548431396484,1.668346253514096e-14,5.901768960339417e-15,1
1783662317.1315124,-0.107872166,-0.09380778,-36.013145,0.012719493,0.014564378,-2.9991667,10,0.6703548431396484,3.0220588400239376e-14,1.1703527012673976e-14,1
1783662317.2314858,-0.105711766,-0.091288775,-36.30017,0.012899847,0.017141797,-2.999352,10,0.6703548431396484,3.134959523347917e-14,1.1502632174257567e-14,1
1783662317.3313842,-0.10324098,-0.088070594,-36.610935,0.01261333,0.019442726,-2.9993618,10,0.6703548431396484,1.9528241048936804e-14,1.1183371370209786e-14,1
1783662317.431495,-0.10046084,-0.08434116,-36.89763,0.01276348,0.021480193,-2.9992926,10,0.6703548431396484,7.722343134511248e-15,1.1456821957097301e-14,1
1783662317.5312338,-0.097080894,-0.080327764,-37.208355,0.012993322,0.022609781,-2.999151,10,0.6703548431396484,9.026411479505715e-15,1.6734270040503927e-14,1
1783662317.631547,-0.09411811,-0.07733782,-37.4952,0.012415703,0.021875393,-2.999223,10,0.6703548431396484,1.6431598907170394e-14,2.6164612020596898e-14,1
1783662317.7313771,-0.09149053,-0.07539913,-37.806164,0.011269636,0.018999286,-2.9995005,10,0.6536893844604492,1.7897012974786475e-14,2.7220499412843335e-14,1
1783662317.8315516,-0.08954747,-0.07447381,-38.09305,0.009624111,0.015662668,-2.9996877,10,0.6536893844604492,1.1820772616252453e-14,1.3773400004472318e-14,1
1783662317.9315298,-0.08765035,-0.074607015,-38.40421,0.007680307,0.011175454,-2.9999619,10,0.6536893844604492,9.902294842850798e-15,2.0348917241831923e-14,1
1783662318.0315158,-0.08539403,-0.075726256,-38.691906,0.006138688,0.0074105063,-3.0001795,10,0.6536893844604492,5.612866685849944e-15,4.8252842925699484e-14,1
1783662318.1314592,-0.083481506,-0.07777002,-39.003628,0.0042086313,0.0034750134,-3.0005615,10,0.6536893844604492,7.847641651205103e-15,7.258457976296941e-14,1
1783662318.231443,-0.08213496,-0.0803659,-39.29164,0.0021672212,0.00042662112,-3.0005655,10,0.6536893844604492,1.7460504227271533e-14,8.478714103096576e-14,1
1783662318.3314664,-0.08082273,-0.08360641,-39.60377,-0.00027118996,-0.0019616717,-3.0006008,10,0.6536893844604492,2.0710211703447503e-14,5.991175977827404e-14,1
1783662318.4314804,-0.07966013,-0.08737101,-39.891888,-0.002487411,-0.0038178607,-3.0005536,10,0.6536893844604492,2.6671274100439322e-14,2.908066220688756e-14,1
1783662318.5313017,-0.07843269,-0.09227288,-40.20396,-0.0046402216,-0.0052029644,-3.0004964,10,0.6536893844604492,2.965770511927495e-14,1.1175683982125247e-14,1
1783662318.6313202,-0.07714433,-0.096867196,-40.491505,-0.006252136,-0.005697686,-2.9999979,10,0.6536893844604492,2.6182756320536152e-14,3.2521846499532906e-15,1
1783662318.7313447,-0.07565848,-0.101420514,-40.802628,-0.007741659,-0.004989055,-3.0001152,10,0.63702392578125,1.8895206839344695e-14,3.976864365364927e-15,1
1783662318.8314583,-0.07452588,-0.104758486,-41.0898,-0.008815802,-0.0029053492,-3.00016,10,0.63702392578125,1.6654213232509238e-14,5.0413278856022415e-15,1
1783662318.9315045,-0.07338582,-0.10757794,-41.400658,-0.00945481,0.0003723459,-2.9998477,10,0.63702392578125,1.861076245329253e-14,5.1161554176928555e-15,1
1783662319.0313375,-0.07307746,-0.10940229,-41.6876,-0.011151922,0.0040680626,-2.999792,10,0.63702392578125,2.7524048491512948e-14,8.662899738812856e-15,1
1783662319.1312828,-0.07345624,-0.110658966,-41.998077,-0.013771701,0.007995442,-2.9996736,10,0.63702392578125,2.912657993325217e-14,2.1823318890307008e-14,1
1783662319.231237,-0.07437929,-0.11088764,-42.285007,-0.016581986,0.011753848,-2.9993112,10,0.63702392578125,3.34312637233579e-14,3.2339914866414396e-14,1
1783662319.3312473,-0.07580957,-0.10999848,-42.59587,-0.019176153,0.016038304,-2.999276,10,0.63702392578125,1.5910721659233055e-14,3.38473654556394e-14,1
1783662319.4312725,-0.077504545,-0.108134896,-42.882034,-0.021438332,0.020162445,-2.9992619,10,0.63702392578125,7.979224511462025e-15,2.343247260802532e-14,1
1783662319.5313954,-0.07971949,-0.10454235,-43.19112,-0.02320847,0.02468961,-2.990057,10,0.63702392578125,8.58004085655731e-15,1.5046810972758326e-14,1
1783662319.6313255,-0.08156467,-0.099971406,-43.473133,-0.023603018,0.02880651,-2.938499,10,0.63702392578125,1.8892842935902424e-14,7.895053086782747e-15,1
1783662319.731261,-0.08343754,-0.094221145,-43.77002,-0.022995425,0.031966597,-2.8323727,10,0.6203584671020508,2.8412407432773584e-14,1.6013446489325914e-14,1
1783662319.8313217,-0.085341245,-0.08852005,-44.032066,-0.022163825,0.033662654,-2.7124248,10,0.6203584671020508,2.980075076432789e-14,3.1884041453069624e-14,1
1783662319.9313023,-0.087288395,-0.08215341,-44.30306,-0.020873886,0.034335952,-2.59568,10,0.6203584671020508,2.5780976037930022e-14,4.199527767529143e-14,1
1783662320.0313716,-0.089172445,-0.076503895,-44.542328,-0.019710459,0.033424832,-2.4978113,10,0.6203584671020508,1.580246304860864e-14,4.754446294761917e-14,1
1783662320.1316803,-0.09179192,-0.07122045,-44.791344,-0.018817721,0.030982556,-2.398451,10,0.6203584671020508,5.993724575269097e-15,4.154125087144925e-14,1
1783662320.2312,-0.09481039,-0.06727433,-45.01264,-0.01863809,0.02767411,-2.3109474,10,0.6203584671020508,2.103721381266784e-15,2.3934563954533624e-14,1
1783662320.3314035,-0.097993396,-0.06430592,-45.24321,-0.018250426,0.022438604,-2.2189574,10,0.6203584671020508,2.471105853998554e-15,1.7412598829844584e-14,1
1783662320.431211,-0.10066136,-0.06290432,-45.447823,-0.017295923,0.016838042,-2.136464,10,0.6203584671020508,3.591686046670359e-15,1.713454046923491e-14,1
1783662320.5312724,-0.10287199,-0.06275263,-45.660725,-0.015445908,0.010444313,-2.0492132,10,0.6203584671020508,3.826957157346892e-15,1.7523131291834575e-14,1
1783662320.6313896,-0.104107685,-0.06386756,-45.84945,-0.012983875,0.0044607506,-1.9711899,10,0.6203584671020508,3.817557003607154e-15,1.7993123139784663e-14,1
1783662320.7312224,-0.1049457,-0.066213384,-46.045,-0.009861109,-0.0015143475,-1.8888773,10,0.6036930084228516,3.79541306137245e-15,1.5953147842597128e-14,1
1783662320.831374,-0.1050286,-0.06905635,-46.21812,-0.006779166,-0.0062555484,-1.8157538,10,0.6036930084228516,3.552776024665451e-15,1.1369223320336442e-14,1
1783662320.93145,-0.10438213,-0.07223287,-46.39779,-0.0033382454,-0.0099299485,-1.7388716,10,0.6036930084228516,3.3341109560661706e-15,9.556565115155251e-15,1
1783662321.0314457,-0.10295184,-0.07456899,-46.55683,-6.9293164e-05,-0.011267378,-1.670193,10,0.6036930084228516,2.5254407828164797e-15,4.737380076164281e-15,1
1783662321.131222,-0.10050907,-0.07638151,-46.721966,0.0034903192,-0.011217428,-1.5981029,10,0.6036930084228516,2.0003136511789914e-15,5.182148235083635e-15,1
1783662321.23123,-0.09776739,-0.07725852,-46.868393,0.0065333103,-0.009743793,-1.5341003,10,0.6036930084228516,3.2655598684658345e-15,4.584737141092208e-15,1
1783662321.3312829,-0.09479824,-0.07780818,-47.02055,0.008526847,-0.008104157,-1.4670045,10,0.6036930084228516,3.0572135243072496e-15,4.00117953055162e-15,1
1783662321.431339,-0.092197046,-0.078323275,-47.155224,0.009314387,-0.006604663,-1.407281,10,0.6036930084228516,4.728994968224969e-15,6.326010582316387e-15,1
1783662321.5311635,-0.08988453,-0.079052724,-47.295334,0.008884013,-0.0052084015,-1.3442249,10,0.6036930084228516,4.540110702639064e-15,6.572501469282497e-15,1
1783662321.6313841,-0.08881141,-0.079608805,-47.419838,0.0073534152,-0.0042042024,-1.2885652,10,0.6036930084228516,1.6247367426624545e-14,7.773405374212686e-15,1
1783662321.731721,-0.089558676,-0.07977561,-47.54902,0.003935747,-0.0031844326,-1.229126,10,0.5868606567382812,3.324677161108943e-14,8.324433857796932e-15,1
1783662321.8312478,-0.09203933,-0.07924528,-47.662914,-0.00026382512,-0.0018750067,-1.1759574,10,0.5868606567382812,3.6845911747166034e-14,1.0384578945466139e-14,1
1783662321.9312253,-0.09610597,-0.07813174,-47.78084,-0.0049748234,-0.000127147,-1.1207689,10,0.5868606567382812,3.113084908468849e-14,2.1469900149490197e-14,1
1783662322.0311632,-0.10059437,-0.07694303,-47.884895,-0.008553379,0.0013246414,-1.0719469,10,0.5868606567382812,2.499409468139949e-14,3.377226652248551e-14,1
1783662322.1310954,-0.10605206,-0.07554792,-47.992783,-0.011482574,0.0021640314,-1.0210215,10,0.5868606567382812,1.500238372411545e-14,3.224867206114557e-14,1
1783662322.2310865,-0.110981524,-0.074394256,-48.088512,-0.012927387,0.0023612583,-0.97579956,10,0.5868606567382812,3.907342509373007e-15,2.309344610544952e-14,1
1783662322.3313282,-0.115785986,-0.07362782,-48.18745,-0.012551937,0.001990481,-0.9286585,10,0.5868606567382812,4.263654873465033e-15,2.0008045763871877e-14,1
1783662322.4313898,-0.119270064,-0.07268774,-48.273808,-0.010488699,0.0015381896,-0.8859723,10,0.5868606567382812,7.206864157482413e-15,9.32481258796514e-15,1
1783662322.5311992,-0.12128088,-0.07126886,-48.36177,-0.006407314,0.0013186036,-0.8420813,10,0.5868606567382812,1.5765380059831008e-14,2.8371243574975212e-15,1
1783662322.6315472,-0.12186211,-0.07019395,-48.43219,-0.002141535,0.001021565,-0.80741787,10,0.5868606567382812,1.711708275551084e-14,5.8430266902171675e-15,1
1783662322.7313733,-0.121432744,-0.06929118,-48.517647,0.003595988,5.8415382e-05,-0.76606125,10,0.5703620910644531,1.6246877599361497e-14,7.89786091352309e-15,1
1783662322.8311412,-0.120644495,-0.06916426,-48.587196,0.008005989,-0.0011572168,-0.732713,10,0.5703620910644531,1.7845682472415098e-14,7.543364213398666e-15,1
1783662322.9317262,-0.11971631,-0.06953079,-48.653652,0.011614135,-0.002729454,-0.70120895,10,0.5703620910644531,1.6386245252314164e-14,7.802134053792346e-15,1
1783662323.0311885,-0.11829211,-0.07008976,-48.72266,0.0147266565,-0.004332998,-0.6684916,10,0.5703620910644531,1.807936199124331e-14,7.784536574060658e-15,1
1783662323.1311545,-0.11664224,-0.07063634,-48.789024,0.016622987,-0.005435586,-0.6374614,10,0.5703620910644531,1.6153153992392168e-14,4.6893920747347675e-15,1
1783662323.231227,-0.11529391,-0.07083361,-48.848026,0.017561961,-0.005835959,-0.6092912,10,0.5703620910644531,1.3934503655704533e-14,5.406284081957696e-15,1
1783662323.331132,-0.11373143,-0.070768274,-48.909195,0.018152758,-0.005969956,-0.5793734,10,0.5703620910644531,1.0085747586180687e-14,8.967181189209094e-15,1
1783662323.43134,-0.11279225,-0.07016557,-48.96271,0.017643478,-0.0056389747,-0.55258405,10,0.5703620910644531,8.293463185941576e-15,8.819749258589424e-15,1
1783662323.5313034,-0.11323353,-0.06934301,-49.017662,0.01603796,-0.0049935835,-0.5245634,10,0.5703620910644531,6.6515960136778685e-15,1.427450430770812e-14,1
1783662323.6311805,-0.11451705,-0.06864426,-49.065193,0.013641079,-0.0046946714,-0.49945304,10,0.5703620910644531,5.649329556281824e-15,1.6996967803640262e-14,1
1783662323.7312088,-0.116085656,-0.06775457,-49.113796,0.011493536,-0.004065149,-0.47450322,10,0.5536966323852539,3.918249384397248e-15,1.9910696581679773e-14,1
1783662323.831251,-0.11741851,-0.06699127,-49.15648,0.010077538,-0.0038029815,-0.45295584,10,0.5536966323852539,4.266834313311702e-15,2.0469282911392568e-14,1
1783662323.9313648,-0.11883514,-0.065809764,-49.200485,0.009452797,-0.0035743944,-0.4307837,10,0.5536966323852539,3.5075217505471203e-15,2.5327213658119577e-14,1
1783662324.0314581,-0.11967028,-0.064178556,-49.2392,0.009617782,-0.0031790067,-0.41159657,10,0.5536966323852539,2.9036429351844635e-15,2.4074808817189343e-14,1
1783662324.1311998,-0.12033984,-0.062680565,-49.27895,0.010263965,-0.0032741725,-0.39168233,10,0.5536966323852539,2.6001284489962958e-15,2.2533889876877625e-14,1
1783662324.231276,-0.12056781,-0.06203572,-49.31318,0.012525192,-0.0024481567,-0.37485635,10,0.5536966323852539,2.076015990107659e-15,1.479492356510746e-14,1
1783662324.3313158,-0.1206666,-0.06187888,-49.34878,0.011863888,-0.0065071303,-0.36138058,10,0.5536966323852539,2.4266402909307733e-15,1.0288313841280348e-14,1
1783662324.4311655,-0.12182949,-0.0631542,-49.381443,-0.0061007123,-0.028873371,-0.35768637,10,0.5536966323852539,3.305626379225766e-15,9.7710603504209e-15,1
1783662324.5312822,-0.1270999,-0.068724535,-49.4179,-0.059398517,-0.08745692,-0.36189553,10,0.5536966323852539,3.6379530713108235e-15,1.9380975075282135e-14,1
1783662324.6314192,-0.13933711,-0.08192399,-49.453236,-0.14877363,-0.18204124,-0.37101126,10,0.5536966323852539,3.856485475407745e-15,2.2985945668997697e-14,1
1783662324.7313273,-0.16532463,-0.110256694,-49.4935,-0.29390964,-0.33470997,-0.39080647,10,0.5370302200317383,8.636048258495273e-15,3.3482673094080465e-14,1
1783662324.831263,-0.20645934,-0.15552086,-49.532333,-0.4717603,-0.5194193,-0.40173262,10,0.5370302200317383,1.430197921699137e-14,1.1198005903101621e-13,1
1783662324.9311495,-0.27403906,-0.23113526,-49.575314,-0.7069812,-0.76393604,-0.3975269,10,0.5370302200317383,7.51877547601529e-14,3.9650262164573044e-13,1
1783662325.031197,-0.36155158,-0.33026844,-49.61355,-0.9560101,-1.0220311,-0.369815,10,0.5370302200317383,2.812107491821138e-13,1.0653022444685045e-12,1
1783662325.131451,-0.4867306,-0.47221753,-49.650562,-1.2517526,-1.324832,-0.32098573,10,0.5370302200317383,7.371145074371056e-13,2.367924495241297e-12,1
1783662325.2312496,-0.6313653,-0.6363702,-49.679073,-1.5382454,-1.6188964,-0.27314675,10,0.5370302200317383,1.3847298407740944e-12,4.382464968960016e-12,1
1783662325.3312125,-0.82070106,-0.8504522,-49.703835,-1.8558434,-1.9431685,-0.22758242,10,0.5370302200317383,2.1979717615809058e-12,7.28211817034395e-12,1
1783662325.431482,-1.025501,-1.0794859,-49.722507,-2.1529164,-2.2365365,-0.19468485,10,0.5370302200317383,3.4611195264219964e-12,1.1384638525841322e-11,1
1783662325.531485,-1.2803193,-1.3587092,-49.739143,-2.4756477,-2.535815,-0.16204505,10,0.5370302200317383,5.066994202943594e-12,1.6504338632489995e-11,1
1783662325.631155,-1.5463289,-1.6419934,-49.751457,-2.766843,-2.7874687,-0.12586226,10,0.5370302200317383,7.60458053852508e-12,2.2609357316366234e-11,1
1783662325.7316928,-1.8655277,-1.9721125,-49.761425,-3.0616608,-3.0290873,-0.08510353,10,0.5203657150268555,1.0973877278992778e-11,2.9315208194135743e-11,1
1783662325.8315837,-2.1871953,-2.293692,-49.767742,-3.3070068,-3.2158551,-0.05666476,10,0.5203657150268555,1.4878820043749294e-11,3.683834510232874e-11,1
1783662325.9314911,-2.5595863,-2.6559753,-49.773148,-3.5308092,-3.3753264,-0.03959591,10,0.5203657150268555,1.8997626072131602e-11,4.4151653439196576e-11,1
1783662326.0317092,-2.9189289,-2.9979608,-49.77842,-3.6901996,-3.4813507,-0.039977457,10,0.5203657150268555,2.2756001162315118e-11,5.069191719204586e-11,1
1783662326.1312127,-3.3179932,-3.3724003,-49.786636,-3.8062856,-3.5522141,-0.05255492,10,0.5203657150268555,2.608765865251939e-11,5.647906233802219e-11,1
1783662326.2312527,-3.6895363,-3.717942,-49.796757,-3.861049,-3.5771565,-0.06485899,10,0.5203657150268555,2.9271333724434874e-11,6.145407183343889e-11,1
1783662326.3311424,-4.0889006,-4.0881042,-49.809788,-3.865939,-3.5610437,-0.066484034,10,0.5203657150268555,3.1962458350013885e-11,6.590490600776683e-11,1
1783662326.4312294,-4.449732,-4.422582,-49.822643,-3.8296247,-3.510965,-0.06792466,10,0.5203657150268555,3.4076858968288496e-11,6.92776084140308e-11,1
1783662326.5315766,-4.829519,-4.7742753,-49.836327,-3.7659159,-3.436837,-0.06280405,10,0.5203657150268555,3.51206817894283e-11,7.079725206873921e-11,1
1783662326.6311443,-5.168588,-5.087609,-49.848434,-3.699327,-3.3629308,-0.056328256,10,0.5203657150268555,3.5948314547743885e-11,7.063813101727093e-11,1
1783662326.7312956,-5.52559,-5.4163795,-49.860497,-3.6308174,-3.2880707,-0.05044372,10,0.5076847076416016,3.601921779183151e-11,6.934049812426666e-11,1
1783662326.8311708,-5.8475337,-5.712066,-49.871025,-3.5767994,-3.2305696,-0.04664256,10,0.5076847076416016,3.596462045309965e-11,6.714605319447695e-11,1
1783662326.9313452,-6.1906376,-6.025958,-49.882526,-3.5307226,-3.1840641,-0.044046514,10,0.5076847076416016,3.603580040386132e-11,6.501296640216411e-11,1
1783662327.0314312,-6.504909,-6.3118935,-49.893127,-3.5008492,-3.1563122,-0.0420345,10,0.5076847076416016,3.6113734225461804e-11,6.368634660480359e-11,1
1783662327.1312778,-6.844522,-6.619855,-49.904488,-3.4808,-3.1429207,-0.03940783,10,0.5076847076416016,3.657204611732981e-11,6.246253664064314e-11,1
1783662327.2312984,-7.1590567,-6.9045963,-49.914608,-3.4718156,-3.144452,-0.03564687,10,0.5076847076416016,3.643736421541044e-11,6.075703294232042e-11,1
1783662327.33112,-7.5023317,-7.215382,-49.924656,-3.4700193,-3.1584713,-0.030217655,10,0.5076847076416016,3.588070038225747e-11,5.888813968987825e-11,1
1783662327.4311006,-7.821642,-7.5052714,-49.93278,-3.4734511,-3.179836,-0.02492835,10,0.5076847076416016,3.42232040818228e-11,5.7528690946046015e-11,1
1783662327.5313716,-8.170325,-7.823931,-49.940434,-3.48053,-3.2095404,-0.01932206,10,0.5076847076416016,3.252248415286688e-11,5.721300790107412e-11,1
1783662327.631178,-8.494175,-8.122746,-49.945858,-3.4883976,-3.2406852,-0.014438904,10,0.5076847076416016,3.120650705548187e-11,5.7705986668914747e-11,1
1783662327.7312033,-8.846623,-8.451412,-49.950386,-3.496606,-3.2754087,-0.010439548,10,0.5028419494628906,3.0529300625248144e-11,5.963512190311117e-11,1
1783662327.8312998,-9.173291,-8.759364,-49.953564,-3.503717,-3.3068771,-0.00785299,10,0.5028419494628906,3.068652114621514e-11,6.103278030654274e-11,1
1783662327.931168,-9.528109,-9.097096,-49.956192,-3.5097642,-3.3384135,-0.006394877,10,0.5028419494628906,3.218017391143582e-11,6.364916698674249e-11,1
1783662328.0313225,-9.856456,-9.412686,-49.958282,-3.5141454,-3.364562,-0.006096554,10,0.5028419494628906,3.36614086373821e-11,6.567580009105751e-11,1
1783662328.1312754,-10.212478,-9.75829,-49.96023,-3.5176077,-3.3888605,-0.0064258357,10,0.5028419494628906,3.4272446471593515e-11,6.647552648637896e-11,1
1783662328.2313328,-10.541125,-10.080348,-49.961536,-3.51975,-3.4066675,-0.006910269,10,0.5028419494628906,3.413028390226172e-11,6.67728782903218e-11,1
1783662328.331116,-10.897732,-10.431347,-49.96249,-3.5230207,-3.419905,-0.007863452,10,0.5028419494628906,3.398852774793678e-11,6.727777717874396e-11,1
1783662328.4312856,-11.228127,-10.755494,-49.96327,-3.5276463,-3.4253142,-0.008743339,10,0.5028419494628906,3.3786789458489684e-11,6.801220684011283e-11,1
1783662328.5310986,-11.587677,-11.106379,-49.96484,-3.534842,-3.4244642,-0.010616283,10,0.5028419494628906,3.343784714789203e-11,6.868446649421636e-11,1
1783662328.6313474,-11.920895,-11.429606,-49.967106,-3.542932,-3.4187965,-0.011859911,10,0.5028419494628906,3.396399573387249e-11,6.99024042918616e-11,1
1783662328.7312217,-12.283513,-11.778594,-49.970066,-3.553335,-3.4086528,-0.012187289,10,0.5010499954223633,3.584861639423025e-11,7.13116007882389e-11,1
1783662328.8315797,-12.620388,-12.0998125,-49.97363,-3.5637753,-3.3977227,-0.012004906,10,0.5010499954223633,3.67811879837366e-11,7.19763420087849e-11,1
1783662328.9313836,-12.958682,-12.420213,-49.977436,-3.5736334,-3.386815,-0.010833425,10,0.5010499954223633,3.662895704729941e-11,7.239832367768471e-11,1
1783662329.0311458,-13.326169,-12.766852,-49.981277,-3.5829144,-3.3760734,-0.008612301,10,0.5010499954223633,3.6495504306122205e-11,7.253317379173518e-11,1
1783662329.1311429,-13.694694,-13.1130085,-49.984764,-3.5902758,-3.3670182,-0.0060892683,10,0.5010499954223633,3.6371904899979486e-11,7.31330496698471e-11,1
1783662329.2313037,-14.035938,-13.432119,-49.987213,-3.5958521,-3.3600943,-0.0039462657,10,0.5010499954223633,3.639320330615683e-11,7.302127876885896e-11,1
1783662329.3312163,-14.407162,-13.777598,-49.98945,-3.6010637,-3.3542273,-0.002083345,10,0.5010499954223633,3.700389011649253e-11,7.3090769817658e-11,1
1783662329.43137,-14.751391,-14.096575,-49.99128,-3.6051214,-3.350621,-0.0010045908,10,0.5010499954223633,3.818563135265718e-11,7.278461470549248e-11,1
1783662329.5311284,-15.125942,-14.442557,-49.992966,-3.6098661,-3.3487709,0.00014109348,10,0.5010499954223633,3.89107130169593e-11,7.221611084422294e-11,1
1783662329.6314385,-15.472823,-14.762789,-49.99406,-3.6139703,-3.3493311,0.0009418803,10,0.5010499954223633,3.917015001446512e-11,7.181969316732441e-11,1
1783662329.7311788,-15.849324,-15.1103115,-49.99465,-3.6179862,-3.351207,0.0015322096,10,0.5003890991210938,3.917635000656009e-11,7.26392805414483e-11,1
1783662329.8311086,-16.19762,-15.431871,-49.995155,-3.621302,-3.3538659,0.0011697927,10,0.5003890991210938,3.840752065665821e-11,7.326191657177858e-11,1
1783662329.931193,-16.57527,-15.781426,-49.99587,-3.6244848,-3.357484,0.00062594214,10,0.5003890991210938,3.851860256818298e-11,7.456337158947755e-11,1
1783662330.031172,-16.923199,-16.105402,-49.996544,-3.6261935,-3.3612556,0.0001219861,10,0.5003890991210938,3.8390646928643305e-11,7.595325043760321e-11,1
1783662330.1313577,-17.299006,-16.45841,-49.996937,-3.6270115,-3.3664274,-0.00053066626,10,0.5003890991210938,3.821394487694043e-11,7.676351216078847e-11,1
1783662330.2311888,-17.64521,-16.785944,-49.997475,-3.6274364,-3.371626,-0.0013493497,10,0.5003890991210938,3.786130329520463e-11,7.601403452076371e-11,1
1783662330.3313797,-18.020117,-17.142492,-49.998234,-3.6284678,-3.3775065,-0.0019842715,10,0.5003890991210938,3.7698885517695167e-11,7.524506632766761e-11,1
1783662330.431264,-18.366589,-17.472454,-49.99882,-3.6306798,-3.381834,-0.0023870452,10,0.5003890991210938,3.720855995283882e-11,7.5164564841991e-11,1
1783662330.531205,-18.74216,-17.829659,-49.999615,-3.634053,-3.384607,-0.0028274178,10,0.5003890991210938,3.7026709474498866e-11,7.511892328571935e-11,1
1783662330.6311626,-19.089344,-18.159527,-50.000603,-3.6379092,-3.386198,-0.0033762492,10,0.5003890991210938,3.719479194236994e-11,7.449883340802618e-11,1
1783662330.7319844,-19.466953,-18.517117,-50.00199,-3.6426532,-3.3874485,-0.003179799,10,0.5001440048217773,3.738571098304531e-11,7.439706195794281e-11,1
1783662330.8318372,-19.816584,-18.847162,-50.00336,-3.64682,-3.388693,-0.002399336,10,0.5001440048217773,3.831674127502757e-11,7.508735925782247e-11,1
1783662330.93144,-20.196516,-19.205193,-50.0047,-3.6505425,-3.3908105,-0.0017217991,10,0.5001440048217773,3.943249306092194e-11,7.504377636501581e-11,1
1783662331.0313094,-20.548098,-19.535645,-50.006042,-3.6532898,-3.3925786,-0.0008971102,10,0.5001440048217773,3.9850515032347024e-11,7.456932156330097e-11,1
1783662331.1314175,-20.929695,-19.893913,-50.007088,-3.6554615,-3.394731,0.00037432055,10,0.5001440048217773,3.984190599258692e-11,7.461180173949924e-11,1
1783662331.2311554,-21.2823,-20.22524,-50.007645,-3.6566572,-3.3966732,0.0012075304,10,0.5001440048217773,4.013536899519852e-11,7.566476744937985e-11,1
1783662331.3312297,-21.66474,-20.58468,-50.008045,-3.657388,-3.3990512,0.0016006067,10,0.5001440048217773,4.028501811210907e-11,7.627952715497655e-11,1
1783662331.4312258,-22.018051,-20.916817,-50.008686,-3.657422,-3.4007556,0.0016539721,10,0.5001440048217773,4.010329094645767e-11,7.64521845241031e-11,1
1783662331.5313125,-22.40059,-21.276604,-50.01006,-3.6564999,-3.4017782,0.0014906483,10,0.5001440048217773,4.012135941237429e-11,7.697762106416129e-11,1
1783662331.6312807,-22.75365,-21.608795,-50.01132,-3.6554453,-3.4025962,0.0016630718,10,0.5001440048217773,4.017802151386601e-11,7.733271345409353e-11,1
1783662331.7313201,-23.13646,-21.968634,-50.013042,-3.6537914,-3.402347,0.002228812,10,0.5000572204589844,4.0091858370899515e-11,7.682029409189058e-11,1
1783662331.8313107,-23.489653,-22.30048,-50.014732,-3.6520748,-3.4013216,0.0031532876,10,0.5000572204589844,4.028436243742959e-11,7.706783012214419e-11,1
1783662331.9313412,-23.872402,-22.659737,-50.015987,-3.6501808,-3.4001317,0.0044489275,10,0.5000572204589844,3.995490916533833e-11,7.75462222652095e-11,1
1783662332.0313857,-24.225029,-22.990929,-50.016693,-3.647777,-3.398444,0.0056023607,10,0.5000572204589844,3.9377277874716145e-11,7.723997706649023e-11,1
1783662332.1311066,-24.605366,-23.348867,-50.01711,-3.6436257,-3.3964658,0.006122874,10,0.5000572204589844,3.8682791685451413e-11,7.657716912851211e-11,1
1783662332.2313027,-24.955198,-23.678892,-50.016727,-3.6390243,-3.394619,0.0065715457,10,0.5000572204589844,3.793343410641857e-11,7.629289823049573e-11,1
1783662332.3312054,-25.333063,-24.036587,-50.015915,-3.6336238,-3.3935707,0.0061077173,10,0.5000572204589844,3.785918603394084e-11,7.510440460086246e-11,1
1783662332.4312978,-25.680841,-24.36712,-50.01539,-3.6285884,-3.393621,0.005446635,10,0.5000572204589844,3.838166267506023e-11,7.497433094138969e-11,1
1783662332.5311716,-26.05725,-24.725292,-50.014954,-3.6236093,-3.3944645,0.0041438187,10,0.5000572204589844,3.902262798461076e-11,7.641481086818779e-11,1
1783662332.6311574,-26.403606,-25.056099,-50.01524,-3.619143,-3.3957653,0.0028992863,10,0.5000572204589844,3.8697384261216634e-11,7.756946770103917e-11,1
1783662332.7313154,-26.777313,-25.414927,-50.016586,-3.6142948,-3.3976667,0.002133965,10,0.5000267028808594,3.7568895380515394e-11,7.704648726525934e-11,1
1783662332.8311238,-27.121386,-25.746277,-50.018246,-3.610498,-3.3996475,0.0022796516,10,0.5000267028808594,3.6915258113081764e-11,7.651235694801558e-11,1
1783662332.93125,-27.493671,-26.105442,-50.02021,-3.6073012,-3.4016175,0.0028499996,10,0.5000267028808594,3.6505418566142564e-11,7.679715665749351e-11,1
1783662333.0312471,-27.837454,-26.43721,-50.02204,-3.6058743,-3.4033072,0.0041763484,10,0.5000267028808594,3.708010629984721e-11,7.660719045994785e-11,1
1783662333.1311135,-28.210491,-26.796621,-50.023937,-3.6059644,-3.4048018,0.0055378606,10,0.5000267028808594,3.804510795635301e-11,7.63342630500735e-11,1
1783662333.2313135,-28.555622,-27.128315,-50.025394,-3.6074326,-3.4055665,0.0072839684,10,0.5000267028808594,3.9380581858548196e-11,7.602249421912986e-11,1
1783662333.3312235,-28.93034,-27.487545,-50.026585,-3.6102824,-3.4063506,0.00902044,10,0.5000267028808594,4.0043206500119034e-11,7.564716940015518e-11,1
1783662333.4313188,-29.276878,-27.81935,-50.027763,-3.6134944,-3.4073546,0.010080461,10,0.5000267028808594,3.9707282859495767e-11,7.447242200179076e-11,1
1783662333.5312207,-29.653212,-28.17928,-50.028534,-3.6175482,-3.4087412,0.011216626,10,0.5000267028808594,3.919082182809504e-11,7.434666970915547e-11,1
1783662333.6313207,-30.001137,-28.512089,-50.028404,-3.620952,-3.4102974,0.012306131,10,0.5000267028808594,3.8273535333907635e-11,7.468574674233748e-11,1
1783662333.731185,-30.378166,-28.872772,-50.02796,-3.6242154,-3.411761,0.012589195,10,0.5000267028808594,3.7883374232675966e-11,7.560111607436336e-11,1
1783662333.8312044,-30.726707,-29.205467,-50.02761,-3.6269026,-3.412566,0.012194338,10,0.5000267028808594,3.8275082034864914e-11,7.653574445966199e-11,1
1783662333.9311757,-31.104988,-29.565825,-50.026817,-3.6297593,-3.4130166,0.011919744,10,0.5000267028808594,3.8302152396645635e-11,7.668435490397262e-11,1
1783662334.031361,-31.454386,-29.89856,-50.026188,-3.6317794,-3.413205,0.011149522,10,0.5000267028808594,3.805772232030942e-11,7.60336507670903e-11,1
1783662334.1312144,-31.832405,-30.258677,-50.025993,-3.6329212,-3.412877,0.010170536,10,0.5000267028808594,3.8551533538246384e-11,7.623122188127133e-11,1
1783662334.2311792,-32.181435,-30.590683,-50.026196,-3.6336684,-3.4121776,0.009684135,10,0.5000267028808594,3.899453471535448e-11,7.662853474415921e-11,1
1783662334.331165,-32.560123,-30.95011,-50.026356,-3.634268,-3.4112074,0.009496075,10,0.5000267028808594,3.897589756602035e-11,7.599777926297583e-11,1
1783662334.4311955,-32.909927,-31.2809,-50.02611,-3.6346314,-3.4097,0.009765233,10,0.5000267028808594,3.9160182490199185e-11,7.450611334506171e-11,1
1783662334.5310898,-33.28944,-31.637232,-50.024967,-3.6351979,-3.4069636,0.009653305,10,0.5000267028808594,3.963752862975832e-11,7.409702754475916e-11,1
1783662334.6311808,-33.6404,-31.964539,-50.023346,-3.6359804,-3.403483,0.008926427,10,0.5000267028808594,3.9710238995837227e-11,7.315345683044214e-11,1
1783662334.7312603,-34.02091,-32.31759,-50.02214,-3.6364264,-3.399866,0.007197238,10,0.5000267028808594,3.885966314414327e-11,7.20494102403629e-11,1
1783662334.8315465,-34.372368,-32.642593,-50.021515,-3.636327,-3.3971891,0.0057391794,10,0.5000267028808594,3.789170414552151e-11,7.17385333519264e-11,1
1783662334.9311788,-34.752716,-32.994354,-50.021004,-3.6357317,-3.3955848,0.004273737,10,0.5000267028808594,3.7170542333730156e-11,7.224130005314234e-11,1
1783662335.0313206,-35.1028,-33.319084,-50.02009,-3.6341994,-3.395713,0.0035870448,10,0.5000267028808594,3.669343099188561e-11,7.300083591204199e-11,1
1783662335.131281,-35.481297,-33.670837,-50.018143,-3.6314485,-3.3973703,0.0024308437,10,0.5000267028808594,3.717887052327403e-11,7.458124320342805e-11,1
1783662335.2313325,-35.83045,-33.996033,-50.01576,-3.6291842,-3.4000766,0.00092112203,10,0.5000267028808594,3.7366299069130584e-11,7.609285468713922e-11,1
1783662335.331819,-36.208397,-34.349323,-50.01214,-3.6267145,-3.404572,-0.0010647274,10,0.5000267028808594,3.8305772378341475e-11,7.728777588563558e-11,1
1783662335.4312274,-36.55726,-34.676365,-50.00933,-3.6247263,-3.4096255,-0.004232482,10,0.5000267028808594,3.914908243952712e-11,7.775700169630947e-11,1
1783662335.5314393,-36.934772,-35.03129,-50.00748,-3.6225045,-3.415335,-0.0077056345,10,0.5000267028808594,3.916969174848759e-11,7.718328222454615e-11,1
1783662335.631796,-37.282715,-35.360077,-50.006653,-3.620337,-3.4213285,-0.010056768,10,0.5000267028808594,3.866433322351621e-11,7.618319749244098e-11,1
1783662335.731345,-37.65901,-35.717083,-50.00643,-3.617791,-3.4277902,-0.012106224,10,0.5000267028808594,3.905628266042709e-11,7.469578545512731e-11,1
1783662335.8313184,-38.005795,-36.046497,-50.00725,-3.6151989,-3.4326217,-0.013011348,10,0.5000267028808594,3.980498038167943e-11,7.417063488349102e-11,1
1783662335.9311817,-38.38094,-36.403328,-50.00883,-3.6125598,-3.436721,-0.013181669,10,0.5000267028808594,3.979024652836563e-11,7.361002594831483e-11,1
1783662336.0311718,-38.72653,-36.732933,-50.01014,-3.6098158,-3.4402924,-0.012170156,10,0.5000267028808594,3.978300328635367e-11,7.397863107162437e-11,1
1783662336.1319141,-39.07135,-37.062725,-50.01114,-3.6073842,-3.4433956,-0.010809099,10,0.5000267028808594,3.92999918123269e-11,7.504679162223824e-11,1
1783662336.2312202,-39.444164,-37.42039,-50.0128,-3.6051335,-3.4465816,-0.009924647,10,0.5000267028808594,3.807747849560223e-11,7.559538219458006e-11,1
1783662336.332393,-39.787968,-37.750813,-50.014732,-3.6045117,-3.4500403,-0.0091726,10,0.5000267028808594,3.714882938771681e-11,7.54993759246427e-11,1
1783662336.4320776,-40.160698,-38.109367,-50.01708,-3.6054018,-3.4541018,-0.0075077266,10,0.5000267028808594,3.7225984094469666e-11,7.561225711549848e-11,1
1783662336.5317013,-40.505375,-38.441185,-50.019382,-3.6073704,-3.457814,-0.005325115,10,0.5000267028808594,3.801334937053231e-11,7.55637014514727e-11,1
1783662336.6312864,-40.8798,-38.801823,-50.02123,-3.6099687,-3.4618797,-0.002634306,10,0.5000267028808594,3.903932661800931e-11,7.640358282298663e-11,1
1783662336.731195,-41.22625,-39.135635,-50.02218,-3.6127536,-3.465007,-0.00028329893,10,0.5000267028808594,3.9076681216236404e-11,7.806501794070402e-11,1
1783662336.831177,-41.602375,-39.49845,-50.02281,-3.616047,-3.468271,0.0015617374,10,0.5000267028808594,3.8443653399068085e-11,7.927179979910456e-11,1
1783662336.9311807,-41.950382,-39.833992,-50.023716,-3.6185732,-3.469733,0.003948685,10,0.5000267028808594,3.7623477839103225e-11,7.918659358133114e-11,1
1783662337.0312793,-42.32724,-40.196793,-50.024647,-3.6103895,-3.4590576,0.0054161428,10,0.5000267028808594,3.734269214412554e-11,7.907769580392681e-11,1
1783662337.131111,-42.67265,-40.52861,-50.02526,-3.5781825,-3.4253228,0.002045244,10,0.5000267028808594,3.7134431077042585e-11,7.846521296334326e-11,1
1783662337.2311435,-43.040398,-40.881996,-50.026806,-3.5058215,-3.3626635,-0.0053079203,10,0.5000267028808594,3.714398613477573e-11,7.702851880327719e-11,1
1783662337.3312912,-43.368828,-41.200195,-50.029278,-3.3964536,-3.2875319,-0.014762174,10,0.5000267028808594,3.670007224095864e-11,7.522255402734797e-11,1
1783662337.431199,-43.707333,-41.53455,-50.033386,-3.2268546,-3.1944036,-0.026683146,10,0.5000267028808594,3.588081060890503e-11,7.355860362498264e-11,1
1783662337.5314221,-43.998524,-41.83281,-50.038948,-3.0217633,-3.102445,-0.03838179,10,0.5000267028808594,3.443208006081044e-11,7.230226334213013e-11,1
1783662337.631301,-44.2853,-42.145287,-50.045414,-2.748294,-2.998754,-0.04490862,10,0.5000267028808594,3.220313827536675e-11,7.010370271785701e-11,1
1783662337.731322,-44.51987,-42.423943,-50.050697,-2.4567766,-2.9005136,-0.035974156,10,0.5000267028808594,2.95598285286483e-11,6.657779276983558e-11,1
1783662337.8314288,-44.736702,-42.713787,-50.054127,-2.110083,-2.7893295,-0.018004468,10,0.5000267028808594,2.685800144437019e-11,6.280789227108897e-11,1
1783662337.9312394,-44.901485,-42.969276,-50.0546,-1.7741442,-2.680406,-0.0021483847,10,0.5000267028808594,2.358486516262813e-11,5.86059888392672e-11,1
1783662338.031401,-45.04144,-43.232685,-50.052555,-1.403749,-2.555712,0.010317507,10,0.5000267028808594,1.9705302952526384e-11,5.360133915838778e-11,1
1783662338.1314714,-45.135616,-43.462925,-50.0493,-1.0626482,-2.434525,0.016528249,10,0.5000267028808594,1.5546977881316443e-11,4.860425798784494e-11,1
1783662338.2312245,-45.20111,-43.697918,-50.045338,-0.69913346,-2.2982297,0.018338485,10,0.5000267028808594,1.134337993781374e-11,4.465922890215511e-11,1
1783662338.3312018,-45.2289,-43.901123,-50.0417,-0.3714932,-2.1681342,0.01678062,10,0.5000267028808594,7.648689029038521e-12,4.083046623036629e-11,1
1783662338.4315586,-45.224762,-44.106365,-50.038113,-0.026353015,-2.024139,0.012901389,10,0.5000267028808594,4.6047208836150985e-12,3.648234461236398e-11,1
1783662338.5313935,-45.19497,-44.267857,-50.035484,0.25682485,-1.9003878,0.008696748,10,0.5000267028808594,2.360948092687067e-12,3.1999666865943065e-11,1
1783662338.631692,-45.123886,-44.457073,-50.033382,0.6054909,-1.7407337,0.0050488506,10,0.5000267028808594,1.0365061497088221e-12,2.8651156051237455e-11,1
1783662338.7314813,-45.035145,-44.604736,-50.03214,0.89255613,-1.601732,0.00404569,10,0.5000267028808594,3.464919793736277e-13,2.60065787651614e-11,1
1783662338.8311687,-44.911804,-44.74964,-50.031208,1.1893002,-1.4485344,0.0028098538,10,0.5000267028808594,1.4080939275479357e-13,2.3560599523894066e-11,1
1783662338.9311702,-44.7739,-44.869396,-50.031097,1.4506338,-1.3047781,0.000825164,10,0.5000267028808594,3.7022604424308963e-13,2.113632713727846e-11,1
1783662339.0316844,-44.613853,-44.97571,-50.03181,1.700599,-1.1590825,-0.0017540607,10,0.5000267028808594,9.779345130215936e-13,1.9190665554442288e-11,1
1783662339.1318498,-44.417156,-45.076122,-50.033222,1.9596214,-0.99937457,-0.0057232142,10,0.5000267028808594,2.0735992871826344e-12,1.6442217832804103e-11,1
1783662339.231243,-44.196384,-45.16126,-50.035618,2.2094054,-0.8377162,-0.009870876,10,0.5000267028808594,3.485573117831059e-12,1.3225136476419088e-11,1
1783662339.33121,-43.971924,-45.226143,-50.03899,2.434947,-0.68566173,-0.014171786,10,0.5000267028808594,5.211287254495215e-12,1.0439009752952628e-11,1
1783662339.431215,-43.70696,-45.28026,-50.043358,2.6749034,-0.514726,-0.018232888,10,0.5000267028808594,7.76528974686577e-12,7.843803017493562e-12,1
1783662339.5311801,-43.442577,-45.313995,-50.047543,2.8940048,-0.34817943,-0.02149216,10,0.5000267028808594,9.27309619228661e-12,6.4213824841439886e-12,1
1783662339.6312616,-43.135036,-45.331707,-50.052044,3.130138,-0.15596554,-0.02528958,10,0.5000267028808594,1.1515479023420513e-11,4.5462754238127665e-12,1
1783662339.7312047,-42.831047,-45.329254,-50.05631,3.3476565,0.0352291,-0.026808059,10,0.5000267028808594,1.3900195503209441e-11,3.099746158092737e-12,1
1783662339.8312843,-42.479332,-45.30572,-50.05994,3.578134,0.2559444,-0.0138342315,10,0.5000267028808594,1.839505761886211e-11,1.4377926166214512e-12,1
1783662339.9311829,-42.134262,-45.26334,-50.062336,3.7849412,0.47098938,-0.005741443,10,0.5000267028808594,2.2648952171397784e-11,5.680928393137588e-13,1
1783662340.0313103,-41.738285,-45.193382,-50.062855,3.999154,0.7010226,0.01697881,10,0.5000267028808594,2.736980298471059e-11,1.9472308345669251e-13,1
1783662340.1312737,-41.353233,-45.10755,-50.060505,4.1864824,0.89862704,0.0406572,10,0.5000267028808594,3.251469125842152e-11,2.9314594236536933e-13,1
1783662340.2313685,-40.91617,-44.99529,-50.055897,4.3739357,1.0805866,0.05838023,10,0.5000267028808594,3.745938033459551e-11,8.714329615906429e-13,1
1783662340.331136,-40.49545,-44.878567,-50.05085,4.5284677,1.2071321,0.065228164,10,0.5000267028808594,4.172859700714776e-11,1.7550505416488263e-12,1
1783662340.431196,-40.024487,-44.744164,-50.045197,4.6699324,1.2912357,0.06422265,10,0.5000267028808594,4.5221910560490853e-11,2.842097517494143e-12,1
1783662340.531316,-39.578323,-44.61776,-50.040157,4.7730002,1.3185687,0.057998043,10,0.5000267028808594,4.8187720339472364e-11,4.0155351458667656e-12,1
1783662340.6316133,-39.08625,-44.484314,-50.035534,4.850737,1.2942306,0.047476325,10,0.5000267028808594,5.1016247389151986e-11,5.1022287891107184e-12,1
1783662340.731224,-38.62881,-44.370422,-50.032932,4.887571,1.2242386,0.038089916,10,0.5000267028808594,5.334964277367557e-11,6.185761954214853e-12,1
1783662340.8312032,-38.133957,-44.261486,-50.031487,4.8935184,1.1099783,0.03944269,10,0.5000267028808594,5.609830569942171e-11,6.8444174084564796e-12,1
1783662340.9313848,-37.68032,-44.17606,-50.030235,4.8790565,0.9921072,0.042802975,10,0.5000267028808594,5.89224545289822e-11,7.300434471362523e-12,1
1783662341.0312972,-37.193798,-44.099586,-50.028587,4.8526955,0.8714284,0.04423996,10,0.5000267028808594,6.15517965880812e-11,7.09460893321643e-12,1
1783662341.1312914,-36.74833,-44.04086,-50.027332,4.8250804,0.77767974,0.042556036,10,0.5000267028808594,6.358588568840414e-11,6.318560944789512e-12,1
1783662341.2311985,-36.26977,-43.987133,-50.026344,4.795271,0.7001908,0.03889999,10,0.5000267028808594,6.39748641996092e-11,5.232624821991691e-12,1
1783662341.3312874,-35.831413,-43.94314,-50.02575,4.7688537,0.65162915,0.034672968,10,0.5000267028808594,6.369053030918918e-11,3.9192437549293824e-12,1
1783662341.43121,-35.359238,-43.898163,-50.02554,4.743585,0.62294054,0.030273993,10,0.5000267028808594,6.262550470648815e-11,2.73951685806163e-12,1
1783662341.5312862,-34.92503,-43.85676,-50.025963,4.724308,0.6158168,0.026987469,10,0.5000267028808594,6.259148960945e-11,2.1616384660824045e-12,1
1783662341.6312568,-34.45456,-43.80884,-50.026257,4.7093506,0.6263705,0.023980517,10,0.5000267028808594,6.330141915598e-11,1.9623981631686975e-12,1
1783662341.7312574,-34.019714,-43.759815,-50.026657,4.7013187,0.64993113,0.022169404,10,0.5000267028808594,6.354018936922258e-11,2.1448386957185536e-12,1
1783662341.831373,-33.547356,-43.70024,-50.027237,4.698632,0.68665385,0.0209415,10,0.5000267028808594,6.342570633976602e-11,2.2523864912151806e-12,1
1783662341.931185,-33.109493,-43.638878,-50.02758,4.7008615,0.727402,0.020793777,10,0.5000267028808594,6.314992166020775e-11,2.533027492713166e-12,1
1783662342.0317001,-32.633102,-43.565445,-50.02677,4.7067056,0.77532524,0.021455444,10,0.5000267028808594,6.256385631118536e-11,2.6964929152601705e-12,1
1783662342.1318915,-32.191032,-43.49142,-50.02549,4.713835,0.82004523,0.021495596,10,0.5000267028808594,6.200566044196656e-11,2.7260186949239203e-12,1
1783662342.231887,-31.709435,-43.404873,-50.02353,4.721485,0.86707586,0.021307645,10,0.5000267028808594,6.231106333819029e-11,3.107719035554883e-12,1
1783662342.3312852,-31.262905,-43.319553,-50.021374,4.727116,0.9072058,0.020249387,10,0.5000267028808594,6.303734842065174e-11,3.690398359155062e-12,1
1783662342.431314,-30.777664,-43.221443,-50.019,4.73017,0.9468012,0.018354472,10,0.5000267028808594,6.399775779751108e-11,4.276932619127913e-12,1
1783662342.5312276,-30.329317,-43.126488,-50.017246,4.7291064,0.97889173,0.015824927,10,0.5000267028808594,6.404789533489549e-11,4.680265291695001e-12,1
1783662342.6313307,-29.842794,-43.020016,-50.01614,4.7264547,1.0086584,0.012495531,10,0.5000267028808594,6.404784632587725e-11,4.950160090140455e-12,1
1783662342.731095,-29.393002,-42.919697,-50.015896,4.723513,1.0313345,0.0098602,10,0.5000267028808594,6.465576016523746e-11,5.312845645475915e-12,1
1783662342.8312151,-28.905285,-42.809395,-50.015717,4.7209306,1.0517408,0.008227966,10,0.5000267028808594,6.446024515110559e-11,5.463371637403143e-12,1
1783662342.931264,-28.454605,-42.705902,-50.015324,4.7191253,1.0676721,0.007408673,10,0.5000267028808594,6.458386620908808e-11,5.717518317643796e-12,1
1783662343.0313368,-27.965513,-42.59199,-50.01459,4.717638,1.082829,0.006911791,10,0.5000267028808594,6.490774036685663e-11,6.204119144898731e-12,1
1783662343.1312857,-27.512852,-42.485386,-50.013554,4.7174153,1.095062,0.0059146476,10,0.5000267028808594,6.625285258452787e-11,6.834255547227967e-12,1
1783662343.2312148,-27.020723,-42.36858,-50.01177,4.718557,1.1059965,0.004941902,10,0.5000267028808594,6.686847719595489e-11,7.040093116072822e-12,1
1783662344.4490244,-26.944916,-42.350506,-50.01144,4.718984,1.1075333,0.0047154,10,0.5000267028808594,6.671098712997065e-11,7.120225099379238e-12,1
1783662344.531125,-26.489555,-42.241623,-50.009632,4.721174,1.1150347,0.0030841161,10,0.5000267028808594,6.678001195796507e-11,7.456199477351229e-12,1
1783662344.6312647,-26.033468,-42.131985,-50.00788,4.7240567,1.120319,0.0008997912,10,0.5000267028808594,6.554898366446158e-11,7.963544021150943e-12,1
1783662344.7312317,-25.53904,-42.012547,-50.006214,4.7277584,1.1237923,-0.0015599126,10,0.5000267028808594,6.443071718333909e-11,8.060498825540584e-12,1
1783662344.8311539,-25.08236,-41.902004,-50.005135,4.7318296,1.1247047,-0.003911163,10,0.5000267028808594,6.393760609521706e-11,8.227239947618931e-12,1
1783662344.9312286,-24.586952,-41.782604,-50.004063,4.736799,1.1230456,-0.0060748323,10,0.5000267028808594,6.41090278349257e-11,8.24243416544925e-12,1
1783662345.0318878,-24.12936,-41.672882,-50.003128,4.7417006,1.1195096,-0.0076662134,10,0.5000267028808594,6.413449262777894e-11,8.36993720542989e-12,1
1783662345.13121,-23.633068,-41.554115,-50.00207,4.74731,1.1145884,-0.009233904,10,0.5000267028808594,6.425483111722141e-11,8.199152406031423e-12,1
1783662345.2315147,-23.174103,-41.44485,-50.00121,4.7531276,1.1095312,-0.010381989,10,0.5000267028808594,6.470345357998507e-11,8.269186319798301e-12,1
1783662345.331321,-22.675941,-41.32679,-50.00013,4.759502,1.1036454,-0.011622097,10,0.5000267028808594,6.564202506196797e-11,8.322703733815819e-12,1
1783662345.4311993,-22.214558,-41.21827,-49.999214,4.7660427,1.0981163,-0.012896893,10,0.5000267028808594,6.668953365628289e-11,8.185158520269566e-12,1
1783662345.531528,-21.71331,-41.101486,-49.99879,4.7736025,1.0920657,-0.014390225,10,0.5000267028808594,6.735649205629109e-11,7.975606017533269e-12,1
1783662345.6315835,-21.249725,-40.994713,-49.998688,4.7801695,1.0864848,-0.015373755,10,0.5000267028808594,6.770773779527603e-11,7.962830850772286e-12,1
1783662345.7313144,-20.746758,-40.879997,-49.998985,4.78728,1.0804163,-0.016072007,10,0.5000267028808594,6.761941454424477e-11,7.96225756074307e-12,1
1783662345.831221,-20.281254,-40.77488,-49.99958,4.7937093,1.0749407,-0.016478846,10,0.5000267028808594,6.778086654125332e-11,7.890714516330235e-12,1
1783662345.9315028,-19.775322,-40.66138,-50.000328,4.800817,1.0698402,-0.016395545,10,0.5000267028808594,6.840451005107668e-11,7.91464222021386e-12,1
1783662346.0315032,-19.30732,-40.55725,-50.001114,4.806998,1.0659559,-0.016068937,10,0.5000267028808594,6.926453095569079e-11,8.20929642331757e-12,1
1783662346.131278,-18.799679,-40.445267,-50.0021,4.8128805,1.0623364,-0.015537432,10,0.5000267028808594,6.988005041311681e-11,8.287346093882215e-12,1
1783662346.2311916,-18.330603,-40.342636,-50.002316,4.817844,1.0592866,-0.014932879,10,0.5000267028808594,6.984985523498565e-11,8.106526981940531e-12,1
1783662346.3317537,-17.822021,-40.231556,-50.002098,4.8223352,1.0571115,-0.014123132,10,0.5000267028808594,6.975906899856998e-11,8.045902025457215e-12,1
1783662346.4312148,-17.35221,-40.129036,-50.00174,4.826043,1.0560322,-0.014267698,10,0.5000267028808594,7.01590130491166e-11,7.868093831466984e-12,1
1783662346.5314445,-16.842514,-40.017784,-50.001392,4.8297744,1.0559652,-0.014656876,10,0.5000267028808594,7.047388753878075e-11,7.96896710691256e-12,1
1783662346.631238,-16.411314,-39.923405,-50.001354,4.8322935,1.056306,-0.014676862,10,0.5000267028808594,7.032678888024816e-11,8.20559856643328e-12,1
1783662346.7315168,-15.863398,-39.803192,-50.00126,4.833968,1.0571859,-0.015018727,10,0.5000267028808594,7.047301462715769e-11,8.15876711967088e-12,1
1783662346.831179,-15.394193,-39.699787,-50.00126,4.834607,1.0585997,-0.015088628,10,0.5000267028808594,7.068243210284845e-11,7.823687490486947e-12,1
1783662346.9314547,-14.885863,-39.58717,-50.001015,4.83474,1.0606767,-0.015169656,10,0.5000267028808594,7.145219266105525e-11,7.340644856987128e-12,1
1783662347.0316124,-14.416311,-39.482983,-50.000877,4.8352327,1.0629158,-0.015753372,10,0.5000267028808594,7.211387127898069e-11,6.930878792565138e-12,1
1783662347.1314278,-13.907826,-39.370136,-50.001137,4.8353486,1.065007,-0.016214507,10,0.5000267028808594,7.257718637027268e-11,6.851004029118066e-12,1
1783662347.2314453,-13.4777565,-39.274513,-50.001804,4.8353386,1.0668657,-0.016542617,10,0.5000267028808594,7.104081599540199e-11,6.925908464046866e-12,1
1783662347.331554,-12.93073,-39.152725,-50.003296,4.835406,1.068844,-0.016398618,10,0.5000267028808594,7.038869642400204e-11,6.877668875793008e-12,1
1783662347.431342,-12.50095,-39.05741,-50.00489,4.83559,1.0699974,-0.01564219,10,0.5000267028808594,6.98840500318222e-11,6.790207400973122e-12,1
1783662347.5314944,-12.03202,-38.953667,-50.007137,4.835869,1.0708171,-0.014764125,10,0.5000267028808594,6.93976182071963e-11,6.962045245893295e-12,1
1783662347.6318467,-11.48547,-38.832844,-50.00971,4.8361044,1.0713183,-0.012852031,10,0.5000267028808594,6.906755784186527e-11,7.107187266431202e-12,1
1783662347.7317605,-10.978629,-38.720562,-50.01189,4.8360105,1.0720443,-0.0104672415,10,0.5000267028808594,6.905779466378417e-11,7.410461966262515e-12,1
1783662347.8317556,-10.511207,-38.616673,-50.013348,4.835749,1.0730283,-0.00828175,10,0.5000267028808594,6.901290043479384e-11,8.063853855739931e-12,1
1783662347.931404,-10.083051,-38.520935,-50.014435,4.8358,1.0740881,-0.006730934,10,0.5000267028808594,6.854977710439431e-11,8.470639654905525e-12,1
1783662348.031591,-9.538296,-38.398323,-50.01516,4.8360834,1.075787,-0.0048234407,10,0.5000267028808594,6.897845000151047e-11,8.432867224232036e-12,1
1783662348.1316252,-9.0318,-38.283886,-50.015125,4.8373566,1.077806,-0.003915762,10,0.5000267028808594,6.971174628396392e-11,8.390946885636403e-12,1
1783662348.2311091,-8.563548,-38.177658,-50.014736,4.839659,1.0798784,-0.0034292275,10,0.5000267028808594,6.966251178489522e-11,8.54661012206349e-12,1
1783662348.3313928,-8.055112,-38.062073,-50.014114,4.8431516,1.0817583,-0.003392541,10,0.5000267028808594,6.979426365172177e-11,8.708956223258204e-12,1
1783662348.4312398,-7.5851293,-37.954754,-50.01372,4.846827,1.0828722,-0.003944821,10,0.5000267028808594,6.989818346117049e-11,8.51773424419639e-12,1
1783662348.531387,-7.0748653,-37.83803,-50.01324,4.850997,1.0839899,-0.0041731135,10,0.5000267028808594,7.062091678439567e-11,8.212004371829214e-12,1
1783662348.6312253,-6.6027927,-37.73049,-50.0128,4.854814,1.0844246,-0.004640578,10,0.5000267028808594,7.068216610617686e-11,7.81210698661465e-12,1
1783662348.7314663,-6.0916743,-37.61461,-50.01225,4.8574944,1.0835673,-0.0051325676,10,0.5000267028808594,7.04660373106904e-11,7.392880995361267e-12,1
1783662348.831361,-5.6203833,-37.50842,-50.01188,4.85897,1.0817207,-0.005307231,10,0.5000267028808594,7.056321153834451e-11,7.081377466047782e-12,1
1783662348.9312952,-5.1102314,-37.393867,-50.011696,4.8592186,1.0792079,-0.005867366,10,0.5000267028808594,7.007701573283405e-11,6.988022090384854e-12,1
1783662349.0311296,-4.639791,-37.288284,-50.01212,4.85883,1.0771426,-0.006461117,10,0.5000267028808594,6.842501977636162e-11,7.301187684503132e-12,1
1783662349.1311073,-4.130613,-37.174156,-50.0127,4.8578334,1.0750983,-0.006404717,10,0.5000267028808594,6.831762480209153e-11,7.678436796053318e-12,1
1783662349.2313278,-3.6607113,-37.069008,-50.013313,4.857138,1.0730784,-0.0061731027,10,0.5000267028808594,6.80696381443879e-11,7.837323953319403e-12,1
1783662349.3313093,-3.2304993,-36.97263,-50.013588,4.856303,1.071651,-0.0057109017,10,0.5000267028808594,6.81961902587455e-11,7.871677972505048e-12,1
1783662349.4313488,-2.683556,-36.850384,-50.01312,4.8545866,1.0697514,-0.0052366075,10,0.5000267028808594,6.921092274348256e-11,7.748914715538524e-12,1
1783662349.5316749,-2.1764271,-36.737503,-50.012936,4.8527155,1.0677462,-0.005572494,10,0.5000267028808594,7.037272990681857e-11,7.787743370475524e-12,1
1783662349.6316655,-1.7083733,-36.63312,-50.01324,4.8516097,1.0663946,-0.006039174,10,0.5000267028808594,7.095563601930393e-11,7.630259125943303e-12,1
1783662349.7311718,-1.2009425,-36.52001,-50.013767,4.850958,1.0652212,-0.006071899,10,0.5000267028808594,7.08508607521756e-11,7.406731231122782e-12,1
1783662349.8311472,-0.732576,-36.4156,-50.013836,4.8509207,1.0646337,-0.005877141,10,0.5000267028808594,7.018966172456937e-11,7.241354052150714e-12,1
1783662349.9314163,-0.22537121,-36.303226,-50.013393,4.8510766,1.0636618,-0.005562925,10,0.5000267028808594,6.933015484018797e-11,7.220915558288767e-12,1
1783662350.031133,0.24215461,-36.200104,-50.012764,4.8508925,1.0622078,-0.0056706634,10,0.5000267028808594,6.855341478292426e-11,7.116739289086173e-12,1
1783662350.132011,0.7483987,-36.088837,-50.011845,4.8508925,1.0607965,-0.0063800444,10,0.5000267028808594,6.81617474285188e-11,7.1417110230843956e-12,1
1783662350.2317376,1.2159392,-35.986458,-50.011272,4.8513346,1.059727,-0.0073746652,10,0.5000267028808594,6.896880167568776e-11,7.283954460237932e-12,1
1783662350.331463,1.7225237,-35.875416,-50.01169,4.8533444,1.0578827,-0.010401252,10,0.5000267028808594,6.963687445549573e-11,7.55711132066228e-12,1
1783662350.4317245,2.1516395,-35.781322,-50.01257,4.8589096,1.0487353,-0.014430385,10,0.5000267028808594,7.019820235193093e-11,7.805087075239858e-12,1
1783662350.5315917,2.6205962,-35.680225,-50.01386,4.86872,1.0169939,-0.02175913,10,0.5000267028808594,7.063745044205733e-11,7.8933519648328e-12,1
1783662350.6313112,3.1695166,-35.568546,-50.016083,4.8842006,0.935909,-0.03425177,10,0.5000267028808594,7.153770518514266e-11,7.80963480675452e-12,1
1783662350.7320387,3.6815884,-35.4773,-50.01949,4.898146,0.8077088,-0.046741363,10,0.5000267028808594,7.188922990742908e-11,7.2157066630709265e-12,1
1783662350.8312016,4.155322,-35.410007,-50.02384,4.903965,0.639813,-0.059018414,10,0.5000267028808594,7.16357266331852e-11,6.319718125400917e-12,1
1783662350.9319606,4.668329,-35.361645,-50.02989,4.8982677,0.4041465,-0.07164674,10,0.5000267028808594,7.241982568495e-11,4.858904947376172e-12,1
1783662351.0316813,5.140673,-35.34474,-50.036324,4.8797784,0.14013736,-0.07578223,10,0.5000267028808594,7.293722706988305e-11,3.371076210560054e-12,1
1783662351.131336,5.6495404,-35.36182,-50.042774,4.8441453,-0.18614107,-0.062200926,10,0.5000267028808594,7.342670621568047e-11,1.94523427430668e-12,1
1783662351.2313726,6.1148357,-35.413456,-50.04696,4.7967753,-0.5130359,-0.043102134,10,0.5000267028808594,7.254981395106772e-11,9.517217904964546e-13,1
1783662351.3313642,6.6125026,-35.50902,-50.049023,4.73093,-0.8808747,-0.022768334,10,0.5000267028808594,7.108658599200737e-11,3.4983286865687274e-13,1
1783662351.4312787,7.0646358,-35.633812,-50.048786,4.657741,-1.2230079,-0.007757862,10,0.5000267028808594,6.904073855885827e-11,4.3530250316880483e-13,1
1783662351.5316355,7.5451574,-35.807583,-50.047237,4.565321,-1.5886812,0.0027817565,10,0.5000267028808594,6.692190849263423e-11,1.5957062499339483e-12,1
1783662351.6311321,7.9784546,-36.0016,-50.044643,4.4686713,-1.915652,0.011755372,10,0.5000267028808594,6.522518711764842e-11,3.934080565940967e-12,1
1783662351.731342,8.436033,-36.24695,-50.040764,4.35318,-2.2535503,0.024252793,10,0.5000267028808594,6.40579322671269e-11,7.444447369231047e-12,1
1783662351.8311267,8.847182,-36.502483,-50.036217,4.2380095,-2.5428462,0.03388472,10,0.5000267028808594,6.364194173040759e-11,1.2597253457932828e-11,1
1783662351.9312158,9.280173,-36.807255,-50.031075,4.1058707,-2.825927,0.039600212,10,0.5000267028808594,6.266279618593767e-11,1.8902170367207206e-11,1
1783662352.0311553,9.66776,-37.111156,-50.02645,3.9780545,-3.055368,0.04095348,10,0.5000267028808594,6.108675151227351e-11,2.6141829573265502e-11,1
1783662352.1313295,10.074044,-37.460464,-50.021515,3.8346684,-3.2674742,0.03863644,10,0.5000267028808594,5.874914050444074e-11,3.4029565900137295e-11,1
1783662352.2315447,10.436288,-37.79789,-50.018017,3.6988022,-3.4302485,0.0344787,10,0.5000267028808594,5.538968107280497e-11,4.257205015816665e-11,1
1783662352.3311734,10.814211,-38.17559,-50.01514,3.5519307,-3.570982,0.03176174,10,0.5000267028808594,5.1809478269247104e-11,5.068296873805364e-11,1
1783662352.4313433,11.149876,-38.53193,-50.012917,3.4257045,-3.6714637,0.029304039,10,0.5000267028808594,4.816862037068123e-11,5.794871952599795e-11,1
1783662352.5312994,11.500664,-38.923172,-50.011463,3.3084733,-3.7525132,0.020934602,10,0.5000267028808594,4.401859537946913e-11,6.318754423491117e-11,1
1783662352.6312554,11.814406,-39.28644,-50.011086,3.2150288,-3.8093724,0.008340144,10,0.5000267028808594,4.003432999610519e-11,6.749122104804784e-11,1
1783662352.731352,12.144534,-39.680912,-50.011753,3.1097558,-3.863873,-0.006426578,10,0.5000267028808594,3.6552294393462674e-11,7.214211809928886e-11,1
1783662352.8311217,12.438892,-40.04659,-50.013424,2.9949353,-3.91383,-0.010612945,10,0.5000267028808594,3.3321270283783984e-11,7.600105756090146e-11,1
1783662352.9312837,12.744778,-40.446636,-50.015484,2.860873,-3.975998,-0.006317691,10,0.5000267028808594,3.0910241321486546e-11,7.964625360163611e-11,1
1783662353.0313632,13.0150175,-40.821514,-50.017216,2.744424,-4.0425377,0.002088736,10,0.5000267028808594,2.929138391692762e-11,8.604278429781805e-11,1
1783662353.13117,13.296535,-41.23528,-50.018467,2.6407783,-4.1156106,0.010663687,10,0.5000267028808594,2.7957728196311544e-11,8.954215823822458e-11,1
1783662353.2314324,13.548819,-41.623844,-50.01938,2.5770757,-4.171764,0.012359554,10,0.5000267028808594,2.618436650839461e-11,9.181310883073315e-11,1
1783662353.3311975,13.818321,-42.049576,-50.021076,2.5509496,-4.206592,0.009657635,10,0.5000267028808594,2.4416342403033885e-11,9.468128943729476e-11,1
1783662353.4316006,14.067243,-42.443718,-50.02289,2.5615935,-4.211825,0.0087654395,10,0.5000267028808594,2.226357548215446e-11,9.831627679908249e-11,1
1783662353.5311725,14.340012,-42.86892,-50.024822,2.593645,-4.201504,0.01031875,10,0.5000267028808594,2.087654679919154e-11,1.0094752025352144e-10,1
1783662353.631311,14.59681,-43.259518,-50.026306,2.6304011,-4.1877384,0.01245247,10,0.5000267028808594,2.0781856331676766e-11,1.0326808260086459e-10,1
1783662353.7312338,14.880079,-43.681118,-50.027016,2.6693037,-4.1731653,0.01491948,10,0.5000267028808594,2.1084831520111543e-11,1.0426563836547116e-10,1
1783662353.8320982,15.145953,-44.068768,-50.02682,2.7010064,-4.161878,0.016014263,10,0.5000267028808594,2.120347824532634e-11,1.035542538765238e-10,1
1783662353.9312305,15.43747,-44.487995,-50.02613,2.7289352,-4.1528373,0.016667578,10,0.5000267028808594,2.1947788629754196e-11,1.031602134490509e-10,1
1783662354.031215,15.708958,-44.87425,-50.02511,2.7489107,-4.1470704,0.016205532,10,0.5000267028808594,2.3030736838155673e-11,1.0296385899453344e-10,1
1783662354.131264,16.004753,-45.291946,-50.02368,2.7634861,-4.1430826,0.015336206,10,0.5000267028808594,2.338652033882843e-11,1.0323473849512864e-10,1
1783662354.2312264,16.277788,-45.67743,-50.022274,2.7700493,-4.141602,0.013807648,10,0.5000267028808594,2.3398142406426752e-11,1.0302121160862723e-10,1
1783662354.3312962,16.572569,-46.095306,-50.020874,2.7704234,-4.14188,0.012459428,10,0.5000267028808594,2.3558755580679623e-11,1.0376031727602095e-10,1
1783662354.431135,16.84277,-46.481804,-50.01953,2.7646766,-4.144059,0.010984155,10,0.5000267028808594,2.3489351002275756e-11,1.0383905695466465e-10,1
1783662354.5317347,17.13256,-46.90187,-50.01701,2.7531831,-4.148978,0.009458105,10,0.5000267028808594,2.3099996251954734e-11,1.0443070190143755e-10,1
1783662354.6311955,17.397055,-47.290928,-50.01402,2.739071,-4.155229,0.007369101,10,0.5000267028808594,2.212395986353981e-11,1.0599594082641584e-10,1
1783662354.7315044,17.680428,-47.714203,-50.0109,2.722204,-4.163074,0.003988493,10,0.5000267028808594,2.1954110702282596e-11,1.083040276532585e-10,1
1783662354.831309,17.93961,-48.106865,-50.00863,2.7070506,-4.171246,0.0008546084,10,0.5000267028808594,2.17797991486639e-11,1.086843810982948e-10,1
1783662354.9313982,18.218243,-48.53454,-50.007107,2.691876,-4.1806765,-0.0025445921,10,0.5000267028808594,2.1512743289572147e-11,1.090057746359531e-10,1
1783662355.0314572,18.47396,-48.93111,-50.00642,2.6799498,-4.1890683,-0.005114986,10,0.5000267028808594,2.1235390910618305e-11,1.0847622688734397e-10,1
1783662355.1316392,18.749765,-49.362312,-50.006023,2.669841,-4.197324,-0.0069961953,10,0.5000267028808594,2.1027627769794315e-11,1.078779387850051e-10,1
1783662355.2313685,19.003262,-49.76193,-50.006077,2.6629608,-4.204278,-0.008083077,10,0.5000267028808594,2.070326893497266e-11,1.0691044431722577e-10,1
1783662355.3315477,19.276936,-50.195374,-50.00605,2.6577704,-4.2100744,-0.0086604785,10,0.5000267028808594,2.0383628890599877e-11,1.0697997340933731e-10,1
1783662355.4313738,19.529419,-50.595985,-50.006042,2.6551697,-4.2141123,-0.008797834,10,0.5000267028808594,2.0103465389726104e-11,1.0869022031659795e-10,1
1783662355.53136,19.803013,-51.031048,-50.006954,2.6544771,-4.2171764,-0.009194252,10,0.5000267028808594,2.0068150507301633e-11,1.1041214311727048e-10,1
1783662355.6314337,20.03503,-51.39981,-50.00826,2.6561399,-4.2192383,-0.0092629455,10,0.5000267028808594,2.0465660269510756e-11,1.1199620893267131e-10,1
1783662355.731216,20.331089,-51.86963,-50.00997,2.6596317,-4.220918,-0.008487826,10,0.5000267028808594,2.0792869347763175e-11,1.131345077362448e-10,1
1783662355.8314433,20.563744,-52.239136,-50.010986,2.6626184,-4.2215376,-0.007254378,10,0.5000267028808594,2.071863941468792e-11,1.1435345814226198e-10,1
1783662355.9312685,20.860222,-52.709724,-50.011967,2.6671076,-4.22183,-0.0059014466,10,0.5000267028808594,2.07522730771805e-11,1.1494099855876275e-10,1
1783662356.031601,21.114506,-53.113426,-50.01254,2.6710877,-4.221231,-0.0051475526,10,0.5000267028808594,2.065162225830679e-11,1.1455096214932257e-10,1
1783662356.1314447,21.38981,-53.550858,-50.012756,2.6753387,-4.2203493,-0.004326548,10,0.5000267028808594,1.9971563446317142e-11,1.1470287299491486e-10,1
1783662356.23153,21.64364,-53.954784,-50.012634,2.6789012,-4.219338,-0.0038283742,10,0.5000267028808594,1.9411123834028537e-11,1.1405340886451789e-10,1
1783662356.3313184,21.918499,-54.39203,-50.012695,2.6828628,-4.217482,-0.0039315573,10,0.5000267028808594,1.9838851999717982e-11,1.1245026974760733e-10,1
1783662356.4312463,22.172232,-54.795097,-50.013065,2.6866112,-4.215332,-0.0042297477,10,0.5000267028808594,2.0469415224640037e-11,1.1177552257298187e-10,1
1783662356.5311816,22.448181,-55.231525,-50.013077,2.6913779,-4.2129602,-0.0041100373,10,0.5000267028808594,2.0859327442272137e-11,1.1209280435413661e-10,1
1783662356.6312318,22.703995,-55.63472,-50.012962,2.6969066,-4.210814,-0.0043019373,10,0.5000267028808594,2.0850491445387727e-11,1.128647681923781e-10,1
1783662356.7313733,22.981932,-56.07196,-50.013664,2.7037644,-4.2090664,-0.0047279694,10,0.5000267028808594,2.0537449352565624e-11,1.138018648163374e-10,1
1783662356.8310966,23.238897,-56.47582,-50.014606,2.7099366,-4.207579,-0.0045122067,10,0.5000267028808594,2.0731786355075698e-11,1.1465725555365015e-10,1
1783662356.9311628,23.517534,-56.91326,-50.01576,2.71591,-4.2059903,-0.003731496,10,0.5000267028808594,2.074689998810488e-11,1.1437279445605922e-10,1
1783662357.0311375,23.774267,-57.317024,-50.016827,2.720576,-4.204452,-0.0030857814,10,0.5000267028808594,2.0413294182696027e-11,1.126474687223131e-10,1
1783662357.1312277,24.051447,-57.754044,-50.018,2.7243524,-4.202279,-0.002052059,10,0.5000267028808594,2.0422751563843487e-11,1.1145502696238506e-10,1
1783662357.2311916,24.306797,-58.15695,-50.01898,2.7272959,-4.200022,-0.0009863196,10,0.5000267028808594,2.04931059838636e-11,1.1244256624860521e-10,1
1783662357.33124,24.583542,-58.5937,-50.01933,2.7305775,-4.1976814,0.00017797637,10,0.5000267028808594,2.0053108379268594e-11,1.1318888392746917e-10,1
1783662357.431304,24.839478,-58.99686,-50.01978,2.7343013,-4.195704,0.00080866617,10,0.5000267028808594,2.002892571005582e-11,1.1422928991527907e-10,1
1783662357.5314488,25.11751,-59.433586,-50.020393,2.739215,-4.1935573,0.0011511457,10,0.5000267028808594,2.044484670378842e-11,1.1360066249583695e-10,1
1783662357.63151,25.374891,-59.83635,-50.020523,2.7443526,-4.191416,0.0018370695,10,0.5000267028808594,2.0333769195369863e-11,1.1305203140125948e-10,1
1783662357.731163,25.654463,-60.2718,-50.020588,2.7504723,-4.1887684,0.0019928575,10,0.5000267028808594,2.033697424360505e-11,1.117505252180218e-10,1
1783662357.8322053,25.913698,-60.673565,-50.02073,2.7565,-4.186231,0.002398428,10,0.5000267028808594,2.0783918180485628e-11,1.111182561451383e-10,1
1783662357.9316552,26.195839,-61.10948,-50.02101,2.7633417,-4.1842976,0.002398657,10,0.5000267028808594,2.1162014335191844e-11,1.1194646687118044e-10,1
1783662358.03132,26.457226,-61.5122,-50.02162,2.7693963,-4.1833644,0.002483577,10,0.5000267028808594,2.1492353530077205e-11,1.1365101883982109e-10,1
1783662358.1312788,26.74153,-61.948532,-50.0226,2.7757788,-4.182429,0.0027629698,10,0.5000267028808594,2.202078619989296e-11,1.1469318531384022e-10,1
1783662358.232362,27.00496,-62.35105,-50.023552,2.78117,-4.1814656,0.0031505276,10,0.5000267028808594,2.228464806748861e-11,1.135365911930707e-10,1
1783662358.331833,27.290844,-62.787205,-50.024715,2.7859118,-4.180592,0.003994275,10,0.5000267028808594,2.2093654801921826e-11,1.123533879155235e-10,1
1783662358.431446,27.554827,-63.189835,-50.025604,2.7891128,-4.1800194,0.0051124785,10,0.5000267028808594,2.2316978104825297e-11,1.1139978950299081e-10,1
1783662358.5312164,27.840923,-63.62575,-50.026115,2.791325,-4.17939,0.0060938993,10,0.5000267028808594,2.2407451642720905e-11,1.0992909502724172e-10,1
1783662358.6315694,28.105062,-64.02802,-50.02631,2.7925313,-4.179099,0.006828088,10,0.5000267028808594,2.217800476453118e-11,1.0944618413273915e-10,1
1783662358.7323973,28.391361,-64.46351,-50.02632,2.7934663,-4.1784887,0.0072869444,10,0.5000267028808594,2.2200091563894548e-11,1.0997157649269518e-10,1
1783662358.8316524,28.65595,-64.865135,-50.026333,2.7937531,-4.177671,0.0073751993,10,0.5000267028808594,2.2318201358606036e-11,1.1104613526841993e-10,1
1783662358.9314334,28.943363,-65.30026,-50.026485,2.7944555,-4.1770687,0.0073249578,10,0.5000267028808594,2.2133846757689133e-11,1.1271970834385694e-10,1
1783662359.0321732,29.209063,-65.70232,-50.02569,2.794853,-4.1772738,0.007735661,10,0.5000267028808594,2.2050814222366924e-11,1.1400005757354361e-10,1
1783662359.1313305,29.496958,-66.138466,-50.02402,2.7949817,-4.1778936,0.0075409533,10,0.5000267028808594,2.21405387693256e-11,1.1404515998808521e-10,1
1783662359.2314038,29.762472,-66.54133,-50.022194,2.7943609,-4.178697,0.0066659357,10,0.5000267028808594,2.1964158609562625e-11,1.1294484747566304e-10,1
1783662359.331535,30.049494,-66.97792,-50.020702,2.7931018,-4.179504,0.0050207246,10,0.5000267028808594,2.160170026373173e-11,1.1223169344717751e-10,1
1783662359.4314022,30.313948,-67.381256,-50.019997,2.7909873,-4.1801805,0.003109638,10,0.5000267028808594,2.1720258202893485e-11,1.1162870892985341e-10,1
1783662359.5312912,30.59995,-67.818184,-50.019524,2.788586,-4.18078,0.0017835198,10,0.5000267028808594,2.2191231144049697e-11,1.1037187562739803e-10,1
1783662359.6310806,30.86343,-68.220665,-50.019394,2.7858243,-4.180238,0.0008270941,10,0.5000267028808594,2.2366907896781215e-11,1.1169861119836165e-10,1
1783662359.731377,31.148653,-68.65638,-50.019665,2.7829473,-4.179262,0.0002823469,10,0.5000267028808594,2.2527401173249972e-11,1.133543666029166e-10,1
1783662359.8311799,31.410831,-69.05815,-50.02018,2.7797213,-4.1778107,0.00026970883,10,0.5000267028808594,2.2410361444986404e-11,1.1388972216715075e-10,1
1783662359.9314392,31.69339,-69.49336,-50.020535,2.7755911,-4.1764255,0.0005465083,10,0.5000267028808594,2.167668658128866e-11,1.1360127314475769e-10,1
1783662360.031082,31.953741,-69.89483,-50.020638,2.7722423,-4.1754045,0.00073969446,10,0.5000267028808594,2.0790266726552296e-11,1.1249805008312658e-10,1
1783662360.1312482,32.23533,-70.329895,-50.019962,2.7699378,-4.1747494,0.0011751668,10,0.5000267028808594,2.0547810841552357e-11,1.1236888493245008e-10,1
1783662360.2313454,32.495415,-70.73201,-50.018486,2.768902,-4.1747212,0.0009128836,10,0.5000267028808594,2.0424050845534775e-11,1.1222018486455884e-10,1
1783662360.3313863,32.778107,-71.167915,-50.01685,2.7696693,-4.1752033,-0.00020342799,10,0.5000267028808594,2.049340530087644e-11,1.1184236696702367e-10,1
1783662360.4313917,33.039753,-71.57046,-50.01589,2.7714834,-4.1759796,-0.0014009433,10,0.5000267028808594,2.098445002984617e-11,1.115088792379021e-10,1
1783662360.5314734,33.324306,-72.006226,-50.015366,2.7744613,-4.1759176,-0.0028791837,10,0.5000267028808594,2.160701373333163e-11,1.1163431983319013e-10,1
1783662360.6312807,33.587654,-72.407486,-50.01523,2.7775795,-4.1754107,-0.0037464006,10,0.5000267028808594,2.2498104175922017e-11,1.1169208764013887e-10,1
1783662360.731709,33.873653,-72.84142,-50.016003,2.780767,-4.1739516,-0.004310476,10,0.5000267028808594,2.3187157544309235e-11,1.1041821992407617e-10,1
1783662360.8314252,34.13844,-73.24135,-50.017113,2.783063,-4.1725016,-0.0042467425,10,0.5000267028808594,2.43109526479188e-11,1.0955481487689751e-10,1
1783662360.9318101,34.426136,-73.673935,-50.018143,2.7851706,-4.1711473,-0.0035439574,10,0.5000267028808594,2.4619007760787113e-11,1.0931891075234092e-10,1
1783662361.0315602,34.692673,-74.07292,-50.018738,2.7867932,-4.170047,-0.0028155972,10,0.5000267028808594,2.4719742555816254e-11,1.097615502893754e-10,1
1783662361.1312718,34.982323,-74.50418,-50.018925,2.7881634,-4.1688905,-0.0020079128,10,0.5000267028808594,2.4051680478741763e-11,1.1015225096035325e-10,1
1783662361.2312064,35.249702,-74.90222,-50.018837,2.7884963,-4.1682982,-0.0015245639,10,0.5000267028808594,2.296792789125053e-11,1.0980696238653675e-10,1
1783662361.3315694,35.53876,-75.33375,-50.01879,2.7874572,-4.1686397,-0.00074448565,10,0.5000267028808594,2.2177335903778847e-11,1.1032362584161903e-10,1
1783662361.43141,35.80483,-75.73203,-50.01832,2.7820184,-4.165951,0.0013561391,10,0.5000267028808594,2.157193288027844e-11,1.0956953628780874e-10,1
1783662361.5315058,36.09158,-76.16239,-50.01739,2.7631269,-4.145876,0.0007820506,10,0.5000267028808594,2.1390303857292992e-11,1.0853240050056532e-10,1
1783662361.6314485,36.353004,-76.55556,-50.017014,2.7309408,-4.098387,-0.0045250286,10,0.5000267028808594,2.1388604371524558e-11,1.0807819188179899e-10,1
1783662361.7314649,36.630825,-76.97267,-50.01739,2.6842294,-4.004927,-0.014394414,10,0.5000267028808594,2.2028625149294968e-11,1.0811204130156287e-10,1
1783662361.8315709,36.882286,-77.34501,-50.01874,2.6352274,-3.8742647,-0.025906164,10,0.5000267028808594,2.273510673533711e-11,1.0699230106274402e-10,1
1783662361.9322014,37.148876,-77.728745,-50.021458,2.5782588,-3.6811266,-0.039733697,10,0.5000267028808594,2.2530915639030922e-11,1.0421615617246384e-10,1
1783662362.031735,37.388454,-78.05902,-50.025436,2.522478,-3.4535956,-0.052259676,10,0.5000267028808594,2.189395428340302e-11,9.993210350101085e-11,1
1783662362.1312366,37.640423,-78.386024,-50.03092,2.4590228,-3.15919,-0.05287916,10,0.5000267028808594,2.106502365767536e-11,9.374630646091283e-11,1
1783662362.2313747,37.866116,-78.65562,-50.03553,2.3991508,-2.8535635,-0.040449418,10,0.5000267028808594,1.975068375713348e-11,8.552668912021533e-11,1
1783662362.331242,38.103268,-78.91037,-50.038967,2.3326287,-2.4994724,-0.023531746,10,0.5000267028808594,1.8278413145155213e-11,7.712485685432193e-11,1
1783662362.431644,38.315487,-79.110756,-50.04036,2.2701898,-2.16309,-0.009549566,10,0.5000267028808594,1.7266538502851192e-11,6.724787672098703e-11,1
1783662362.5313177,38.53849,-79.289215,-50.040413,2.2022245,-1.7950077,0.001170691,10,0.5000267028808594,1.6777203140531336e-11,5.631784924565344e-11,1
1783662362.6311698,38.73821,-79.41942,-50.03949,2.1389766,-1.4572165,0.0073364805,10,0.5000267028808594,1.604391920123678e-11,4.559722985285362e-11,1
1783662362.7312567,38.948555,-79.5253,-50.038002,2.0705612,-1.0984174,0.010279439,10,0.5000267028808594,1.5177428968062752e-11,3.5954885991337596e-11,1
1783662362.8312457,39.13693,-79.591644,-50.036434,2.0064423,-0.7753787,0.010118189,10,0.5000267028808594,1.4203843022391846e-11,2.6628055505388485e-11,1
1783662362.9314275,39.334156,-79.63076,-50.035187,1.9348056,-0.4352075,0.008296916,10,0.5000267028808594,1.3270784885203164e-11,1.6244085898026573e-11,1
1783662363.0312622,39.509743,-79.63698,-50.034565,1.8666022,-0.12904269,0.005632213,10,0.5000267028808594,1.2465937443993369e-11,1.0358606961757134e-11,1
1783662363.1317682,39.6924,-79.61227,-50.03389,1.7893649,0.19418037,0.0037584414,10,0.5000267028808594,1.160309861130465e-11,6.053962934783298e-12,1
1783662363.2311714,39.853523,-79.56205,-50.032837,1.7145317,0.4838845,0.0037418434,10,0.5000267028808594,1.0628438373859223e-11,3.0363402358124923e-12,1
1783662363.3312583,40.01937,-79.478806,-50.031307,1.6286931,0.7875918,0.0038765483,10,0.5000267028808594,9.880019385815325e-12,1.177830702449173e-12,1
1783662363.4313567,40.164066,-79.37637,-50.029556,1.5452533,1.0578738,0.0029074668,10,0.5000267028808594,8.704023223387148e-12,4.656746273785739e-13,1
1783662363.5315113,40.31187,-79.23921,-50.02772,1.450819,1.339657,0.00012276186,10,0.5000267028808594,7.907131244125683e-12,7.93013036743124e-13,1
1783662363.631622,40.439167,-79.0891,-50.026703,1.3592763,1.5904099,-0.003816098,10,0.5000267028808594,7.386603729495251e-12,2.0019683645692433e-12,1
1783662363.7316592,40.5671,-78.90191,-50.026577,1.2558827,1.8536813,-0.00883163,10,0.5000267028808594,6.798223472825565e-12,3.968950821213388e-12,1
1783662363.8314652,40.67584,-78.70721,-50.027145,1.1567043,2.0904348,-0.013240553,10,0.5000267028808594,6.3167299423982965e-12,6.506989141047032e-12,1
1783662363.9316263,40.783085,-78.47271,-50.02837,1.0452102,2.3429964,-0.017993491,10,0.5000267028808594,5.713166779800776e-12,1.0078189199553e-11,1
1783662364.031318,40.871563,-78.23504,-50.029945,0.93717873,2.5734572,-0.022019098,10,0.5000267028808594,4.9917926564260935e-12,1.4245813138197523e-11,1
1783662364.1313329,40.955036,-77.95522,-50.032143,0.8139323,2.821168,-0.026005527,10,0.5000267028808594,4.176070883941006e-12,1.8800705340800408e-11,1
1783662364.2311704,41.02062,-77.67548,-50.034748,0.69402826,3.050175,-0.02902776,10,0.5000267028808594,3.405302329642317e-12,2.4348171632358504e-11,1
1783662364.3311794,41.077534,-77.348915,-50.03773,0.5570181,3.3000233,-0.030853914,10,0.5000267028808594,2.6901075060703892e-12,3.062374998005838e-11,1
1783662364.4313428,41.116558,-77.02481,-50.04013,0.42573938,3.5321672,-0.027411224,10,0.5000267028808594,2.0527450396873257e-12,3.776135957373733e-11,1
1783662364.5314147,41.144,-76.648445,-50.042564,0.27931005,3.7844393,-0.022580214,10,0.5000267028808594,1.7233349419422068e-12,4.580241325844588e-11,1
1783662364.6312494,41.155914,-76.27819,-50.044014,0.14620738,4.012778,-0.0073472452,10,0.5000267028808594,1.4774744731541674e-12,5.566771497023954e-11,1
1783662364.7311928,41.155163,-75.85287,-50.043144,0.0065958127,4.2477083,0.013429374,10,0.5000267028808594,1.1993217811856237e-12,6.562574210992032e-11,1
1783662364.8313196,41.143375,-75.44,-50.04031,-0.1137111,4.444405,0.0304886,10,0.5000267028808594,9.06250447085018e-13,7.502880223359754e-11,1
1783662364.9312177,41.119698,-74.9735,-50.036198,-0.22598194,4.629515,0.04243512,10,0.5000267028808594,5.524981623091425e-13,8.483391877264463e-11,1
1783662365.0313478,41.089966,-74.527916,-50.032654,-0.30071107,4.7713075,0.045569148,10,0.5000267028808594,2.330165329375642e-13,9.533901235997391e-11,1
1783662365.131645,41.053516,-74.03317,-50.029575,-0.34033284,4.890603,0.041377444,10,0.5000267028808594,7.97364520538576e-14,1.0512746299533807e-10,1
1783662365.2321095,41.020668,-73.56904,-50.02811,-0.33376935,4.967148,0.033564292,10,0.5000267028808594,9.82957171374586e-14,1.1411230317787551e-10,1
1783662365.3315682,40.99138,-73.06228,-50.027687,-0.281118,5.0108676,0.02995811,10,0.5000267028808594,1.6778272848237272e-13,1.221943309664193e-10,1
1783662365.4314704,40.974823,-72.595,-50.027557,-0.20289826,5.0155125,0.03140129,10,0.5000267028808594,1.9696600100463242e-13,1.2916001404637181e-10,1
1783662365.5313766,40.970444,-72.09273,-50.02704,-0.10620269,4.993307,0.034374222,10,0.5000267028808594,1.5904514757725502e-13,1.3402460992539664e-10,1
1783662365.6316147,40.978043,-71.63483,-50.026024,-0.020086084,4.9594216,0.036197755,10,0.5000267028808594,8.83868039810932e-14,1.3696215069654131e-10,1
1783662365.731508,40.99684,-71.1447,-50.024582,0.06022162,4.917998,0.035755407,10,0.5000267028808594,4.2854621635768174e-14,1.3902116129026307e-10,1
1783662365.8313603,41.02122,-70.696335,-50.023247,0.11722788,4.881406,0.033649337,10,0.5000267028808594,1.5518525678997718e-14,1.3997697415953488e-10,1
1783662365.931989,41.05091,-70.214386,-50.021698,0.15795621,4.8472247,0.029911587,10,0.5000267028808594,9.750249068328448e-15,1.406149440369409e-10,1
1783662366.0312407,41.078598,-69.77175,-50.019943,0.17695169,4.821717,0.025903113,10,0.5000267028808594,1.802487257926495e-14,1.407315119148083e-10,1
1783662366.1314368,41.10689,-69.29329,-50.017815,0.1796629,4.8020916,0.021645032,10,0.5000267028808594,6.21444809578693e-14,1.407387088364394e-10,1
1783662366.2312982,41.130486,-68.85224,-50.01628,0.1691907,4.790877,0.017566785,10,0.5000267028808594,1.867867168872635e-13,1.4100484750142892e-10,1
1783662366.3312593,41.152267,-68.37393,-50.015053,0.1476439,4.786164,0.0132965,10,0.5000267028808594,2.6638959914986125e-13,1.4091795759853754e-10,1
1783662366.431618,41.168793,-67.93117,-50.014866,0.121425554,4.7878237,0.010244221,10,0.5000267028808594,2.9606033281691287e-13,1.4033487209517746e-10,1
1783662366.5312982,41.18235,-67.44931,-50.01523,0.08917413,4.7946315,0.00850917,10,0.5000267028808594,2.349653227974025e-13,1.3954683920261954e-10,1
1783662366.631214,41.19125,-67.001945,-50.01534,0.058379486,4.804027,0.008205127,10,0.5000267028808594,1.374811125114931e-13,1.3831677722612113e-10,1
1783662366.7314427,41.196728,-66.51483,-50.015213,0.025124932,4.8156424,0.008091493,10,0.5000267028808594,5.85160953100212e-14,1.3940541105599486e-10,1
1783662366.831165,41.197388,-66.062614,-50.014526,-0.0052898973,4.825832,0.008216209,10,0.5000267028808594,2.4403429041582184e-14,1.4002630924094765e-10,1
1783662366.9311426,41.19373,-65.56975,-50.01303,-0.036799774,4.8354154,0.008354616,10,0.5000267028808594,9.039999022314392e-15,1.4194696686696392e-10,1
1783662367.0313513,41.18703,-65.11262,-50.011463,-0.06398423,4.841942,0.007180661,10,0.5000267028808594,3.980871446215011e-15,1.4421176179453039e-10,1
1783662367.131417,41.177,-64.61546,-50.00949,-0.091097526,4.8464146,0.00512858,10,0.5000267028808594,2.9294621233648042e-15,1.4674463438258243e-10,1
1783662367.2313802,41.16529,-64.15546,-50.00769,-0.114148214,4.849039,0.0027678518,10,0.5000267028808594,5.192465426769219e-15,1.4891797359751542e-10,1
1783662367.331843,41.1527,-63.73237,-50.006332,-0.13379553,4.851251,0.00065255765,10,0.5000267028808594,7.842975426339536e-15,1.500733600914802e-10,1
1783662367.4314082,41.134502,-63.19218,-50.005585,-0.15680069,4.8540635,-0.0019090637,10,0.5000267028808594,1.0523818667298279e-14,1.506638040690707e-10,1
1783662367.5315304,41.116383,-62.689075,-50.005554,-0.17573991,4.8566422,-0.0032670288,10,0.5000267028808594,1.8091979316529487e-14,1.5157490069707419e-10,1
1783662367.6317434,41.09844,-62.2233,-50.00556,-0.19071569,4.858809,-0.0039504133,10,0.5000267028808594,2.957169388193939e-14,1.524830647730349e-10,1
1783662367.7316475,41.07786,-61.717663,-50.005005,-0.20440094,4.8605256,-0.0042547183,10,0.5000267028808594,3.8043661455766456e-14,1.5361253133410633e-10,1
1783662367.8313363,41.058384,-61.24988,-50.0037,-0.21449772,4.8623824,-0.004886854,10,0.5000267028808594,4.7335511078729206e-14,1.5384592842258144e-10,1
1783662367.931915,41.036724,-60.74249,-50.00192,-0.22253351,4.8640213,-0.006559565,10,0.5000267028808594,6.119084287096337e-14,1.5528456672665518e-10,1
1783662368.031332,41.015972,-60.273743,-50.00073,-0.22817023,4.8657174,-0.008345799,10,0.5000267028808594,8.113339502645309e-14,1.5582405259269016e-10,1
1783662368.131888,40.993164,-59.764694,-50.000095,-0.23191677,4.8685985,-0.010066045,10,0.5000267028808594,8.325062384786069e-14,1.5498062567661604e-10,1
1783662368.231453,40.971962,-59.293922,-50.000027,-0.2339539,4.8716483,-0.01145725,10,0.5000267028808594,9.518228158340961e-14,1.5401832849140838e-10,1
1783662368.3311527,40.948845,-58.783005,-49.999935,-0.2346551,4.8755493,-0.012223393,10,0.5000267028808594,1.2618711208683653e-13,1.5489907993816586e-10,1
1783662368.4315267,40.927124,-58.310207,-49.99998,-0.2345477,4.8797426,-0.012631216,10,0.5000267028808594,1.467300387311632e-13,1.5573674730941284e-10,1
1783662368.531354,40.902958,-57.796906,-49.999966,-0.2339579,4.8844533,-0.013171358,10,0.5000267028808594,1.7629033092639958e-13,1.5662558018660457e-10,1
1783662368.6313446,40.87999,-57.322025,-50.00005,-0.23371936,4.8890715,-0.013603667,10,0.5000267028808594,2.1031925900136842e-13,1.5665988896992897e-10,1
1783662368.7311187,40.8545,-56.806614,-50.00038,-0.23304684,4.89431,-0.013926688,10,0.5000267028808594,2.3308579214553625e-13,1.5707179459645595e-10,1
1783662368.8311677,40.83086,-56.330612,-50.000607,-0.23184934,4.898401,-0.013831524,10,0.5000267028808594,2.309042237926962e-13,1.5664215916976215e-10,1
1783662368.9310865,40.805042,-55.81437,-50.00059,-0.23055954,4.902529,-0.014184618,10,0.5000267028808594,2.8091656422757147e-13,1.5598965474275821e-10,1
1783662369.0314305,40.78089,-55.337547,-50.000755,-0.22890855,4.9061356,-0.0143494215,10,0.5000267028808594,2.9307281091155477e-13,1.550869823968237e-10,1
1783662369.1312475,40.75497,-54.820564,-50.001118,-0.22645815,4.9100494,-0.014519311,10,0.5000267028808594,2.459233798258824e-13,1.5453306525012842e-10,1
1783662369.2315023,40.731415,-54.342773,-50.00164,-0.22371413,4.9139495,-0.015014899,10,0.5000267028808594,2.0605173592240598e-13,1.555265259175129e-10,1
1783662369.3315797,40.70622,-53.824764,-50.002304,-0.22031833,4.9178786,-0.014913227,10,0.5000267028808594,1.6830455590368603e-13,1.5602312678901678e-10,1
1783662369.431863,40.68362,-53.346016,-50.002975,-0.21647125,4.9218426,-0.014436627,10,0.5000267028808594,1.224895789980417e-13,1.5623172801464203e-10,1
1783662369.5314767,40.660538,-52.826405,-50.003754,-0.21140683,4.9265237,-0.0139253605,10,0.5000267028808594,1.241402183414871e-13,1.5739113344921528e-10,1
1783662369.6314268,40.64067,-52.34628,-50.00457,-0.20584479,4.930723,-0.013429467,10,0.5000267028808594,1.4210322312860056e-13,1.5826688802053763e-10,1
1783662369.7314487,40.620045,-51.82544,-50.00497,-0.19975074,4.935481,-0.012572493,10,0.5000267028808594,1.7735153097883306e-13,1.5812672995559636e-10,1
1783662369.8314471,40.601467,-51.344284,-50.004593,-0.1943456,4.9395204,-0.011649505,10,0.5000267028808594,2.129473117530009e-13,1.5768096823029117e-10,1
1783662369.9312823,40.581543,-50.823097,-50.0039,-0.18945256,4.9430943,-0.01167834,10,0.5000267028808594,1.8277902786914918e-13,1.5855299642420234e-10,1
1783662370.0319536,40.5635,-50.342007,-50.003677,-0.18579522,4.9457736,-0.012128424,10,0.5000267028808594,1.4248743438983976e-13,1.6192810252724454e-10,1
1783662370.1315477,40.544094,-49.820576,-50.003605,-0.1827367,4.9478416,-0.012727691,10,0.5000267028808594,1.4478566514619135e-13,1.6455622294590122e-10,1
1783662370.2315512,40.52604,-49.338413,-50.003307,-0.18086258,4.949699,-0.012987037,10,0.5000267028808594,1.4370971342792962e-13,1.6546159273896274e-10,1
1783662370.3315456,40.506104,-48.815533,-50.003017,-0.1796166,4.9518895,-0.0136976605,10,0.5000267028808594,1.4149626470130622e-13,1.6360451470042505e-10,1
1783662370.4313204,40.48707,-48.332787,-50.00261,-0.17928533,4.9536004,-0.013950529,10,0.5000267028808594,1.523839202105178e-13,1.6181402249778358e-10,1
1783662370.5313168,40.466114,-47.809727,-50.002323,-0.17958201,4.9550743,-0.014501786,10,0.5000267028808594,1.4743335825646883e-13,1.5961702394072473e-10,1
1783662370.6312895,40.447067,-47.327267,-50.00242,-0.17943019,4.955532,-0.014865361,10,0.5000267028808594,1.0382192952957297e-13,1.568456165610518e-10,1
1783662370.7311327,40.426395,-46.80584,-50.002953,-0.17924963,4.9546585,-0.015229819,10,0.5000267028808594,9.272638168171129e-14,1.5587261842763896e-10,1
1783662370.8311253,40.406788,-46.32543,-50.003628,-0.1793708,4.9534764,-0.014922929,10,0.5000267028808594,1.2659095857484108e-13,1.5593126485794558e-10,1
1783662370.9312503,40.385036,-45.805717,-50.0039,-0.1795723,4.951707,-0.014398337,10,0.5000267028808594,1.6740003465254418e-13,1.5652189868321028e-10,1
1783662371.0313196,40.365,-45.32641,-50.00407,-0.17920305,4.9501066,-0.014061572,10,0.5000267028808594,1.9921902319075627e-13,1.5704797407823368e-10,1
1783662371.131517,40.3437,-44.807644,-50.004253,-0.17801501,4.948506,-0.013952129,10,0.5000267028808594,1.8733209737213388e-13,1.5853782102640516e-10,1
1783662371.2314696,40.32455,-44.32883,-50.004013,-0.17651953,4.947671,-0.01402823,10,0.5000267028808594,1.4065093464543706e-13,1.6019451556886484e-10,1
1783662371.3312705,40.304142,-43.80932,-50.003258,-0.17451805,4.94819,-0.013848881,10,0.5000267028808594,7.576660860635995e-14,1.6095827888579888e-10,1
1783662371.431587,40.285675,-43.328964,-50.00228,-0.17268114,4.9498334,-0.014256786,10,0.5000267028808594,7.748969105223112e-14,1.6121258324295169e-10,1
1783662371.5316114,40.26564,-42.807713,-50.001453,-0.17098717,4.952553,-0.015235245,10,0.5000267028808594,8.474853838805892e-14,1.604106508656687e-10,1
1783662371.6316504,40.246872,-42.32611,-50.001175,-0.17014642,4.9552126,-0.01633852,10,0.5000267028808594,1.1976684600435515e-13,1.6073908268701385e-10,1
1783662371.7319388,40.226353,-41.804752,-50.00093,-0.16940284,4.957167,-0.01703223,10,0.5000267028808594,1.3847072799625248e-13,1.6096151917330536e-10,1
1783662371.8312373,40.207134,-41.323837,-50.000977,-0.16917697,4.9582014,-0.017337535,10,0.5000267028808594,1.1426061782329565e-13,1.6188090896964073e-10,1
1783662371.9314518,40.186714,-40.80319,-50.00144,-0.16860822,4.9582505,-0.017808368,10,0.5000267028808594,9.160826803496826e-14,1.6089194443756553e-10,1
1783662372.031672,40.16853,-40.32256,-50.00188,-0.16751859,4.95824,-0.017996788,10,0.5000267028808594,6.443257391396371e-14,1.6072529405013897e-10,1
1783662372.1316512,40.149918,-39.801666,-50.00276,-0.165191,4.958612,-0.017765254,10,0.5000267028808594,5.1548928424751125e-14,1.5930934197944504e-10,1
1783662372.2320259,40.133778,-39.321796,-50.003696,-0.16262056,4.95833,-0.017112408,10,0.5000267028808594,3.70576991184859e-14,1.5673488835983444e-10,1
1783662372.3319547,40.117535,-38.802723,-50.00426,-0.15920097,4.957746,-0.016511085,10,0.5000267028808594,4.219366470701485e-14,1.5515798873354815e-10,1
1783662372.4314582,40.103325,-38.323887,-50.00496,-0.15638334,4.9569488,-0.015852747,10,0.5000267028808594,6.533089453149e-14,1.5516970409053298e-10,1
1783662372.5313547,40.090607,-37.88527,-50.006123,-0.15436997,4.9566593,-0.015564666,10,0.5000267028808594,7.73758716767879e-14,1.5678075002245039e-10,1
1783662372.6314187,40.07612,-37.36733,-50.007893,-0.15250911,4.9559865,-0.014601628,10,0.5000267028808594,8.459086078076657e-14,1.574879648242091e-10,1
1783662372.731351,40.06266,-36.890125,-50.00927,-0.1517841,4.9553604,-0.012959882,10,0.5000267028808594,8.597165043366259e-14,1.5743273263570166e-10,1
1783662372.831885,40.047207,-36.37437,-50.010017,-0.15303291,4.954263,-0.011495499,10,0.5000267028808594,1.198334771836428e-13,1.5859944081039051e-10,1
1783662372.9313724,40.03183,-35.899162,-50.01026,-0.15575561,4.9531527,-0.010688002,10,0.5000267028808594,1.6030676660376563e-13,1.5853787974442272e-10,1
1783662373.0315142,40.013874,-35.384808,-50.010727,-0.15950678,4.9525824,-0.010328962,10,0.5000267028808594,1.741263053282596e-13,1.5923546004406453e-10,1
1783662373.131519,39.996555,-34.90959,-50.011665,-0.16313921,4.9531913,-0.009872294,10,0.5000267028808594,2.0241862420600095e-13,1.5937914289686818e-10,1
1783662373.231402,39.977577,-34.394497,-50.012676,-0.16655049,4.9550653,-0.009278088,10,0.5000267028808594,1.9984843130906698e-13,1.584394116661452e-10,1
1783662373.3313034,39.960167,-33.919212,-50.01317,-0.16851829,4.9577656,-0.008397718,10,0.5000267028808594,1.395724854685615e-13,1.577435697997205e-10,1
1783662373.4313176,39.94136,-33.403873,-50.013344,-0.17016308,4.9612904,-0.0072588143,10,0.5000267028808594,9.65236974212917e-14,1.5725765452962111e-10,1
1783662373.5313241,39.924026,-32.92783,-50.013268,-0.17091003,4.9650865,-0.0068677673,10,0.5000267028808594,8.545900000324609e-14,1.5694060975113414e-10,1
1783662373.6313674,39.905224,-32.411602,-50.012592,-0.1714653,4.9691725,-0.0067564067,10,0.5000267028808594,6.697778365871736e-14,1.5675357332244996e-10,1
1783662373.7313826,39.88822,-31.934381,-50.011612,-0.17132002,4.973085,-0.006835644,10,0.5000267028808594,5.178414478258849e-14,1.576553807435148e-10,1
1783662373.8312275,39.86982,-31.41679,-50.01023,-0.1714291,4.9772,-0.0075095436,10,0.5000267028808594,4.502241150924601e-14,1.5674964945545896e-10,1
1783662373.9315407,39.852905,-30.93875,-50.00894,-0.17147256,4.981055,-0.008447378,10,0.5000267028808594,4.9852281575795e-14,1.5548053551645e-10,1
1783662374.031365,39.8346,-30.420628,-50.00816,-0.17147754,4.9844394,-0.00967603,10,0.5000267028808594,6.366343609858408e-14,1.5560993684631346e-10,1
1783662374.1314225,39.81735,-29.942299,-50.00803,-0.1719129,4.986896,-0.0107718725,10,0.5000267028808594,1.0229545983969549e-13,1.574323927231035e-10,1
1783662374.2313132,39.79817,-29.42386,-50.008682,-0.17277512,4.98915,-0.011485709,10,0.5000267028808594,1.4891471381113894e-13,1.5901075629919642e-10,1
1783662374.3313303,39.78025,-28.945787,-50.009453,-0.17331007,4.990306,-0.011601905,10,0.5000267028808594,1.7888992599802526e-13,1.5996553913000892e-10,1
1783662374.431396,39.760593,-28.42817,-50.01035,-0.17378423,4.990987,-0.011247313,10,0.5000267028808594,1.6744702410765534e-13,1.602405783116981e-10,1
1783662374.5313296,39.742447,-27.950638,-50.01141,-0.17385907,4.9912825,-0.010734702,10,0.5000267028808594,1.3658215382604917e-13,1.601488138690085e-10,1
1783662374.6312613,39.723366,-27.433706,-50.01248,-0.17328529,4.9914374,-0.009735756,10,0.5000267028808594,1.3804204187179083e-13,1.6060466264295447e-10,1
1783662374.7313898,39.706287,-26.956316,-50.013332,-0.17200099,4.991786,-0.00873669,10,0.5000267028808594,1.4166460456895776e-13,1.6060911820796737e-10,1
1783662374.8314228,39.68838,-26.438797,-50.013996,-0.16984957,4.992145,-0.007644027,10,0.5000267028808594,1.505287422117675e-13,1.5992216482239182e-10,1
1783662374.9313936,39.671997,-25.9607,-50.014553,-0.16810162,4.9930835,-0.006783853,10,0.5000267028808594,1.649141899468498e-13,1.594119386857249e-10,1
1783662375.0312371,39.654194,-25.442507,-50.014824,-0.16647431,4.9944797,-0.0061168075,10,0.5000267028808594,1.6623679463799048e-13,1.5850478451968298e-10,1
1783662375.1314816,39.637947,-24.964243,-50.01476,-0.16531537,4.9954867,-0.0056064264,10,0.5000267028808594,1.5141378891861414e-13,1.5754585024315244e-10,1
1783662375.2312653,39.62042,-24.445599,-50.014656,-0.16429672,4.996977,-0.005471098,10,0.5000267028808594,1.365655755217937e-13,1.5734751662865152e-10,1
1783662375.331355,39.604225,-23.966068,-50.01475,-0.16365102,4.9987235,-0.0052675623,10,0.5000267028808594,1.743798670796376e-13,1.5926343774161153e-10,1
1783662375.4313412,39.58602,-23.446142,-50.014664,-0.16345018,5.0010796,-0.005277661,10,0.5000267028808594,1.5229492435976972e-13,1.5982305817562235e-10,1
1783662375.5314636,39.568478,-22.965763,-50.01444,-0.16439073,5.003135,-0.0052589383,10,0.5000267028808594,1.2358623172510674e-13,1.5914561630008886e-10,1
1783662375.6314273,39.5488,-22.44491,-50.014244,-0.16596755,5.0053763,-0.005318291,10,0.5000267028808594,8.684736525772148e-14,1.575076770649545e-10,1
1783662375.7313607,39.530018,-21.964128,-50.01399,-0.16787122,5.0070834,-0.005357662,10,0.5000267028808594,5.4807985991640824e-14,1.5792107121314523e-10,1
1783662375.831432,39.509274,-21.443071,-50.01375,-0.16960728,5.0086823,-0.005642957,10,0.5000267028808594,3.63270759567335e-14,1.5814671114054847e-10,1
1783662375.9313226,39.489784,-20.962177,-50.01334,-0.17105518,5.00929,-0.0059918743,10,0.5000267028808594,4.267511447762118e-14,1.5965897213592167e-10,1
1783662376.0313365,39.467983,-20.441423,-50.012455,-0.17267397,5.0098066,-0.006153927,10,0.5000267028808594,6.236922005310415e-14,1.6039626528509963e-10,1
1783662376.1313574,39.44761,-19.961128,-50.011623,-0.17373575,5.0094833,-0.0068205986,10,0.5000267028808594,7.1915534717809e-14,1.6163911024470827e-10,1
1783662376.2313097,39.4256,-19.4414,-50.011497,-0.17374568,5.008467,-0.008034274,10,0.5000267028808594,7.702308247235004e-14,1.6044429577238553e-10,1
1783662376.3314042,39.405487,-18.961893,-50.011864,-0.17291516,5.0076146,-0.008544301,10,0.5000267028808594,9.373156602902684e-14,1.5966008537764224e-10,1
1783662376.431384,39.383904,-18.442667,-50.01253,-0.1714284,5.0067153,-0.008638432,10,0.5000267028808594,1.0801718840003605e-13,1.5801464769837955e-10,1
1783662376.5316343,39.36461,-17.963877,-50.013412,-0.1691712,5.005733,-0.0080303205,10,0.5000267028808594,1.323961587695716e-13,1.5717762006893068e-10,1
1783662376.6311274,39.3444,-17.445597,-50.014557,-0.16569243,5.004789,-0.0075361915,10,0.5000267028808594,1.6056128444212614e-13,1.5790943404951526e-10,1
1783662377.9031465,39.333824,-17.166674,-50.015263,-0.16381016,5.0043354,-0.0071063344,10,0.5000267028808594,1.662049291722018e-13,1.575431036445535e-10,1
1783662377.931351,39.326374,-16.967466,-50.01568,-0.16226411,5.0041847,-0.006748615,10,0.5000267028808594,1.7244159780856585e-13,1.582151063468485e-10,1
1783662378.0315585,39.307327,-16.449354,-50.016224,-0.15833434,5.0040283,-0.005483653,10,0.5000267028808594,1.7083081319030808e-13,1.5767343300783014e-10,1
1783662378.1315706,39.290234,-15.970766,-50.016167,-0.1547427,5.0047317,-0.004413071,10,0.5000267028808594,1.374563829720948e-13,1.5842071232291583e-10,1
1783662378.231461,39.272186,-15.452086,-50.015503,-0.15140969,5.006103,-0.00396745,10,0.5000267028808594,1.0070499885863905e-13,1.6058288023928832e-10,1
1783662378.3314693,39.25624,-14.972706,-50.014336,-0.14836645,5.007771,-0.003868231,10,0.5000267028808594,8.018211843835181e-14,1.6151720407819578e-10,1
1783662378.4313657,39.239193,-14.45277,-50.01267,-0.14577918,5.009992,-0.004526488,10,0.5000267028808594,8.908258606807544e-14,1.61602351666919e-10,1
1783662378.531547,39.2234,-13.972058,-50.010902,-0.1438844,5.012333,-0.005890363,10,0.5000267028808594,1.1221521916283809e-13,1.627979104710667e-10,1
1783662378.631443,39.206596,-13.4502945,-50.009434,-0.14207551,5.015101,-0.0076694554,10,0.5000267028808594,1.0044326678300515e-13,1.620568972472789e-10,1
1783662378.731534,39.19156,-12.968813,-50.008526,-0.14065102,5.01722,-0.008961733,10,0.5000267028808594,8.531475642381522e-14,1.6094555129897802e-10,1
1783662378.8315127,39.1756,-12.447625,-50.008194,-0.13976729,5.018224,-0.0103507405,10,0.5000267028808594,5.5377495302794404e-14,1.602054129180295e-10,1
1783662378.9313877,39.1612,-11.9666815,-50.008217,-0.13920222,5.0186615,-0.011062932,10,0.5000267028808594,2.15423763935509e-14,1.5961708442737926e-10,1
1783662379.031341,39.145916,-11.445746,-50.008205,-0.13901411,5.018507,-0.011654031,10,0.5000267028808594,1.452857123722053e-14,1.5824175552428848e-10,1
1783662379.1314592,39.131996,-10.9646225,-50.008453,-0.13931741,5.018446,-0.012201549,10,0.5000267028808594,1.9480806461415544e-14,1.5656327163474618e-10,1
1783662379.231463,39.117004,-10.443649,-50.008923,-0.14001153,5.0185094,-0.012172777,10,0.5000267028808594,2.7238230441528584e-14,1.5597946669850978e-10,1
1783662379.3315384,39.103657,-9.963229,-50.009197,-0.1405137,5.0180597,-0.012061723,10,0.5000267028808594,2.259331919629635e-14,1.556008985080355e-10,1
1783662379.4313407,39.09123,-9.483239,-50.009174,-0.14068829,5.0171657,-0.0118065495,10,0.5000267028808594,2.3552786823123237e-14,1.5826271254952883e-10,1
1783662379.5313487,39.079098,-9.003611,-50.0092,-0.14108096,5.0161533,-0.011577473,10,0.5000267028808594,3.1955131847628174e-14,1.601503993601398e-10,1
1783662379.631481,39.065895,-8.484917,-50.00917,-0.1419492,5.014093,-0.011668989,10,0.5000267028808594,5.4684758526570715e-14,1.6149911842592262e-10,1
1783662379.731544,39.05225,-7.966628,-50.00885,-0.14361256,5.012466,-0.011575522,10,0.5000267028808594,6.824855859814338e-14,1.604612486324842e-10,1
1783662379.831656,39.037777,-7.448399,-50.00817,-0.14680211,5.01139,-0.0118286675,10,0.5000267028808594,8.205247147881377e-14,1.5922267440825238e-10,1
1783662379.9317744,39.023693,-6.970032,-50.007534,-0.15049915,5.01072,-0.012172515,10,0.5000267028808594,8.403656675828416e-14,1.5821968473175922e-10,1
1783662380.0316725,39.00817,-6.4516687,-50.007374,-0.15435787,5.010917,-0.013053163,10,0.5000267028808594,5.907922520235935e-14,1.58617216521613e-10,1
1783662380.1315181,38.994164,-5.97281,-50.00801,-0.15724231,5.011651,-0.013594645,10,0.5000267028808594,5.887507975103721e-14,1.586335441841104e-10,1
1783662380.2319734,38.97914,-5.453642,-50.009018,-0.15982525,5.0128736,-0.013254544,10,0.5000267028808594,6.109600705510315e-14,1.5878299141374478e-10,1
1783662380.3313887,38.965023,-4.974818,-50.010025,-0.16191822,5.0135756,-0.01289856,10,0.5000267028808594,7.43901102359132e-14,1.5733697268604443e-10,1
1783662380.4315135,38.949257,-4.456599,-50.010868,-0.16468218,5.014485,-0.011726886,10,0.5000267028808594,7.893039689472564e-14,1.5716142076344024e-10,1
1783662380.5314848,38.934383,-3.9787822,-50.011345,-0.1671466,5.0146356,-0.010677231,10,0.5000267028808594,9.607945623654767e-14,1.5533702711292677e-10,1
1783662380.6315362,38.918163,-3.4613328,-50.011387,-0.16933808,5.0150986,-0.009732786,10,0.5000267028808594,9.195491943845648e-14,1.5563748433033648e-10,1
1783662380.7312741,38.90305,-2.9831338,-50.011383,-0.17143053,5.0161266,-0.009377694,10,0.5000267028808594,5.877149818154323e-14,1.5752600205840917e-10,1
1783662380.8315027,38.88656,-2.4648056,-50.011307,-0.17356725,5.017236,-0.009265777,10,0.5000267028808594,4.82434906450767e-14,1.5901431354416165e-10,1
1783662380.9313607,38.87079,-1.9866562,-50.010963,-0.17611328,5.017892,-0.009181116,10,0.5000267028808594,5.533588844087641e-14,1.5835040194568268e-10,1
1783662381.0312903,38.852962,-1.4688553,-50.010044,-0.17888437,5.0185003,-0.009293286,10,0.5000267028808594,6.722200543360182e-14,1.5874177371532937e-10,1
1783662381.1315196,38.83708,-1.0306376,-50.009426,-0.18169244,5.0190477,-0.009796321,10,0.5000267028808594,8.728454051052937e-14,1.5973436455306918e-10,1
1783662381.2313697,38.81738,-0.5119114,-50.00907,-0.18497343,5.020207,-0.010242481,10,0.5000267028808594,1.1826340607941913e-13,1.5911638271914664e-10,1
1783662381.331449,38.799343,-0.032341816,-50.009098,-0.18690361,5.0219235,-0.010797553,10,0.5000267028808594,1.1874836123235923e-13,1.5809699221570484e-10,1
1783662381.4318419,38.779083,0.5274574,-50.008812,-0.18769696,5.0240026,-0.0108414665,10,0.5000267028808594,1.0174165260737309e-13,1.5809696292294566e-10,1
1783662381.5319908,38.76216,1.0077785,-50.008636,-0.1872842,5.025901,-0.010920076,10,0.5000267028808594,8.238775237163705e-14,1.580834078147261e-10,1
1783662381.6314628,38.745743,1.4880488,-50.008545,-0.18627064,5.0271735,-0.011355806,10,0.5000267028808594,6.142692116549386e-14,1.5677100152080586e-10,1
1783662381.731501,38.72851,2.0082533,-50.008755,-0.18463935,5.0282745,-0.01157558,10,0.5000267028808594,8.910604688707471e-14,1.5640501131411142e-10,1
1783662381.8315687,38.710835,2.5281167,-50.00917,-0.18353339,5.0284314,-0.011357627,10,0.5000267028808594,1.5600591535003126e-13,1.5737938410516026e-10,1
1783662381.9311926,38.693527,3.0071533,-50.00976,-0.18372266,5.027966,-0.011248184,10,0.5000267028808594,1.5810653953935068e-13,1.5818929129465242e-10,1
1783662382.031156,38.673782,3.5255375,-50.01055,-0.1848057,5.0269923,-0.010988562,10,0.5000267028808594,1.5361302794129905e-13,1.5957003948607183e-10,1
1783662382.1317203,38.655087,4.0040913,-50.011826,-0.18607801,5.0262523,-0.010652456,10,0.5000267028808594,1.2535308196648134e-13,1.6204153461557304e-10,1
1783662382.2312624,38.634933,4.523067,-50.013485,-0.18699887,5.0263777,-0.009504197,10,0.5000267028808594,5.443638617582946e-14,1.6222054492957858e-10,1
1783662382.3312109,38.616756,5.002497,-50.015022,-0.18721312,5.026766,-0.008295786,10,0.5000267028808594,2.4783451620872653e-14,1.6229329092690157e-10,1
1783662382.4311829,38.597897,5.52175,-50.016663,-0.18622695,5.027067,-0.006480764,10,0.5000267028808594,3.270733929939975e-14,1.6185104544710163e-10,1
1783662382.531421,38.581738,6.000811,-50.017895,-0.18370973,5.0273376,-0.0050102086,10,0.5000267028808594,5.547952463791023e-14,1.5933741225804537e-10,1
1783662382.6312852,38.56475,6.5194173,-50.01868,-0.1808531,5.027071,-0.003448707,10,0.5000267028808594,8.476019089471863e-14,1.5632171064260544e-10,1
1783662382.7313895,38.548893,6.997543,-50.018887,-0.17885563,5.0263677,-0.002375761,10,0.5000267028808594,1.1011673861782065e-13,1.560708383748536e-10,1
1783662382.8313406,38.533154,7.475639,-50.018448,-0.17719221,5.025856,-0.0015577415,10,0.5000267028808594,1.3145868124728945e-13,1.5770715642767893e-10,1
1783662382.931286,38.515953,7.9936376,-50.017708,-0.17600271,5.0256624,-0.0014026042,10,0.5000267028808594,1.3467726397593727e-13,1.587349390819549e-10,1
1783662383.031551,38.499138,8.5116415,-50.016735,-0.17477697,5.0255365,-0.0014372506,10,0.5000267028808594,1.1720897348336415e-13,1.5953140432693034e-10,1
1783662383.1312578,38.485737,8.950204,-50.01591,-0.17353576,5.025584,-0.0021165113,10,0.5000267028808594,9.707128304413391e-14,1.6057878602083835e-10,1
1783662383.2313182,38.46878,9.508055,-50.014576,-0.17203495,5.0259805,-0.0029659348,10,0.5000267028808594,8.327319261273198e-14,1.614453657884212e-10,1
1783662383.331431,38.45386,9.986666,-50.01283,-0.17203496,5.0265155,-0.003982627,10,0.5000267028808594,7.645742215670884e-14,1.6164686784298215e-10,1
1783662383.4312634,38.438187,10.465844,-50.011154,-0.17286462,5.02716,-0.0053091818,10,0.5000267028808594,7.162528186263245e-14,1.608414605868938e-10,1
1783662383.5312269,38.4203,10.98562,-50.00941,-0.17466249,5.028547,-0.0070860623,10,0.5000267028808594,1.0173737525809526e-13,1.620389767047887e-10,1
1783662383.6311471,38.401382,11.506165,-50.007908,-0.17715423,5.0300875,-0.008848548,10,0.5000267028808594,1.4146914456984604e-13,1.63475026491056e-10,1
1783662383.7312531,38.38315,11.987307,-50.006805,-0.17943622,5.0314007,-0.010849256,10,0.5000267028808594,1.6737368487538775e-13,1.6511889811966937e-10,1
1783662383.8311803,38.362797,12.509315,-50.005783,-0.18152279,5.0327787,-0.012149962,10,0.5000267028808594,1.69191183370015e-13,1.6428366842543323e-10,1
1783662383.9314072,38.344097,12.99155,-50.005013,-0.18262066,5.0339413,-0.013173639,10,0.5000267028808594,1.6486958599049903e-13,1.6351084685605146e-10,1
1783662384.0311956,38.325684,13.4737625,-50.00454,-0.18258326,5.0344634,-0.014099126,10,0.5000267028808594,1.3905771532696518e-13,1.6189189659967612e-10,1
1783662384.1312082,38.306095,13.995831,-50.004345,-0.18168105,5.0341306,-0.014868088,10,0.5000267028808594,9.800420466370595e-14,1.5856040616215556e-10,1
1783662384.2318344,38.287197,14.516983,-50.004444,-0.17985559,5.0327926,-0.015555287,10,0.5000267028808594,7.972227726078242e-14,1.558763107834132e-10,1
1783662384.3313048,38.2716,14.957072,-50.004757,-0.17797452,5.031121,-0.015867257,10,0.5000267028808594,9.336808335819184e-14,1.5622618402707218e-10,1
1783662384.43139,38.25211,15.516449,-50.005436,-0.17521851,5.0280523,-0.015722997,10,0.5000267028808594,1.1013138691001986e-13,1.5743296934113295e-10,1
1783662384.5312555,38.23593,15.995421,-50.005512,-0.1727565,5.025506,-0.015219541,10,0.5000267028808594,1.1038384814969719e-13,1.575221264382928e-10,1
1783662384.6317427,38.21854,16.513662,-50.00521,-0.17057759,5.023179,-0.014923535,10,0.5000267028808594,1.102689442256145e-13,1.5722633941856848e-10,1
1783662384.732023,38.202652,16.99187,-50.004116,-0.16868281,5.0214734,-0.014873148,10,0.5000267028808594,9.8686343895637e-14,1.5877659467334674e-10,1
1783662384.8313792,38.187466,17.469885,-50.002434,-0.16680235,5.0202146,-0.015269965,10,0.5000267028808594,5.6564399673724735e-14,1.5924236980816474e-10,1
1783662384.9316676,38.173126,17.948275,-50.000866,-0.16492923,5.019977,-0.016629213,10,0.5000267028808594,2.7295611650966377e-14,1.5975664860178765e-10,1
1783662385.0314782,38.158062,18.467407,-49.99979,-0.16335687,5.021032,-0.018679915,10,0.5000267028808594,1.6242096422015186e-14,1.6089055710840246e-10,1
1783662385.1312714,38.144512,18.947048,-49.99919,-0.16262428,5.0225368,-0.019998394,10,0.5000267028808594,2.4607720974442802e-14,1.6031638419562506e-10,1
1783662385.2313302,38.129883,19.466547,-49.99839,-0.16234313,5.0237565,-0.020991901,10,0.5000267028808594,4.0293351885650567e-14,1.6024045548298326e-10,1
1783662385.3317852,38.115246,19.986132,-49.99795,-0.16234525,5.0246935,-0.021810265,10,0.5000267028808594,5.733682623859668e-14,1.6039294125232572e-10,1
1783662385.4317255,38.10068,20.506138,-49.997677,-0.16318634,5.025939,-0.022265837,10,0.5000267028808594,7.147577028716082e-14,1.6042128232701795e-10,1
1783662385.5316267,38.087444,20.987011,-49.99783,-0.16401128,5.0274906,-0.022688745,10,0.5000267028808594,6.877431080860789e-14,1.5899709710843618e-10,1
1783662385.6312637,38.074627,21.468496,-49.99832,-0.16473892,5.0292044,-0.0227443,10,0.5000267028808594,5.039292110484457e-14,1.6045898871343694e-10,1
1783662385.7312775,38.06244,21.950237,-49.999462,-0.16525714,5.030461,-0.022605347,10,0.5000267028808594,4.797160790317143e-14,1.6064411626772233e-10,1
1783662385.8315926,38.048702,22.472416,-50.001183,-0.16646653,5.031824,-0.021579215,10,0.5000267028808594,7.524562644817859e-14,1.6044172178964103e-10,1
1783662385.9313347,38.033695,22.995167,-50.002766,-0.16936722,5.0329323,-0.020301105,10,0.5000267028808594,9.347908241084806e-14,1.6066804699187333e-10,1
1783662386.031795,38.017464,23.518421,-50.004593,-0.1731257,5.0340204,-0.01872283,10,0.5000267028808594,9.083874539236739e-14,1.6161234539752602e-10,1
1783662386.1318533,38.00154,24.001186,-50.006695,-0.17739345,5.0342307,-0.016982697,10,0.5000267028808594,8.6100154835212e-14,1.6259391784922638e-10,1
1783662386.2312875,37.983047,24.5238,-50.008987,-0.18225239,5.033195,-0.0147178,10,0.5000267028808594,5.999394298777932e-14,1.623277552136763e-10,1
1783662386.3314703,37.96529,25.00573,-50.010605,-0.18676056,5.031169,-0.012633936,10,0.5000267028808594,5.35972086354278e-14,1.619606681965446e-10,1
1783662386.4319532,37.94521,25.52697,-50.01236,-0.19107652,5.0282288,-0.010476911,10,0.5000267028808594,8.972453355678909e-14,1.6222372306506677e-10,1
1783662386.5311677,37.925632,26.007372,-50.01368,-0.194682,5.024944,-0.008786286,10,0.5000267028808594,1.6013391375583226e-13,1.6234140879248555e-10,1
1783662386.631788,37.90392,26.527328,-50.01473,-0.19757555,5.021439,-0.0070983698,10,0.5000267028808594,2.2431973500546472e-13,1.6193544636647113e-10,1
1783662386.7314847,37.884087,27.007069,-50.01594,-0.19830665,5.0184965,-0.0061141336,10,0.5000267028808594,2.4214285797480784e-13,1.6016329171233296e-10,1
1783662386.8311443,37.86349,27.526382,-50.017456,-0.19724022,5.0159316,-0.004836125,10,0.5000267028808594,2.459189143301054e-13,1.5967888145112143e-10,1
1783662386.9315488,37.845043,28.005478,-50.01806,-0.19492598,5.0136504,-0.0032840804,10,0.5000267028808594,1.7735977589209186e-13,1.5874102577217825e-10,1
1783662387.0314624,37.82505,28.524752,-50.018047,-0.19233027,5.0122952,-0.0023584773,10,0.5000267028808594,1.403301527233931e-13,1.589611638850207e-10,1
1783662387.1312814,37.80685,29.004377,-50.01815,-0.18982182,5.011835,-0.002235992,10,0.5000267028808594,9.209575223730591e-14,1.5851568857450602e-10,1
1783662387.2315495,37.787945,29.524385,-50.01853,-0.18668865,5.01214,-0.002122425,10,0.5000267028808594,6.53088358819632e-14,1.5902510708891702e-10,1
1783662387.3313143,37.772144,29.964527,-50.019085,-0.18424648,5.0126004,-0.0016500085,10,0.5000267028808594,6.360434181948221e-14,1.5936587649941997e-10,1
1783662387.431582,37.752193,30.524452,-50.020016,-0.18161598,5.012979,-0.0012067395,10,0.5000267028808594,2.9498552140480517e-14,1.5966695498842532e-10,1
1783662387.5320473,37.735886,31.004587,-50.020916,-0.17930476,5.01313,-0.0006696002,10,0.5000267028808594,3.167304038013796e-14,1.5961013000468602e-10,1
1783662387.631542,37.718956,31.524546,-50.02175,-0.17668702,5.0129986,0.0004604204,10,0.5000267028808594,5.0311573912139e-14,1.5991935384968903e-10,1
1783662387.731362,37.704056,32.003883,-50.021957,-0.17421617,5.0123286,0.0013695287,10,0.5000267028808594,7.618366835949561e-14,1.6051326601259378e-10,1
1783662387.8312247,37.6883,32.522728,-50.02176,-0.1717439,5.0110536,0.0019224641,10,0.5000267028808594,1.3646797225243368e-13,1.5982337356887907e-10,1
1783662387.9311965,37.67414,33.00125,-50.021526,-0.1693474,5.0100484,0.001996027,10,0.5000267028808594,1.8217994084485713e-13,1.584204452869735e-10,1
1783662388.0312645,37.6592,33.519924,-50.021202,-0.16710444,5.009387,0.0018469681,10,0.5000267028808594,2.0331495112075738e-13,1.581684655526739e-10,1
1783662388.1311696,37.645393,33.999264,-50.020985,-0.16589893,5.009864,0.0015674264,10,0.5000267028808594,1.5647061392046494e-13,1.5801532949445473e-10,1
1783662388.2312508,37.62993,34.51943,-50.02082,-0.16604422,5.011421,0.0015016948,10,0.5000267028808594,9.81707493517426e-14,1.5813877997930164e-10,1
1783662388.3311844,37.615494,35.00063,-50.020874,-0.16673727,5.0138364,0.0011744716,10,0.5000267028808594,4.778500740877328e-14,1.5877078099152821e-10,1
1783662388.431178,37.600006,35.522343,-50.020786,-0.16774395,5.0160556,0.0012661255,10,0.5000267028808594,1.9420618641694514e-14,1.6024425305682837e-10,1
1783662388.5312488,37.5872,35.963436,-50.020298,-0.16852725,5.0171995,0.0014831854,10,0.5000267028808594,2.57802178238414e-14,1.6209487915412555e-10,1
1783662388.6312268,37.570343,36.525005,-50.020138,-0.170102,5.0178194,0.0008698962,10,0.5000267028808594,4.817782946705717e-14,1.6253065640510558e-10,1
1783662388.731252,37.556553,36.965977,-50.020042,-0.17187221,5.017699,0.0006127748,10,0.5000267028808594,8.750455366578317e-14,1.6131042610470091e-10,1
1783662388.831269,37.539845,37.48655,-50.019524,-0.17404836,5.016814,0.000597132,10,0.5000267028808594,1.2613147388143866e-13,1.5941321455731346e-10,1
1783662388.9311824,37.523773,37.967083,-50.018913,-0.17625661,5.0158505,0.000121024124,10,0.5000267028808594,1.4820229537109174e-13,1.5866693691907794e-10,1
1783662389.031533,37.505947,38.487316,-50.018642,-0.17851016,5.0148244,-0.00044857108,10,0.5000267028808594,1.7191763635776693e-13,1.5883758896985543e-10,1
1783662389.1316543,37.48763,39.00764,-50.018642,-0.18050909,5.013659,-0.00094755774,10,0.5000267028808594,1.6758861850217916e-13,1.5954089088651323e-10,1
1783662389.2312236,37.46899,39.52797,-50.018356,-0.1819391,5.0127034,-0.0011424244,10,0.5000267028808594,1.3080654924257635e-13,1.6052428815544727e-10,1
1783662389.3314648,37.45193,40.007877,-50.017788,-0.18291724,5.011505,-0.0012157062,10,0.5000267028808594,9.015674777444205e-14,1.6115607607045384e-10,1
1783662389.4315612,37.433258,40.527107,-50.017124,-0.1837695,5.009901,-0.0018299168,10,0.5000267028808594,1.0286455663449435e-13,1.611582013415942e-10,1
1783662389.5315173,37.415524,41.005875,-50.016464,-0.18450886,5.0080047,-0.0022921755,10,0.5000267028808594,1.056137042080311e-13,1.5999139798697108e-10,1
1783662389.6316965,37.39552,41.524136,-50.01596,-0.18548523,5.006366,-0.0031553495,10,0.5000267028808594,1.301407834847226e-13,1.5815658522316432e-10,1
1783662389.732136,37.37701,42.00246,-50.015415,-0.18583721,5.005231,-0.0040077404,10,0.5000267028808594,1.4595366622199743e-13,1.57612417342459e-10,1
1783662389.8314075,37.35786,42.52025,-50.014927,-0.18487625,5.0045896,-0.0047208816,10,0.5000267028808594,1.5823047304548616e-13,1.5694908710564509e-10,1
1783662389.9313354,37.34203,42.958374,-50.01447,-0.18345582,5.0044494,-0.004852466,10,0.5000267028808594,1.5760754188918584e-13,1.5686030091282832e-10,1
1783662390.0317218,37.32139,43.516064,-50.013775,-0.18172951,5.004993,-0.0055087185,10,0.5000267028808594,1.4169521261438428e-13,1.5739667263697445e-10,1
1783662390.1316078,37.303516,43.994133,-50.01359,-0.18039909,5.005367,-0.006223332,10,0.5000267028808594,1.105670560919619e-13,1.5813667995914186e-10,1
1783662390.2314627,37.285107,44.512314,-50.013927,-0.17855942,5.0062375,-0.0069414377,10,0.5000267028808594,9.602001131891561e-14,1.5963714410184618e-10,1
1783662390.331635,37.269253,44.991035,-50.014156,-0.17590174,5.007332,-0.006910247,10,0.5000267028808594,1.0083118852922556e-13,1.5956395300348327e-10,1
1783662390.4311028,37.252514,45.50995,-50.01418,-0.17296493,5.008929,-0.0066066836,10,0.5000267028808594,7.711683052729968e-14,1.5812045986846712e-10,1
1783662390.5315497,37.237175,45.989113,-50.013805,-0.17054373,5.010767,-0.0063825366,10,0.5000267028808594,6.40552599873928e-14,1.5707042122362687e-10,1
1783662390.6313183,37.220013,46.50741,-50.013283,-0.16941902,5.012045,-0.0064528245,10,0.5000267028808594,7.813072627595081e-14,1.5628465211776464e-10,1
1783662390.7312634,37.20404,46.985825,-50.012863,-0.16881944,5.012707,-0.0069557712,10,0.5000267028808594,1.0176752995352942e-13,1.5675298919838282e-10,1
1783662390.8316681,37.18663,47.50409,-50.012787,-0.16865861,5.01365,-0.0074040457,10,0.5000267028808594,1.0463919063422111e-13,1.5659118768296945e-10,1
1783662390.9314036,37.17044,47.982086,-50.013195,-0.16874732,5.0138903,-0.007625041,10,0.5000267028808594,8.742050082040087e-14,1.596662781044168e-10,1
1783662391.0316248,37.15293,48.500065,-50.014217,-0.16891822,5.0142283,-0.0078071407,10,0.5000267028808594,7.784458994417813e-14,1.6101471188535052e-10,1
1783662391.1313577,37.136833,48.97848,-50.015392,-0.16922502,5.01488,-0.0075480393,10,0.5000267028808594,6.129895001923335e-14,1.605195013288673e-10,1
1783662391.2315547,37.119255,49.497044,-50.016365,-0.16958773,5.016093,-0.0066447416,10,0.5000267028808594,4.458731469025413e-14,1.5859583372857437e-10,1
1783662391.3315856,37.102573,49.975544,-50.017395,-0.170372,5.0171523,-0.005556178,10,0.5000267028808594,3.8259691748487324e-14,1.5757434637947678e-10,1
1783662391.4315786,37.08351,50.493713,-50.01855,-0.17197092,5.018215,-0.0045247953,10,0.5000267028808594,5.5769501930298276e-14,1.5750485362760437e-10,1
1783662391.5315988,37.06552,50.97247,-50.019096,-0.17334583,5.0195203,-0.0030733976,10,0.5000267028808594,8.78233716647305e-14,1.5790017172721984e-10,1
1783662391.6313233,37.046455,51.49139,-50.01927,-0.17381677,5.021031,-0.0019812263,10,0.5000267028808594,9.8987492482331e-14,1.5925781795026535e-10,1
1783662391.731413,37.029354,51.970955,-50.019356,-0.17334285,5.022829,-0.0015549973,10,0.5000267028808594,9.716811610925091e-14,1.6143020974145168e-10,1
1783662391.8314025,37.012905,52.45143,-50.018906,-0.17188121,5.024734,-0.001057884,10,0.5000267028808594,1.0093131324845316e-13,1.6222656540383104e-10,1
1783662391.9313593,36.99566,52.97253,-50.018116,-0.16986513,5.027132,-0.0008861672,10,0.5000267028808594,8.837938965337498e-14,1.6147517721393607e-10,1
1783662392.0315707,36.978985,53.49419,-50.01692,-0.16753836,5.029501,-0.0013638594,10,0.5000267028808594,7.621800276657138e-14,1.6078795373274796e-10,1
1783662392.1316538,36.96406,53.975677,-50.01535,-0.16548555,5.0308175,-0.0020509888,10,0.5000267028808594,7.687117971198731e-14,1.6041245293759055e-10,1
1783662392.2317662,36.948765,54.497326,-50.013588,-0.16296616,5.031717,-0.003434217,10,0.5000267028808594,8.936962149715251e-14,1.6234736316084917e-10,1
1783662392.3311887,36.93492,54.979546,-50.01255,-0.16115274,5.032406,-0.00506366,10,0.5000267028808594,1.1951215859608414e-13,1.6373036780991159e-10,1
1783662392.431811,36.91942,55.502773,-50.012028,-0.16028573,5.0332327,-0.006542601,10,0.5000267028808594,1.0721784907401169e-13,1.6420701292444023e-10,1
1783662392.5316818,36.904125,55.986797,-50.011703,-0.16101801,5.03444,-0.0074580368,10,0.5000267028808594,1.2943769654132687e-13,1.6377335303910213e-10,1
1783662392.6312945,36.886803,56.511826,-50.011517,-0.16274849,5.0355716,-0.008313779,10,0.5000267028808594,1.1917036211799368e-13,1.6421979995919558e-10,1
1783662392.731246,36.870907,56.996574,-50.011574,-0.16410048,5.03563,-0.008592827,10,0.5000267028808594,9.765313515926038e-14,1.636214044558501e-10,1
1783662392.8312352,36.854126,57.521603,-50.01181,-0.1649577,5.0346465,-0.0088412035,10,0.5000267028808594,9.686048774879974e-14,1.6296168280673017e-10,1
1783662392.931277,36.838367,58.005615,-50.012302,-0.16568932,5.032382,-0.008773105,10,0.5000267028808594,9.603192417020756e-14,1.6206408330146897e-10,1
1783662393.0312238,36.820766,58.529144,-50.012924,-0.16697699,5.0288854,-0.008352978,10,0.5000267028808594,9.919210333526972e-14,1.6073076328856132e-10,1
1783662393.1313465,36.803608,59.01161,-50.013683,-0.16869085,5.025051,-0.0076976353,10,0.5000267028808594,9.134398251996128e-14,1.5842883043587357e-10,1
1783662393.2314317,36.784412,59.53302,-50.01475,-0.17074901,5.0200224,-0.0068068583,10,0.5000267028808594,1.0375540068101231e-13,1.5605542405253881e-10,1
1783662393.3314018,36.766926,60.012825,-50.0164,-0.17180425,5.0147405,-0.0062085553,10,0.5000267028808594,9.502642946680124e-14,1.5517262562522426e-10,1
1783662393.431228,36.74881,60.531277,-50.0186,-0.17138241,5.0087132,-0.0051594162,10,0.5000267028808594,6.657816866242109e-14,1.568802816378163e-10,1
1783662393.5312688,36.732502,61.009117,-50.02072,-0.17064995,5.0040164,-0.0034673118,10,0.5000267028808594,6.562784742489304e-14,1.5947719047582605e-10,1
1783662393.6314368,36.715237,61.52672,-50.022617,-0.16940232,4.9997773,-0.0016194016,10,0.5000267028808594,6.106763718717674e-14,1.6147186124310222e-10,1
1783662393.7318003,36.6993,62.004204,-50.0238,-0.1682946,4.996965,0.000437268,10,0.5000267028808594,7.028637459379439e-14,1.6078827736867003e-10,1
1783662393.8315063,36.68231,62.520874,-50.02446,-0.16711757,4.9946756,0.0023692553,10,0.5000267028808594,8.276922866148012e-14,1.5953412999452164e-10,1
1783662393.9316328,36.6666,62.99752,-50.024303,-0.16626874,4.99321,0.004459916,10,0.5000267028808594,9.747765807692122e-14,1.5650736820992884e-10,1
1783662394.0315492,36.64989,63.51308,-50.02307,-0.16514073,4.9869456,0.006809845,10,0.5000267028808594,9.945563922584574e-14,1.5466430845239972e-10,1
1783662394.1320505,36.634254,63.987648,-50.021004,-0.16794612,4.9637346,0.004139767,10,0.5000267028808594,9.262675836727095e-14,1.544585939202637e-10,1
1783662394.231528,36.61598,64.49767,-50.01896,-0.18922555,4.906206,-0.008511842,10,0.5000267028808594,8.278547775167581e-14,1.554853190829233e-10,1
1783662394.331643,36.595036,64.960266,-50.018383,-0.24015412,4.813463,-0.029011067,10,0.5000267028808594,8.551433774103084e-14,1.5456563666385564e-10,1
1783662394.4317625,36.56338,65.44686,-50.020477,-0.3390647,4.6631436,-0.057027344,10,0.5000267028808594,1.0565575394730515e-13,1.5165721704003049e-10,1
1783662394.5317047,36.521744,65.876816,-50.025063,-0.47445902,4.474533,-0.08448552,10,0.5000267028808594,1.5122770333636415e-13,1.4689356680011056e-10,1
1783662394.6322558,36.457344,66.315216,-50.033245,-0.66922,4.21501,-0.10930647,10,0.5000267028808594,2.30436771437818e-13,1.4141635409238772e-10,1
1783662394.731958,36.37583,66.68964,-50.04264,-0.8854925,3.9309938,-0.10618084,10,0.5000267028808594,3.406925678241083e-13,1.350995215277765e-10,1
1783662394.8312635,36.270718,67.03117,-50.05101,-1.1262732,3.6143446,-0.08324303,10,0.5000267028808594,5.08600783745334e-13,1.2744533596734974e-10,1
1783662394.9317503,36.12829,67.36057,-50.057602,-1.4043475,3.2452579,-0.054184303,10,0.5000267028808594,7.803240598616878e-13,1.165838908249515e-10,1
1783662395.0314443,35.95568,67.64707,-50.061512,-1.6912036,2.8613853,-0.029012345,10,0.5000267028808594,1.6611172772826454e-12,9.820245322882562e-11,1
1783662395.1312137,35.76922,67.87327,-50.063084,-1.9587897,2.5024436,-0.012164022,10,0.5000267028808594,2.9413790831699656e-12,8.258199154624969e-11,1
1783662395.2311828,35.537327,68.0774,-50.06311,-2.2479327,2.1165233,0.0029569515,10,0.5000267028808594,4.851398718857178e-12,6.716451203957427e-11,1
1783662395.3313854,35.29754,68.22985,-50.061783,-2.509068,1.7688506,0.017310146,10,0.5000267028808594,7.182607532767514e-12,5.318726606799253e-11,1
1783662395.431622,35.012295,68.35722,-50.05909,-2.779067,1.4035252,0.029357033,10,0.5000267028808594,9.818681684737007e-12,4.081553180962606e-11,1
1783662395.5318532,34.727154,68.44147,-50.056114,-3.0129075,1.0793467,0.03525199,10,0.5000267028808594,1.2499498616033371e-11,3.081820033547927e-11,1
1783662395.631617,34.396942,68.49938,-50.05302,-3.246846,0.74442476,0.035910584,10,0.5000267028808594,1.5227217163597702e-11,2.2431954122570134e-11,1
1783662395.7316487,34.0738,68.52443,-50.05047,-3.4474242,0.45213926,0.03187325,10,0.5000267028808594,1.8488690649904048e-11,1.585198926154628e-11,1
1783662395.8312526,33.734226,68.52531,-50.048275,-3.6348312,0.17956644,0.031881906,10,0.5000267028808594,2.1858812760826997e-11,1.0322372335474609e-11,1
1783662395.9314551,33.349327,68.50182,-50.045635,-3.8212037,-0.0948545,0.038070787,10,0.5000267028808594,2.5676970207454928e-11,6.294830074916748e-12,1
1783662396.0317197,32.94817,68.455185,-50.04239,-3.9836357,-0.35102797,0.043846358,10,0.5000267028808594,2.930051563967404e-11,3.3573016674646346e-12,1
1783662396.131333,32.598396,68.3992,-50.03967,-4.0967984,-0.5554107,0.04568542,10,0.5000267028808594,3.2896867753879794e-11,1.388942037890594e-12,1
1783662396.2314196,32.142822,68.307,-50.036896,-4.204687,-0.80177766,0.044306897,10,0.5000267028808594,3.647991300519774e-11,4.313653798713601e-13,1
1783662396.3315873,31.746279,68.20986,-50.035942,-4.2616816,-1.004012,0.0402458,10,0.5000267028808594,4.0048345860458135e-11,2.851368648487555e-13,1
1783662396.4313743,31.315376,68.086624,-50.036713,-4.2838993,-1.2169933,0.03462218,10,0.5000267028808594,4.3099181440643944e-11,7.41913230417392e-13,1
1783662396.5317721,30.919903,67.95625,-50.03844,-4.2672133,-1.4102683,0.029015707,10,0.5000267028808594,4.479642737087528e-11,1.638901889929318e-12,1
1783662396.6313393,30.497389,67.7974,-50.04094,-4.2105603,-1.6175331,0.023015538,10,0.5000267028808594,4.5778206088952936e-11,3.0752693894620047e-12,1
1783662396.7317135,30.116617,67.63494,-50.043404,-4.1288033,-1.8079525,0.019008834,10,0.5000267028808594,4.6070066838711984e-11,5.0274960851128475e-12,1
1783662396.831196,29.716454,67.44082,-50.045654,-4.02208,-2.0136216,0.023807347,10,0.5000267028808594,4.5969866173034537e-11,7.459944810896473e-12,1
1783662396.9314492,29.358961,67.24473,-50.04626,-3.9174604,-2.2017782,0.030890528,10,0.5000267028808594,4.550726923294363e-11,1.0446870143359736e-11,1
1783662397.0317235,28.984253,67.01342,-50.04507,-3.8067338,-2.3989165,0.040252186,10,0.5000267028808594,4.4646715922957574e-11,1.3923502375177295e-11,1
1783662397.1313636,28.648514,66.78238,-50.04251,-3.712829,-2.5700667,0.047700264,10,0.5000267028808594,4.3840701252812766e-11,1.8249305830623908e-11,1
1783662397.2317314,28.293768,66.51509,-50.038822,-3.6249468,-2.736225,0.049822412,10,0.5000267028808594,4.2260414027397797e-11,2.2752743123159302e-11,1
1783662397.331907,27.971874,66.25428,-50.035423,-3.5664604,-2.867418,0.043400947,10,0.5000267028808594,4.028390609845002e-11,2.7795513358387896e-11,1
1783662397.4315898,27.625082,65.95949,-50.03253,-3.5410998,-2.9810104,0.03339926,10,0.5000267028808594,3.8483171994074874e-11,3.2924768496658614e-11,1
1783662397.531828,27.30306,65.67956,-50.030556,-3.55217,-3.0551414,0.027321804,10,0.5000267028808594,3.752941167716482e-11,3.803197383643257e-11,1
1783662397.6312807,26.947582,65.37137,-50.02907,-3.5914984,-3.0988786,0.023760347,10,0.5000267028808594,3.727685889965061e-11,4.2343562085252304e-11,1
1783662397.7314482,26.639444,65.109726,-50.02811,-3.638494,-3.1070526,0.022502482,10,0.5000267028808594,3.711414033616867e-11,4.561459102031153e-11,1
1783662397.831765,26.236013,64.77958,-50.026424,-3.706823,-3.0902023,0.023349809,10,0.5000267028808594,3.757055099212704e-11,4.827452678491172e-11,1
1783662397.9314198,25.910215,64.523285,-50.024506,-3.7612202,-3.065899,0.02425654,10,0.5000267028808594,3.8015525562623667e-11,5.0102248247751456e-11,1
1783662398.031549,25.486092,64.20219,-50.02234,-3.8248882,-3.0300634,0.024365539,10,0.5000267028808594,3.7579962114442536e-11,5.009120516053308e-11,1
1783662398.1312673,25.115221,63.93081,-50.020504,-3.87099,-3.0005205,0.023466524,10,0.5000267028808594,3.7777135408565854e-11,4.992798496051468e-11,1
1783662398.2312448,24.739204,63.662018,-50.0185,-3.907588,-2.9759645,0.022171684,10,0.5000267028808594,3.839998208188879e-11,4.9368924232345256e-11,1
1783662398.3316576,24.327806,63.37364,-50.017136,-3.9356742,-2.9553182,0.019534495,10,0.5000267028808594,3.94751700840184e-11,4.928540465774349e-11,1
1783662398.4314365,23.913727,63.08646,-50.016098,-3.9527216,-2.9418573,0.017014423,10,0.5000267028808594,4.1429409469062835e-11,4.903451901221766e-11,1
1783662398.5315,23.53063,62.821106,-50.014755,-3.9590943,-2.9365983,0.015237734,10,0.5000267028808594,4.304024180847919e-11,4.981521250013364e-11,1
1783662398.631532,23.116083,62.53227,-50.01337,-3.9568326,-2.938067,0.013116904,10,0.5000267028808594,4.365343577895574e-11,5.0238627445705156e-11,1
1783662398.7312171,22.734962,62.263515,-50.012398,-3.9470236,-2.9449897,0.011114991,10,0.5000267028808594,4.376972425184616e-11,4.969371373570305e-11,1
1783662398.8313735,22.325308,61.970177,-50.01138,-3.92905,-2.9568267,0.009375831,10,0.5000267028808594,4.439968327485636e-11,5.002800617812076e-11,1
1783662398.931267,21.950043,61.69722,-50.01001,-3.9069045,-2.9698646,0.007941536,10,0.5000267028808594,4.494244918770437e-11,5.098429041107233e-11,1
1783662399.0316617,21.54647,61.39828,-50.00907,-3.8797936,-2.9869363,0.0058116433,10,0.5000267028808594,4.5059683721755476e-11,5.214467377083514e-11,1
1783662399.1319108,21.17651,61.11931,-50.00866,-3.8538709,-3.0043464,0.0041495687,10,0.5000267028808594,4.581855103992388e-11,5.2982692378824684e-11,1
1783662399.2317402,20.778002,60.81322,-50.00841,-3.826507,-3.0254278,0.002202854,10,0.5000267028808594,4.549859269934522e-11,5.436229628994056e-11,1
1783662399.3313854,20.442947,60.551422,-50.009026,-3.804151,-3.0437737,0.0005601222,10,0.5000267028808594,4.497586457910793e-11,5.4903265490198543e-11,1
1783662399.4313421,20.049015,60.23878,-50.01088,-3.7802324,-3.0663235,-0.00046187907,10,0.5000267028808594,4.3989438195144877e-11,5.532430270020556e-11,1
1783662399.5314977,19.687126,59.947258,-50.013298,-3.759975,-3.0872896,-0.00021632308,10,0.5000267028808594,4.361687581793457e-11,5.594640629693154e-11,1
1783662399.6312764,19.266315,59.603897,-50.01597,-3.7398908,-3.11103,0.0015887412,10,0.5000267028808594,4.385382597283136e-11,5.7595384532836106e-11,1
1783662399.7313123,18.93677,59.331806,-50.017334,-3.7259984,-3.1288512,0.0032623273,10,0.5000267028808594,4.356018234925029e-11,5.886584275460546e-11,1
1783662399.8315804,18.518486,58.983532,-50.017704,-3.7112522,-3.148889,0.0053732907,10,0.5000267028808594,4.33289133642513e-11,6.038627322812093e-11,1
1783662399.9314187,18.160896,58.683277,-50.016758,-3.7010818,-3.1639087,0.0059778006,10,0.5000267028808594,4.271302726126454e-11,6.130962194043063e-11,1
1783662400.031412,17.773836,58.355965,-50.01487,-3.6931605,-3.178159,0.005620955,10,0.5000267028808594,4.2403404168373535e-11,6.219795675901308e-11,1
1783662400.1314301,17.416382,58.052258,-50.013035,-3.6886885,-3.18934,0.0041899956,10,0.5000267028808594,4.2127879148862755e-11,6.355544749491709e-11,1
1783662400.2314682,17.02851,57.72143,-50.011288,-3.6865208,-3.1995463,0.00231268,10,0.5000267028808594,4.193648084941211e-11,6.474743282438915e-11,1
1783662400.33155,16.67015,57.414528,-50.01015,-3.6866221,-3.207394,0.00036142423,10,0.5000267028808594,4.213445751288978e-11,6.548011365010947e-11,1
1783662400.4317002,16.282095,57.08021,-50.009853,-3.6878614,-3.2147377,-0.0018642365,10,0.5000267028808594,4.13556322649282e-11,6.572397485590476e-11,1
1783662400.531565,15.923968,56.769802,-50.01064,-3.689885,-3.2205932,-0.0031741175,10,0.5000267028808594,4.040154989392436e-11,6.583202484105618e-11,1
1783662400.6316965,15.536493,56.4323,-50.011597,-3.6926932,-3.2256043,-0.0034199182,10,0.5000267028808594,3.9467067772222184e-11,6.599177635189689e-11,1
1783662400.731262,15.179096,56.11983,-50.012287,-3.6956203,-3.2291558,-0.0032268774,10,0.5000267028808594,3.8805936553162804e-11,6.555591999410861e-11,1
1783662400.831605,14.791655,55.781036,-50.012962,-3.6996489,-3.2310367,-0.0029417141,10,0.5000267028808594,3.852653870746863e-11,6.632529781929673e-11,1
1783662400.931877,14.433693,55.468285,-50.01378,-3.7044044,-3.2309837,-0.002750209,10,0.5000267028808594,3.8841410854964166e-11,6.76435765325824e-11,1
1783662401.0312183,14.045416,55.129383,-50.014553,-3.7104018,-3.2293499,-0.0019333747,10,0.5000267028808594,4.009971110361272e-11,6.739567122663862e-11,1
1783662401.1314378,13.686341,54.81678,-50.014572,-3.7166696,-3.2269332,-0.0015446062,10,0.5000267028808594,4.063576260202818e-11,6.684751191773852e-11,1
1783662401.2314014,13.296603,54.47827,-50.01405,-3.723964,-3.224052,-0.0013689183,10,0.5000267028808594,4.111240934067606e-11,6.682244459994112e-11,1
1783662401.3314695,12.93615,54.166214,-50.013565,-3.7310839,-3.220666,-0.0017189151,10,0.5000267028808594,4.130552475722546e-11,6.716447925576641e-11,1
1783662401.431527,12.545208,53.82866,-50.013344,-3.7386906,-3.2161825,-0.0021101518,10,0.5000267028808594,4.144366827874244e-11,6.764584901348185e-11,1
1783662401.5314288,12.213333,53.543102,-50.013412,-3.7455544,-3.2124903,-0.0026582303,10,0.5000267028808594,4.129718851965341e-11,6.871501527718212e-11,1
1783662401.6313288,11.789824,53.179447,-50.013447,-3.7545645,-3.2080314,-0.0029128597,10,0.5000267028808594,4.176181904860098e-11,6.878186472939977e-11,1
1783662401.73132,11.426001,52.867794,-50.013317,-3.7622175,-3.2043374,-0.003017618,10,0.5000267028808594,4.195710763948714e-11,6.745837190390748e-11,1
1783662401.8315158,11.030439,52.53038,-50.012714,-3.7706692,-3.2006693,-0.0031708064,10,0.5000267028808594,4.225906161184331e-11,6.667853490546567e-11,1
1783662401.9315763,10.664179,52.2196,-50.0115,-3.7785962,-3.1970267,-0.003381257,10,0.5000267028808594,4.239513957002428e-11,6.628793116903322e-11,1
1783662402.031178,10.26654,51.8833,-50.00967,-3.7868955,-3.1931746,-0.0041162265,10,0.5000267028808594,4.251962972466584e-11,6.718754725493126e-11,1
1783662402.1312249,9.929265,51.59851,-50.008266,-3.7934048,-3.1899974,-0.0054380046,10,0.5000267028808594,4.284757665673378e-11,6.806623292101842e-11,1
1783662402.2314215,9.499451,51.236332,-50.007042,-3.8007782,-3.1867347,-0.008140515,10,0.5000267028808594,4.350864231760647e-11,6.847654454700315e-11,1
1783662402.3312464,9.160921,50.95184,-50.00623,-3.8083072,-3.1822293,-0.013025011,10,0.5000267028808594,4.2932219368591586e-11,6.816786493185439e-11,1
1783662402.431227,8.728966,50.59059,-50.006256,-3.830756,-3.1610959,-0.022390906,10,0.5000267028808594,4.272584099339633e-11,6.764301413740034e-11,1
1783662402.5313008,8.355915,50.28364,-50.007397,-3.8676074,-3.1134858,-0.03140247,10,0.5000267028808594,4.3281898337115295e-11,6.782678276550153e-11,1
1783662402.6314664,7.945678,49.959034,-50.009674,-3.9274862,-3.0238853,-0.033677764,10,0.5000267028808594,4.4162939559430206e-11,6.794085186626976e-11,1
1783662402.7315562,7.559451,49.670883,-50.01206,-3.9980395,-2.9137866,-0.029383022,10,0.5000267028808594,4.518070841551863e-11,6.715955946880796e-11,1
1783662402.8318222,7.131039,49.37424,-50.013977,-4.0845675,-2.7775857,-0.02182088,10,0.5000267028808594,4.586991254201431e-11,6.470508842586632e-11,1
1783662402.9319212,6.7261086,49.11523,-50.01464,-4.168423,-2.6467633,-0.015046285,10,0.5000267028808594,4.6999871671347465e-11,6.166525247085251e-11,1
1783662403.0321546,6.277527,48.850323,-50.01413,-4.2592716,-2.5069199,-0.008533805,10,0.5000267028808594,4.8150426613146605e-11,5.785881878485827e-11,1
1783662403.1314127,5.8544188,48.61882,-50.012657,-4.338973,-2.3844476,-0.0039800373,10,0.5000267028808594,4.9517920508176124e-11,5.374917278101955e-11,1
1783662403.2316952,5.3876567,48.380646,-50.010433,-4.415867,-2.262241,-0.0005171086,10,0.5000267028808594,5.108946716060872e-11,4.895541228266116e-11,1
1783662403.3313937,4.9505296,48.171326,-50.00821,-4.474542,-2.1607137,-0.00039868278,10,0.5000267028808594,5.369623395983985e-11,4.454124985222349e-11,1
1783662403.4315505,4.471386,47.954113,-50.006226,-4.5258303,-2.064879,-0.0028096486,10,0.5000267028808594,5.663505098397686e-11,4.026714273533333e-11,1
1783662403.5314336,4.0629063,47.776566,-50.004925,-4.5603933,-1.9951918,-0.0053413506,10,0.5000267028808594,5.806905436451684e-11,3.720026191469539e-11,1
1783662403.6316583,3.5408385,47.556896,-50.004055,-4.593479,-1.921545,-0.010493582,10,0.5000267028808594,5.882763868793193e-11,3.454694663107001e-11,1
1783662403.7319674,3.0922658,47.37329,-50.004177,-4.617252,-1.8641809,-0.018076347,10,0.5000267028808594,5.95445708931463e-11,3.225563788292516e-11,1
1783662403.8315375,2.6056082,47.179848,-50.005367,-4.6424513,-1.7893076,-0.029511575,10,0.5000267028808594,5.96535371003401e-11,3.0088892457414235e-11,1
1783662403.931646,2.154966,47.008705,-50.008102,-4.665939,-1.6924611,-0.040929034,10,0.5000267028808594,6.019046235497883e-11,2.7556635346828103e-11,1
1783662404.0316198,1.6652162,46.835915,-50.011322,-4.691524,-1.5511179,-0.036850493,10,0.5000267028808594,6.093537725596234e-11,2.4915496823419814e-11,1
1783662404.1314037,1.2493641,46.703217,-50.013206,-4.714611,-1.412474,-0.02313775,10,0.5000267028808594,6.249620844825994e-11,2.2394677817478215e-11,1
1783662404.2314672,0.7175,46.554806,-50.014114,-4.7482095,-1.2361965,-0.0068163443,10,0.5000267028808594,6.360326951613516e-11,2.0144362486466972e-11,1
1783662404.3312888,0.2967931,46.45267,-50.01378,-4.778629,-1.1159953,0.0001615941,10,0.5000267028808594,6.520944812246081e-11,1.7554214627977943e-11,1
1783662404.431938,-0.24326168,46.33589,-50.012634,-4.8205605,-1.0039914,0.0037494223,10,0.5000267028808594,6.578958262060195e-11,1.51877378569735e-11,1
1783662404.5315928,-0.7097151,46.242786,-50.011806,-4.8484426,-0.950639,0.0009800716,10,0.5000267028808594,6.60845301667389e-11,1.2802287597342441e-11,1
1783662404.6312416,-1.2166306,46.143135,-50.011303,-4.8648124,-0.93689823,-0.0018572718,10,0.5000267028808594,6.657367068364089e-11,1.0803211883934532e-11,1
1783662404.7315574,-1.6457125,46.0559,-50.01113,-4.869621,-0.9498715,-0.0035733979,10,0.5000267028808594,6.660905549948812e-11,9.614133769267886e-12,1
1783662404.8314624,-2.1905427,45.93962,-50.011417,-4.868115,-0.98151904,-0.0044371593,10,0.5000267028808594,6.635081750968709e-11,8.707875866033707e-12,1
1783662404.931308,-2.6560972,45.83492,-50.011524,-4.86326,-1.0124059,-0.0045104558,10,0.5000267028808594,6.667983426860886e-11,8.116615292615123e-12,1
1783662405.0312397,-3.159583,45.717014,-50.01127,-4.857524,-1.0441599,-0.0041607646,10,0.5000267028808594,6.791227751266964e-11,8.255884246953516e-12,1
1783662405.1311266,-3.6239,45.604824,-50.011284,-4.853005,-1.0690967,-0.0042236145,10,0.5000267028808594,6.833768475014854e-11,8.622068907183376e-12,1
1783662405.2314467,-4.1266646,45.48045,-50.011166,-4.84976,-1.0911613,-0.0041402886,10,0.5000267028808594,6.879203660209526e-11,8.64953099389863e-12,1
1783662405.3313777,-4.59067,45.363895,-50.0105,-4.8483763,-1.1070055,-0.0041219243,10,0.5000267028808594,6.868285529412661e-11,8.485053662422226e-12,1
1783662405.4314003,-5.093169,45.236736,-50.01022,-4.847847,-1.1198925,-0.004684518,10,0.5000267028808594,6.838258359903236e-11,8.43241772712204e-12,1
1783662405.5315726,-5.556821,45.118786,-50.010475,-4.8481092,-1.1284367,-0.00539778,10,0.5000267028808594,6.762494142227087e-11,8.444807717329471e-12,1
1783662405.6314826,-6.0584483,44.991276,-50.011276,-4.8486743,-1.1340882,-0.005640901,10,0.5000267028808594,6.733975379382314e-11,8.51556374609392e-12,1
1783662405.7315006,-6.5212016,44.87364,-50.01192,-4.8490596,-1.1372923,-0.0053578373,10,0.5000267028808594,6.747974020838126e-11,8.87232503351269e-12,1
1783662405.8315606,-7.022227,44.746357,-50.0125,-4.8499866,-1.1386536,-0.005089893,10,0.5000267028808594,6.786204667994738e-11,9.347072015033444e-12,1
1783662405.9312344,-7.484781,44.62968,-50.01294,-4.8513246,-1.1378356,-0.0046274695,10,0.5000267028808594,6.88079376441137e-11,9.516059388026205e-12,1
1783662406.0316818,-7.986482,44.504333,-50.01312,-4.8534946,-1.1355222,-0.0039003617,10,0.5000267028808594,7.010918259778674e-11,9.061786913291763e-12,1
1783662406.1312637,-8.411719,44.399387,-50.01312,-4.8560615,-1.1322722,-0.003728696,10,0.5000267028808594,7.054499392532451e-11,8.638858897460222e-12,1
1783662406.231508,-8.95462,44.26649,-50.013435,-4.861229,-1.1274489,-0.0035958716,10,0.5000267028808594,7.171319929835058e-11,8.345223266217717e-12,1
1783662406.3317,-9.422405,44.153202,-50.0137,-4.8670707,-1.1229167,-0.0034629712,10,0.5000267028808594,7.141562730560842e-11,8.251629815663367e-12,1
1783662406.4314177,-9.89178,44.040733,-50.014595,-4.8738656,-1.1180394,-0.0034521401,10,0.5000267028808594,7.061659836195324e-11,8.372990505929145e-12,1
1783662406.531875,-10.401952,43.919666,-50.016796,-4.8810697,-1.1128953,-0.0029639674,10,0.5000267028808594,6.881556893730221e-11,8.388643957911511e-12,1
1783662406.631698,-10.912986,43.80034,-50.019283,-4.8871484,-1.1067821,-0.0010981656,10,0.5000267028808594,6.759882452291557e-11,8.52696810336786e-12,1
1783662406.7318,-11.384683,43.69158,-50.021553,-4.891328,-1.1006653,0.0007319862,10,0.5000267028808594,6.729039069097889e-11,8.536097911694864e-12,1
1783662406.831646,-11.895439,43.575474,-50.023952,-4.8937445,-1.0935344,0.002813607,10,0.5000267028808594,6.794281371444023e-11,8.369405591921952e-12,1
1783662406.9314475,-12.366271,43.469616,-50.02563,-4.8941107,-1.0874213,0.004846911,10,0.5000267028808594,6.931256476026266e-11,8.174232547935225e-12,1
1783662407.031903,-12.876261,43.355877,-50.027245,-4.8936453,-1.0817449,0.007002118,10,0.5000267028808594,7.00174654903682e-11,8.082847120795135e-12,1
1783662407.131492,-13.308139,43.260525,-50.028442,-4.893037,-1.0778134,0.008612514,10,0.5000267028808594,7.092162214693564e-11,8.210032835864262e-12,1
1783662407.231151,-13.857432,43.14042,-50.029366,-4.891297,-1.0735325,0.010357035,10,0.5000267028808594,7.092244214186517e-11,7.960985835212233e-12,1
1783662407.3313,-14.3278265,43.038074,-50.029816,-4.8889246,-1.0713829,0.011381903,10,0.5000267028808594,7.041808353422496e-11,7.760338488227872e-12,1
1783662407.4316537,-14.837453,42.927116,-50.029793,-4.886482,-1.0712177,0.012317837,10,0.5000267028808594,7.06589566008273e-11,7.631353263423511e-12,1
1783662407.5314462,-15.268389,42.832947,-50.02883,-4.884099,-1.07308,0.012979221,10,0.5000267028808594,7.087648634997683e-11,7.359036359894281e-12,1
1783662407.6315541,-15.816492,42.712635,-50.02645,-4.8810544,-1.0766327,0.012416777,10,0.5000267028808594,7.081375163598051e-11,7.417828570722529e-12,1
1783662407.7318785,-16.24665,42.61763,-50.024315,-4.87842,-1.0804381,0.011078363,10,0.5000267028808594,7.016519461837016e-11,7.412049441331245e-12,1
1783662407.8314953,-16.754807,42.504833,-50.02141,-4.875235,-1.0859278,0.008921062,10,0.5000267028808594,6.986579436623683e-11,7.42132876638009e-12,1
1783662407.9314744,-17.262928,42.391457,-50.018333,-4.8724623,-1.0921296,0.0060623894,10,0.5000267028808594,6.917238282756641e-11,7.398656718025808e-12,1
1783662408.0315502,-17.770962,42.277843,-50.01577,-4.8707056,-1.0981752,0.0029773272,10,0.5000267028808594,6.822560677277722e-11,7.169103219050276e-12,1
1783662408.1313953,-18.239601,42.172882,-50.014313,-4.869235,-1.1033834,-6.41919e-05,10,0.5000267028808594,6.743842564762435e-11,6.912221291001341e-12,1
1783662408.2313225,-18.746717,42.058556,-50.0141,-4.867272,-1.109279,-0.0026417677,10,0.5000267028808594,6.72238871266621e-11,6.803811099293771e-12,1
1783662408.331412,-19.214014,41.952682,-50.0149,-4.8649735,-1.1143897,-0.004084378,10,0.5000267028808594,6.77057033415113e-11,7.044627055064115e-12,1
1783662408.4314122,-19.719679,41.838234,-50.016148,-4.8623934,-1.1194063,-0.004836083,10,0.5000267028808594,6.821037175767855e-11,7.436816160633684e-12,1
1783662408.5312128,-20.185762,41.73274,-50.017418,-4.859992,-1.1232717,-0.0041646073,10,0.5000267028808594,6.949588456556027e-11,7.618051817491573e-12,1
1783662408.6314762,-20.690775,41.618214,-50.018436,-4.8580375,-1.1276304,-0.0032001643,10,0.5000267028808594,6.986433116875281e-11,7.53967781596795e-12,1
1783662408.731241,-21.157194,41.5122,-50.018948,-4.857041,-1.131542,-0.0021801218,10,0.5000267028808594,7.013491225332404e-11,7.73436079794303e-12,1
1783662408.8314428,-21.66258,41.396984,-50.019157,-4.856765,-1.136061,-0.0013487062,10,0.5000267028808594,7.08606938676684e-11,7.850802403772742e-12,1
1783662408.9314682,-22.129408,41.290173,-50.01866,-4.857249,-1.1401849,-0.0007226832,10,0.5000267028808594,7.081335932996305e-11,7.833785288613117e-12,1
1783662409.0317588,-22.635342,41.174175,-50.01758,-4.8578587,-1.1442785,-0.0005952384,10,0.5000267028808594,7.015644635464691e-11,7.767593820732044e-12,1
1783662409.1318924,-23.10211,41.066807,-50.01684,-4.8579454,-1.1480832,-0.0012635726,10,0.5000267028808594,7.048165899241886e-11,8.003969187647817e-12,1
1783662409.23109,-23.607815,40.950188,-50.016922,-4.858075,-1.1520915,-0.0021373394,10,0.5000267028808594,7.018466757008579e-11,8.068536694679916e-12,1
1783662409.3315177,-24.074158,40.842342,-50.017124,-4.85802,-1.1554046,-0.002304414,10,0.5000267028808594,7.005959457691023e-11,7.922373773323503e-12,1
1783662409.431545,-24.578856,40.72517,-50.01703,-4.857253,-1.1589154,-0.0024761136,10,0.5000267028808594,7.015777825985444e-11,7.856623268963954e-12,1
1783662409.5311093,-25.045305,40.616764,-50.016285,-4.8571877,-1.1619719,-0.0025150336,10,0.5000267028808594,7.095056616774375e-11,7.715745970889938e-12,1
1783662409.6312454,-25.551573,40.499454,-50.015724,-4.858193,-1.1646714,-0.0031543064,10,0.5000267028808594,7.156921837487963e-11,7.692554650447713e-12,1
1783662409.7315445,-26.020014,40.39102,-50.015644,-4.8600483,-1.1669837,-0.0040327804,10,0.5000267028808594,7.156858886727911e-11,7.860149834342153e-12,1
1783662409.8312528,-26.528204,40.272793,-50.015728,-4.8625383,-1.1697303,-0.0044058235,10,0.5000267028808594,7.067278165810401e-11,8.205485262964432e-12,1
1783662409.9319122,-26.997368,40.16299,-50.016224,-4.864317,-1.172622,-0.0044745384,10,0.5000267028808594,6.970784257669159e-11,8.558490239195021e-12,1
1783662410.0311754,-27.506157,40.04359,-50.01662,-4.866071,-1.1755337,-0.00428988,10,0.5000267028808594,6.930835341848002e-11,8.863255455251792e-12,1
1783662410.131739,-27.976019,39.93292,-50.01663,-4.867322,-1.1774971,-0.0038170002,10,0.5000267028808594,6.880679200666134e-11,8.902377775930203e-12,1
1783662411.4067562,-27.976019,39.93292,-50.01663,-4.867322,-1.1774971,-0.0038170002,10,0.5000267028808594,6.880679200666134e-11,8.902377775930203e-12,1
1783662411.4313023,-28.132647,39.89596,-50.016563,-4.8675547,-1.1781577,-0.0037116858,10,0.5000267028808594,6.881454436613526e-11,8.821290732576754e-12,1
1783662411.5314918,-28.641924,39.775497,-50.016014,-4.8681097,-1.1805274,-0.0033159894,10,0.5000267028808594,6.903168793919692e-11,8.661343124541965e-12,1
1783662411.6314397,-29.111881,39.66384,-50.01558,-4.8679943,-1.1823541,-0.0033506176,10,0.5000267028808594,6.941092380926243e-11,8.455693582875417e-12,1
1783662411.7314367,-29.620728,39.543144,-50.015682,-4.867151,-1.1833537,-0.0035639927,10,0.5000267028808594,6.915483395663053e-11,8.468527428121985e-12,1
1783662411.8314424,-30.090246,39.431774,-50.015858,-4.8659067,-1.1837313,-0.003870628,10,0.5000267028808594,6.88362017595822e-11,8.682864035415297e-12,1
1783662411.9313643,-30.59813,39.311127,-50.016212,-4.864295,-1.1836995,-0.003718881,10,0.5000267028808594,6.832756087736461e-11,8.768248955385456e-12,1
1783662412.0315251,-31.0664,39.20013,-50.01643,-4.862472,-1.1829354,-0.0032082922,10,0.5000267028808594,6.743809697829284e-11,8.5166221942968e-12,1
1783662412.1313612,-31.573559,39.080723,-50.016335,-4.8608594,-1.1812378,-0.0030044776,10,0.5000267028808594,6.717643069911877e-11,8.323985251420713e-12,1
1783662412.2313116,-32.041286,38.970932,-50.016605,-4.859177,-1.179661,-0.003151989,10,0.5000267028808594,6.729634541117878e-11,8.100617487173827e-12,1
1783662412.3313265,-32.547432,38.851738,-50.01648,-4.8572717,-1.178274,-0.0028673299,10,0.5000267028808594,6.733959562808359e-11,7.779075799142261e-12,1
1783662412.4312282,-33.013344,38.74182,-50.01576,-4.8547597,-1.1774483,-0.00268811,10,0.5000267028808594,6.756206078866505e-11,7.913443325785274e-12,1
1783662412.5312905,-33.51673,38.62279,-50.01428,-4.8515015,-1.1765827,-0.0030785613,10,0.5000267028808594,6.871466721053853e-11,8.774981332396385e-12,1
1783662412.6313002,-33.98062,38.51292,-50.012684,-4.848369,-1.1756779,-0.0041489303,10,0.5000267028808594,6.985679195231416e-11,9.286230926566834e-12,1
1783662412.731278,-34.48266,38.39397,-50.010975,-4.84564,-1.1747718,-0.00566797,10,0.5000267028808594,7.095185474198033e-11,9.591340035938014e-12,1
1783662412.8312597,-34.94669,38.283955,-50.009933,-4.844414,-1.1743442,-0.0075498796,10,0.5000267028808594,7.192537340548625e-11,9.549493618120518e-12,1
1783662412.9314225,-35.450367,38.16453,-50.009666,-4.8450713,-1.1737103,-0.0096611995,10,0.5000267028808594,7.244837377025044e-11,8.900096820155174e-12,1
1783662413.0313993,-35.915905,38.054024,-50.01047,-4.846516,-1.1737438,-0.010817214,10,0.5000267028808594,7.176059342996013e-11,8.546973982864928e-12,1
1783662413.1314409,-36.420498,37.933887,-50.011597,-4.8483744,-1.1739799,-0.010907992,10,0.5000267028808594,7.055649708286207e-11,8.323115248834248e-12,1
1783662413.231425,-36.886303,37.82314,-50.012794,-4.850221,-1.1742814,-0.010267046,10,0.5000267028808594,6.854767522289715e-11,8.325813358044277e-12,1
1783662413.331512,-37.390434,37.703342,-50.01394,-4.851956,-1.173953,-0.009036712,10,0.5000267028808594,6.70592910709624e-11,8.28012836636607e-12,1
1783662413.4314816,-37.855362,37.592896,-50.014805,-4.8531895,-1.1733861,-0.007897801,10,0.5000267028808594,6.613287864110519e-11,8.18533084346296e-12,1
1783662413.531421,-38.358208,37.47354,-50.01557,-4.854051,-1.1727284,-0.00688314,10,0.5000267028808594,6.61476372034014e-11,8.007305837471925e-12,1
1783662413.6313357,-38.822098,37.363857,-50.016453,-4.854831,-1.1717974,-0.0059939595,10,0.5000267028808594,6.687957449970511e-11,7.790005280157122e-12,1
1783662413.7313309,-39.32463,37.245407,-50.016994,-4.8557,-1.1707153,-0.005007172,10,0.5000267028808594,6.809230522017203e-11,7.781079067555025e-12,1
1783662413.8316367,-39.7887,37.136124,-50.01743,-4.857337,-1.1698252,-0.004189305,10,0.5000267028808594,6.871997326512134e-11,7.975328391410813e-12,1
1783662413.9315274,-40.292217,37.01747,-50.017612,-4.859992,-1.1693549,-0.003599277,10,0.5000267028808594,6.895269474101085e-11,8.464623020466383e-12,1
1783662414.0313096,-40.757977,36.907177,-50.017403,-4.8635244,-1.1698444,-0.0033548558,10,0.5000267028808594,6.919795562640097e-11,8.919823789999546e-12,1
1783662414.1315675,-41.263844,36.786224,-50.016407,-4.8679986,-1.1714802,-0.0028522187,10,0.5000267028808594,6.837061232700963e-11,9.006543349208719e-12,1
1783662414.2312863,-41.731735,36.67349,-50.01522,-4.8726187,-1.1736648,-0.0030854363,10,0.5000267028808594,6.77354881946782e-11,9.06211313108557e-12,1
1783662414.3313763,-42.238873,36.550323,-50.014324,-4.877174,-1.1765819,-0.0040562083,10,0.5000267028808594,6.853704157413468e-11,9.032091154516135e-12,1
1783662414.431262,-42.707737,36.43594,-50.014084,-4.880295,-1.1783998,-0.003440649,10,0.5000267028808594,6.94603418639583e-11,8.912579984416831e-12,1
1783662414.531396,-43.21557,36.31218,-50.013355,-4.8731103,-1.17679,-0.0021006758,10,0.5000267028808594,6.942275442811498e-11,8.86753100899895e-12,1
1783662414.631385,-43.68204,36.19865,-50.012566,-4.842753,-1.1691203,-0.00448392,10,0.5000267028808594,7.01845919541543e-11,9.012633449201698e-12,1
1783662414.7312984,-44.181553,36.077072,-50.01204,-4.772139,-1.1534275,-0.011494098,10,0.5000267028808594,7.024094702918272e-11,9.05181003741427e-12,1
1783662414.831425,-44.63221,35.967346,-50.012234,-4.664685,-1.1341139,-0.02220733,10,0.5000267028808594,6.937024189101465e-11,8.75762050478242e-12,1
1783662414.9313715,-45.103558,35.851147,-50.014465,-4.497648,-1.1219448,-0.039587155,10,0.5000267028808594,6.739081597278208e-11,8.099455234999738e-12,1
1783662415.0313363,-45.51774,35.74434,-50.018566,-4.29478,-1.1323638,-0.055080034,10,0.5000267028808594,6.523105760205109e-11,7.822162562284121e-12,1
1783662415.131344,-45.93747,35.626076,-50.024372,-4.02182,-1.1677343,-0.064379156,10,0.5000267028808594,6.223599935865565e-11,7.638983347333508e-12,1
1783662415.2314668,-46.29371,35.512268,-50.029423,-3.7279475,-1.215159,-0.05620284,10,0.5000267028808594,5.857156114457568e-11,7.798869578054968e-12,1
1783662415.3313081,-46.64269,35.382614,-50.032787,-3.3782263,-1.2749556,-0.03813068,10,0.5000267028808594,5.4230896604215626e-11,7.938339861406467e-12,1
1783662415.4312856,-46.92783,35.25634,-50.0338,-3.0371022,-1.3333567,-0.02175938,10,0.5000267028808594,4.858019193228531e-11,8.549010203955134e-12,1
1783662415.5314288,-47.196407,35.112015,-50.033,-2.6588554,-1.3968343,-0.00793971,10,0.5000267028808594,4.306686084817565e-11,8.784733555654645e-12,1
1783662415.6314797,-47.40853,34.972477,-50.031193,-2.3094575,-1.4547431,0.00019226568,10,0.5000267028808594,3.637199857400761e-11,9.371294415888387e-12,1
1783662415.731347,-47.600395,34.814423,-50.02839,-1.9356699,-1.5160524,0.0044344906,10,0.5000267028808594,2.9720825235426446e-11,1.0451323338219896e-11,1
1783662415.8312647,-47.74391,34.66265,-50.025616,-1.5982343,-1.5709102,0.0048502106,10,0.5000267028808594,2.1693962785633835e-11,1.2496402058669124e-11,1
1783662415.9312756,-47.864494,34.49227,-50.02334,-1.242926,-1.6289804,0.0030592417,10,0.5000267028808594,1.6724043417280187e-11,1.346670410645973e-11,1
1783662416.0313454,-47.944874,34.329723,-50.02154,-0.92473114,-1.6813676,0.00019544602,10,0.5000267028808594,1.248156882002788e-11,1.4842095143161465e-11,1
1783662416.1312516,-48.000748,34.148,-50.020237,-0.5912968,-1.7373232,-0.0032596588,10,0.5000267028808594,9.036742790235565e-12,1.6167085976473182e-11,1
1783662416.2313087,-48.024067,33.975143,-50.0202,-0.2928383,-1.7883706,-0.005407578,10,0.5000267028808594,6.143161438765742e-12,1.711350439115451e-11,1
1783662416.3313792,-48.01955,33.78233,-50.0204,0.020280033,-1.8419514,-0.004417601,10,0.5000267028808594,3.849718061248694e-12,1.8479994417793838e-11,1
1783662416.4315176,-47.98928,33.599678,-50.020805,0.29962537,-1.8887519,-0.003340629,10,0.5000267028808594,2.125898517906661e-12,1.9791706962630885e-11,1
1783662416.5313718,-47.929634,33.397125,-50.021877,0.59083855,-1.9350349,-0.0028080763,10,0.5000267028808594,1.030425203240651e-12,2.126988351926779e-11,1
1783662416.6313446,-47.850895,33.20598,-50.023212,0.8497945,-1.9744155,-0.003362305,10,0.5000267028808594,3.6086352625669743e-13,2.24362611259441e-11,1
1783662416.7312953,-47.74084,32.99466,-50.024982,1.1207768,-2.0139956,-0.0042541847,10,0.5000267028808594,1.5344486787650602e-13,2.3430333422301702e-11,1
1783662416.8313067,-47.61672,32.79667,-50.02695,1.3638169,-2.0473826,-0.0060348785,10,0.5000267028808594,3.3558484309307247e-13,2.4276640314171867e-11,1
1783662416.9314797,-47.459053,32.578793,-50.02971,1.6213473,-2.0821986,-0.008199617,10,0.5000267028808594,9.699705887523944e-13,2.4727140076027458e-11,1
1783662417.0314393,-47.29224,32.374344,-50.032974,1.8559349,-2.1139245,-0.010319227,10,0.5000267028808594,2.008978821655078e-12,2.5132867742638888e-11,1
1783662417.1314836,-47.087955,32.14912,-50.037003,2.1094067,-2.1485744,-0.012087661,10,0.5000267028808594,3.5423554123744903e-12,2.5570363903372766e-11,1
1783662417.23143,-46.877075,31.937916,-50.041363,2.344429,-2.1809952,-0.012977211,10,0.5000267028808594,5.245233920669186e-12,2.7025007082080585e-11,1
1783662417.3314068,-46.6237,31.705944,-50.04614,2.602109,-2.2161446,-0.012764477,10,0.5000267028808594,7.348743727125738e-12,2.8201247219172518e-11,1
1783662417.43145,-46.366352,31.489552,-50.049923,2.8430736,-2.2490919,-0.011705914,10,0.5000267028808594,9.543270836857362e-12,2.8973688362274258e-11,1
1783662417.531312,-46.061993,31.252283,-50.053352,3.1054637,-2.287311,-0.003702082,10,0.5000267028808594,1.1619890543606187e-11,3.0000010384460365e-11,1
1783662417.6313655,-45.757206,31.030209,-50.05507,3.3431904,-2.3261554,0.012575181,10,0.5000267028808594,1.433359607612511e-11,3.0731835248282493e-11,1
1783662417.7314985,-45.402218,30.785542,-50.05531,3.585257,-2.3752117,0.030355783,10,0.5000267028808594,1.7426219147610393e-11,3.1555252764564744e-11,1
1783662417.8313456,-45.05362,30.553942,-50.053738,3.7839463,-2.4310973,0.04267232,10,0.5000267028808594,2.1212455142071487e-11,3.2347489176666096e-11,1
1783662417.9314508,-44.65649,30.294983,-50.051117,3.9644744,-2.5050933,0.05214405,10,0.5000267028808594,2.531881155754099e-11,3.397309430082123e-11,1
1783662418.0313485,-44.276257,30.047375,-50.048294,4.092717,-2.581525,0.062035862,10,0.5000267028808594,3.013754856278784e-11,3.521450861081178e-11,1
1783662418.1314352,-43.85464,29.7698,-50.044422,4.186368,-2.6602297,0.06720758,10,0.5000267028808594,3.4422823310552615e-11,3.626679869159526e-11,1
1783662418.231372,-43.46089,29.506699,-50.040592,4.2304745,-2.72196,0.06503516,10,0.5000267028808594,3.8024994170307624e-11,3.7763986916714126e-11,1
1783662418.3315532,-43.034626,29.215647,-50.036995,4.2332697,-2.7778587,0.05990104,10,0.5000267028808594,4.089424088756465e-11,3.993944249398095e-11,1
1783662418.431314,-42.645702,28.942581,-50.034496,4.2004414,-2.821205,0.05585656,10,0.5000267028808594,4.258857788570394e-11,4.211792836633917e-11,1
1783662418.5313125,-42.233162,28.643904,-50.032513,4.1421413,-2.8596518,0.052537974,10,0.5000267028808594,4.397256138411389e-11,4.4205607609492485e-11,1
1783662418.631437,-41.86109,28.366339,-50.031338,4.0811014,-2.8860743,0.049836442,10,0.5000267028808594,4.4406019380873757e-11,4.5745363936533866e-11,1
1783662418.7314153,-41.465885,28.065165,-50.030647,4.0186243,-2.9039745,0.046898276,10,0.5000267028808594,4.4783008386781496e-11,4.654188116855583e-11,1
1783662418.831227,-41.107574,27.788248,-50.030266,3.969654,-2.9106202,0.04433002,10,0.5000267028808594,4.3997855952617705e-11,4.7117008886438287e-11,1
1783662418.9314008,-40.724224,27.489975,-50.029594,3.9295564,-2.9088726,0.041330695,10,0.5000267028808594,4.316180600515126e-11,4.811278698899025e-11,1
1783662419.0313644,-40.37178,27.216156,-50.028866,3.9058998,-2.9011862,0.03873055,10,0.5000267028808594,4.190439125258053e-11,4.8684123690941654e-11,1
1783662419.1313162,-39.989704,26.921804,-50.027798,3.8936133,-2.8878942,0.03609593,10,0.5000267028808594,4.024286454323659e-11,4.912754846331824e-11,1
1783662419.2312336,-39.6354,26.652563,-50.026886,3.8924792,-2.8727028,0.033899985,10,0.5000267028808594,4.0309459409325265e-11,5.009675741234332e-11,1
1783662419.331351,-39.24887,26.363338,-50.02626,3.8992019,-2.8547454,0.03159645,10,0.5000267028808594,4.113055807565668e-11,5.065345369006073e-11,1
1783662419.4313414,-38.88884,26.098076,-50.02616,3.9105299,-2.8378825,0.029734315,10,0.5000267028808594,4.227679936915511e-11,5.106031690407129e-11,1
1783662419.5313022,-38.494576,25.812405,-50.026455,3.9259558,-2.8196967,0.028532064,10,0.5000267028808594,4.354140357466741e-11,5.153549231298912e-11,1
1783662419.6313589,-38.12629,25.550177,-50.026833,3.941885,-2.8037608,0.028117876,10,0.5000267028808594,4.4635588110178254e-11,5.1812919643360903e-11,1
1783662419.7313874,-37.722622,25.267225,-50.026775,3.9589672,-2.7874618,0.028060786,10,0.5000267028808594,4.5670692108702694e-11,5.126355861113967e-11,1
1783662419.831229,-37.346058,25.007072,-50.02626,3.9733791,-2.7734015,0.028036723,10,0.5000267028808594,4.504579776230383e-11,4.998976080946245e-11,1
1783662419.931263,-36.9346,24.726648,-50.02544,3.9877152,-2.759394,0.02703089,10,0.5000267028808594,4.487419082507813e-11,4.8883158178587846e-11,1
1783662420.0314386,-36.551838,24.468958,-50.025032,4.000629,-2.7481587,0.025508614,10,0.5000267028808594,4.475710088844485e-11,4.825363749112963e-11,1
1783662420.1312058,-36.134758,24.191097,-50.025032,4.013626,-2.7375884,0.024220634,10,0.5000267028808594,4.500299852674016e-11,4.7380050570715653e-11,1
1783662420.2314217,-35.747837,23.935547,-50.024593,4.024543,-2.7288544,0.023701513,10,0.5000267028808594,4.5462254347034966e-11,4.6169615685687354e-11,1
1783662420.3312838,-35.327114,23.659704,-50.02393,4.035182,-2.720183,0.023172857,10,0.5000267028808594,4.5521580322426404e-11,4.469620394969191e-11,1
1783662420.4312468,-34.93785,23.406,-50.023167,4.0434523,-2.7135372,0.022268256,10,0.5000267028808594,4.6691017185339065e-11,4.416877903604199e-11,1
1783662420.5312204,-34.515488,23.131916,-50.022243,4.050444,-2.707515,0.021480905,10,0.5000267028808594,4.729448845714854e-11,4.4108999813867115e-11,1
1783662420.6314478,-34.12518,22.879202,-50.02103,4.055196,-2.7036684,0.020069279,10,0.5000267028808594,4.7758723421009035e-11,4.443234497005407e-11,1
1783662420.7311888,-33.702053,22.605392,-50.01994,4.058648,-2.7018504,0.018600222,10,0.5000267028808594,4.7291426150858895e-11,4.5307429773027055e-11,1
1783662420.8313618,-33.31143,22.351723,-50.018806,4.0603576,-2.7027998,0.01717099,10,0.5000267028808594,4.760268835680488e-11,4.674312515485259e-11,1
1783662420.9315064,-32.88824,22.075666,-50.017593,4.061137,-2.7067585,0.015465736,10,0.5000267028808594,4.785533686377331e-11,4.7214645481507965e-11,1
1783662421.0313368,-32.497032,21.819138,-50.016644,4.061049,-2.7127962,0.014118412,10,0.5000267028808594,4.820366817428186e-11,4.715624567569773e-11,1
1783662421.1312916,-32.072117,21.539158,-50.015305,4.0609465,-2.721855,0.012975918,10,0.5000267028808594,4.8773103164480055e-11,4.665144245703585e-11,1
1783662421.23122,-31.679193,21.279465,-50.0139,4.060738,-2.7306616,0.011329755,10,0.5000267028808594,4.985862056944941e-11,4.598187976228731e-11,1
1783662421.3312705,-31.252855,20.99647,-50.012295,4.06073,-2.7407646,0.009764143,10,0.5000267028808594,5.025266823671254e-11,4.577874096993519e-11,1
1783662421.4313211,-30.859222,20.733625,-50.01091,4.0603843,-2.7502606,0.008242687,10,0.5000267028808594,4.9889883864687585e-11,4.629063993471091e-11,1
1783662421.5316014,-30.433037,20.44735,-50.009434,4.059844,-2.760154,0.006570667,10,0.5000267028808594,4.933245715896349e-11,4.670290875232509e-11,1
1783662421.6312103,-30.039959,20.182144,-50.008823,4.0591364,-2.7684796,0.00461177,10,0.5000267028808594,4.928258647379484e-11,4.664194499053811e-11,1
1783662421.7314918,-29.61424,19.894506,-50.008846,4.0584297,-2.7760773,0.0031058239,10,0.5000267028808594,4.9594843966464235e-11,4.680985681419965e-11,1
1783662421.831241,-29.220638,19.628698,-50.008556,4.058733,-2.7814214,0.0020988057,10,0.5000267028808594,4.954861007360583e-11,4.705665258330185e-11,1
1783662421.931229,-28.79385,19.340923,-50.007553,4.059887,-2.7850156,0.00168449,10,0.5000267028808594,4.931310342172452e-11,4.753668892980899e-11,1
1783662422.0312183,-28.366606,19.053698,-50.006573,4.0619206,-2.7869136,0.0006925103,10,0.5000267028808594,4.924217374888717e-11,4.9060329720130955e-11,1
1783662422.131183,-27.971827,18.7886,-50.00584,4.064271,-2.7879043,-4.4996843e-05,10,0.5000267028808594,4.96667857456978e-11,5.0016121822966814e-11,1
1783662422.23121,-27.576633,18.523111,-50.005466,4.0669293,-2.788783,-0.0014965512,10,0.5000267028808594,5.031165817138464e-11,4.9802846790471384e-11,1
1783662422.3312144,-27.14716,18.234644,-50.00497,4.070194,-2.790546,-0.0023298906,10,0.5000267028808594,5.132790559373275e-11,4.870554599808733e-11,1
1783662422.4312718,-26.749384,17.967873,-50.00411,4.073958,-2.792509,-0.0029733507,10,0.5000267028808594,5.254529844130291e-11,4.772251706846328e-11,1
1783662422.5314112,-26.317312,17.678396,-50.003452,4.0782723,-2.7949867,-0.0041075987,10,0.5000267028808594,5.291518800051709e-11,4.739218510790527e-11,1
1783662422.6312256,-25.917652,17.41072,-50.003323,4.0819893,-2.7975314,-0.004698079,10,0.5000267028808594,5.149365261793581e-11,4.779717760579113e-11,1
1783662422.7314582,-25.484528,17.120914,-50.003498,4.085261,-2.7996619,-0.005137673,10,0.5000267028808594,4.99780933350841e-11,4.8910196208558294e-11,1
1783662422.8314304,-25.08411,16.853966,-50.003464,4.08817,-2.8007917,-0.0055210907,10,0.5000267028808594,4.886971864859506e-11,4.9528262617789606e-11,1
1783662422.9311569,-24.649668,16.564985,-50.003292,4.0912414,-2.8016005,-0.0056596785,10,0.5000267028808594,4.842256940577133e-11,5.061677391594541e-11,1
1783662423.0312114,-24.248562,16.29808,-50.002884,4.0935583,-2.8024774,-0.0055714343,10,0.5000267028808594,4.914687764568017e-11,5.142644061839415e-11,1
1783662423.1313195,-23.813887,16.008543,-50.002132,4.095368,-2.803863,-0.0058052773,10,0.5000267028808594,4.999572975079454e-11,5.193570536983593e-11,1
1783662423.2314916,-23.413002,15.740815,-50.000973,4.0959306,-2.805517,-0.0064664693,10,0.5000267028808594,5.08524310668688e-11,5.1512718562041455e-11,1
1783662423.3313446,-22.979187,15.450489,-50.000008,4.095521,-2.807785,-0.0076384787,10,0.5000267028808594,5.133522733693574e-11,5.059346544140729e-11,1
1783662423.4314709,-22.579266,15.182225,-49.999046,4.0944915,-2.8098364,-0.008881143,10,0.5000267028808594,5.1254936127594914e-11,4.9933872554374063e-11,1
1783662423.5312889,-22.147722,14.891131,-49.99839,4.091751,-2.812237,-0.01030643,10,0.5000267028808594,5.0646110322850097e-11,4.9581855600285393e-11,1
1783662423.6312692,-21.750578,14.621715,-49.99839,4.088517,-2.8148468,-0.0114838155,10,0.5000267028808594,4.9497126027586065e-11,4.889934940382786e-11,1
1783662423.7312276,-21.321028,14.329061,-49.999043,4.08536,-2.8178427,-0.012295767,10,0.5000267028808594,4.9383666344834645e-11,4.864068979823668e-11,1
1783662423.8312743,-20.925213,14.058956,-50.00015,4.0831323,-2.8201826,-0.012528396,10,0.5000267028808594,4.9915479307661403e-11,4.9039187783598084e-11,1
1783662423.9313347,-20.496283,13.766072,-50.00186,4.081595,-2.8222368,-0.012230234,10,0.5000267028808594,5.074128884455793e-11,4.9401286813096646e-11,1
1783662424.0312433,-20.1003,13.49581,-50.003456,4.0808744,-2.823094,-0.011039939,10,0.5000267028808594,5.086539962574539e-11,4.920740175078894e-11,1
1783662424.1312354,-19.671648,13.203704,-50.00474,4.080867,-2.823163,-0.009274835,10,0.5000267028808594,5.114290062143862e-11,4.962933644542329e-11,1
1783662424.2312474,-19.275793,12.9344425,-50.005424,4.0815473,-2.822639,-0.008125555,10,0.5000267028808594,5.1476795338913614e-11,4.941206567330079e-11,1
1783662424.3314376,-18.846325,12.643484,-50.00609,4.083454,-2.8212855,-0.00677687,10,0.5000267028808594,5.10313473916726e-11,4.8616781564775075e-11,1
1783662424.431297,-18.449345,12.375158,-50.006844,4.0856047,-2.820191,-0.0059693367,10,0.5000267028808594,5.0902195058910324e-11,4.8022686522026504e-11,1
1783662424.5313096,-18.018599,12.08385,-50.00782,4.088557,-2.8199794,-0.005233571,10,0.5000267028808594,5.156737091704623e-11,4.8853565694695315e-11,1
1783662424.6314428,-17.620667,11.814306,-50.00871,4.091294,-2.8207846,-0.004395202,10,0.5000267028808594,5.13185117154014e-11,4.9916921728047126e-11,1
1783662424.7313154,-17.189259,11.521555,-50.00977,4.0940557,-2.8219192,-0.0032484233,10,0.5000267028808594,5.016916204043939e-11,5.0561642992902134e-11,1
1783662424.8314278,-16.791233,11.251407,-50.010483,4.096142,-2.822984,-0.002125485,10,0.5000267028808594,4.898941751522963e-11,5.07592189192773e-11,1
1783662424.9314454,-16.359917,10.95857,-50.010113,4.098453,-2.8241935,-0.001346748,10,0.5000267028808594,4.823388716730776e-11,5.0522058037882716e-11,1
1783662425.0317965,-15.961159,10.688132,-50.009155,4.1008744,-2.8248987,-0.0010665372,10,0.5000267028808594,4.786451651067325e-11,4.987157363706645e-11,1
1783662425.1313596,-15.528222,10.395209,-50.008217,4.104116,-2.82537,-0.0014311009,10,0.5000267028808594,4.89786889322675e-11,4.9900699522325653e-11,1
1783662425.2315168,-15.128057,10.124822,-50.007202,4.1068473,-2.8255222,-0.002002754,10,0.5000267028808594,5.0416094602803114e-11,5.0285952707402525e-11,1
1783662425.3313622,-14.6943865,9.832465,-50.00588,4.1089463,-2.824947,-0.0028668502,10,0.5000267028808594,5.1866675101309143e-11,5.109993734907651e-11,1
1783662425.4312294,-14.293838,9.5630665,-50.00463,4.110173,-2.823803,-0.0042127343,10,0.5000267028808594,5.2753842148113494e-11,5.1091325721099246e-11,1
1783662425.5315175,-13.860004,9.271689,-50.00347,4.110632,-2.8219635,-0.0056841495,10,0.5000267028808594,5.255840942853156e-11,5.0203293283211015e-11,1
1783662425.6313856,-13.46054,9.002554,-50.0032,4.1097136,-2.820724,-0.0069885133,10,0.5000267028808594,5.128648959020842e-11,4.984677028729051e-11,1
1783662425.7312295,-13.029006,8.7106285,-50.00365,4.1075883,-2.8204002,-0.008009858,10,0.5000267028808594,4.955232042293615e-11,5.030973942269245e-11,1
1783662425.831281,-12.631314,8.440882,-50.004494,4.105115,-2.8203614,-0.008134146,10,0.5000267028808594,4.941686892970732e-11,5.121492049853062e-11,1
1783662425.9312446,-12.200721,8.148676,-50.005512,4.1029143,-2.8202488,-0.007843694,10,0.5000267028808594,4.896150906478317e-11,5.198386571909734e-11,1
1783662426.0312977,-11.803673,7.8788114,-50.00575,4.10122,-2.8202798,-0.006972753,10,0.5000267028808594,4.8510744483097904e-11,5.248215929289262e-11,1
1783662426.1312997,-11.374284,7.5862784,-50.005344,4.0994525,-2.8201058,-0.00637844,10,0.5000267028808594,4.83670470025894e-11,5.177636584796968e-11,1
1783662426.2312994,-10.978207,7.3162465,-50.00456,4.098461,-2.8200068,-0.006314864,10,0.5000267028808594,4.8373498094296897e-11,5.054388746183986e-11,1
1783662426.3314335,-10.549262,7.0238285,-50.003872,4.0982976,-2.819921,-0.0067464663,10,0.5000267028808594,4.909349637846237e-11,5.0221935319064734e-11,1
1783662426.431384,-10.153751,6.754324,-50.003628,4.098068,-2.8192785,-0.0075728823,10,0.5000267028808594,5.022310189101751e-11,5.019811360291744e-11,1
1783662426.5314684,-9.725499,6.462788,-50.003407,4.097948,-2.81813,-0.008293666,10,0.5000267028808594,5.1477614970608333e-11,5.01514341920565e-11,1
1783662426.6312635,-9.329898,6.1939707,-50.003483,4.0983596,-2.8171542,-0.008588256,10,0.5000267028808594,5.163599799505098e-11,5.05242738112012e-11,1
1783662426.7313664,-8.902013,5.902913,-50.00389,4.096065,-2.8139257,-0.006743794,10,0.5000267028808594,5.068296769766926e-11,5.075046925926123e-11,1
1783662426.8315277,-8.508351,5.634978,-50.00464,4.080261,-2.8011124,-0.0063808886,10,0.5000267028808594,5.000309388560015e-11,5.0529581995092367e-11,1
1783662426.9313369,-8.085521,5.347563,-50.00597,4.0342474,-2.76945,-0.010471962,10,0.5000267028808594,4.916045931644804e-11,5.002136576586883e-11,1
1783662427.0313542,-7.7018213,5.086892,-50.00685,3.958152,-2.723164,0.007899826,10,0.5000267028808594,4.879760122185073e-11,5.02910925327464e-11,1
1783662427.131661,-7.297067,4.811206,-50.002384,3.847784,-2.6595378,0.0950047,10,0.5000267028808594,4.8752414763132726e-11,4.919864333929994e-11,1
1783662427.2312646,-6.936373,4.563754,-49.98665,3.7311504,-2.5944388,0.22643928,10,0.5000267028808594,4.842749559952489e-11,4.7867420919952016e-11,1
1783662427.3312387,-6.5611176,4.3037715,-49.951485,3.5967982,-2.5206323,0.41057438,10,0.5000267028808594,4.602412823404779e-11,4.553009605791589e-11,1
1783662427.431369,-6.228746,4.0711846,-49.89858,3.4706905,-2.451727,0.61463165,10,0.5000267028808594,4.290876245070301e-11,4.3537386175432525e-11,1
1783662427.5313346,-5.883883,3.8271632,-49.81519,3.3345444,-2.378116,0.8695523,10,0.5000267028808594,4.003402060528645e-11,4.123405146833128e-11,1
1783662427.6312747,-5.5789614,3.6095982,-49.711163,3.20744,-2.3091598,1.1094246,10,0.5000267028808594,3.754400384064663e-11,3.9003995683901777e-11,1
1783662427.7313685,-5.2635374,3.3821588,-49.573826,3.0578327,-2.2280138,1.2868372,10,0.5000267028808594,3.526131654430695e-11,3.741585859547431e-11,1
1783662427.8312798,-4.987296,3.180446,-49.43277,2.9104888,-2.1460805,1.3822775,10,0.5000267028808594,3.376887959048445e-11,3.610569974212606e-11,1
1783662427.9313698,-4.7045145,2.9715757,-49.27352,2.7459953,-2.0407526,1.4294686,10,0.5000267028808594,3.2050203529525423e-11,3.462763206040988e-11,1
1783662428.0313442,-4.4589148,2.7890902,-49.125793,2.595165,-1.923036,1.4457713,10,0.5000267028808594,2.931276246441586e-11,3.308796659721479e-11,1
1783662428.1314244,-4.209362,2.6050758,-48.968246,2.4338589,-1.7786524,1.427987,10,0.5000267028808594,2.669569697640159e-11,3.187334096636663e-11,1
1783662428.231488,-3.9935849,2.4486396,-48.82868,2.289975,-1.6412793,1.3813722,10,0.5000267028808594,2.4021082053230904e-11,2.9300504608973913e-11,1
1783662428.3313613,-3.7744148,2.293695,-48.684666,2.146509,-1.5033246,1.3457996,10,0.5000267028808594,2.099378886655209e-11,2.6243802440288076e-11,1
1783662428.4314637,-3.5835752,2.1624002,-48.55577,2.0274262,-1.3922964,1.3365877,10,0.5000267028808594,1.8556329279931392e-11,2.3040237657108126e-11,1
1783662428.531349,-3.3869607,2.0306282,-48.417725,1.9118258,-1.2899324,1.3426474,10,0.5000267028808594,1.6620233782724826e-11,1.9921671945040957e-11,1
1783662428.631365,-3.213287,1.9166014,-48.289745,1.8170285,-1.2109973,1.360559,10,0.5000267028808594,1.4798219816120312e-11,1.703517722411716e-11,1
1783662428.731403,-3.0329754,1.7992733,-48.149254,1.7239584,-1.138225,1.3801048,10,0.5000267028808594,1.320647755771249e-11,1.49378353292718e-11,1
1783662428.8313677,-2.8730931,1.6954118,-48.0177,1.6453894,-1.0803449,1.3971385,10,0.5000267028808594,1.239801612005817e-11,1.3317853449402103e-11,1
1783662428.9314573,-2.7063637,1.5867125,-47.873722,1.5665903,-1.0253488,1.413636,10,0.5000267028808594,1.1475018132130657e-11,1.1759336790796701e-11,1
1783662429.0314674,-2.5583308,1.4899235,-47.739548,1.4986511,-0.97934145,1.4278852,10,0.5000267028808594,1.0021953112477698e-11,1.0117953392072935e-11,1
1783662429.1312404,-2.404192,1.3891687,-47.593147,1.4282019,-0.93262005,1.4413908,10,0.5000267028808594,9.242704562475075e-12,9.04559926496561e-12,1
1783662429.2313962,-2.2679174,1.2998685,-47.4571,1.3651218,-0.89197624,1.4529537,10,0.5000267028808594,8.388303298319343e-12,8.092929076633186e-12,1
1783662429.3312871,-2.1269238,1.2066445,-47.30852,1.2982552,-0.8495053,1.4639817,10,0.5000267028808594,7.660197511643052e-12,7.400434089792103e-12,1
1783662429.431204,-2.0022562,1.1236231,-47.169678,1.2378656,-0.8112994,1.4740834,10,0.5000267028808594,7.066052683842089e-12,6.9625500854470735e-12,1
1783662429.5314395,-1.8731936,1.0372387,-47.01743,1.1734157,-0.7711191,1.482811,10,0.5000267028808594,6.414212576699656e-12,6.373434876051002e-12,1
1783662429.6313767,-1.7600986,0.9615307,-46.875618,1.1149569,-0.73456174,1.4891504,10,0.5000267028808594,5.777736011912175e-12,5.735107818252324e-12,1
1783662429.7312624,-1.6441545,0.88405216,-46.720646,1.0528648,-0.69490856,1.4945669,10,0.5000267028808594,5.267036187222452e-12,5.23516142336029e-12,1
1783662429.8314998,-1.5425533,0.8163624,-46.57712,0.99765664,-0.6591152,1.4985524,10,0.5000267028808594,5.00117370925584e-12,4.5056199908765266e-12,1
1783662429.9314559,-1.4379247,0.7470907,-46.422,0.9411823,-0.621683,1.5007915,10,0.5000267028808594,4.606894776234725e-12,3.812545414313969e-12,1
1783662430.0312939,-1.3462523,0.6871929,-46.279152,0.8926742,-0.58794904,1.5023545,10,0.5000267028808594,4.292288758755433e-12,3.40498352642437e-12,1
1783662430.1313856,-1.2517328,0.6268598,-46.12451,0.8437189,-0.5504341,1.5034066,10,0.5000267028808594,3.894640075590149e-12,3.1512035939772747e-12,1
1783662430.2313895,-1.1686368,0.5754706,-45.981705,0.80148363,-0.51584584,1.5051422,10,0.5000267028808594,3.399749958732039e-12,2.6816256712145146e-12,1
1783662430.3312523,-1.0831958,0.5242889,-45.826614,0.7580083,-0.47908837,1.5064205,10,0.5000267028808594,2.8591913086874882e-12,2.213763158787175e-12,1
1783662430.4312904,-1.00891,0.48112744,-45.683155,0.71867996,-0.44579044,1.5078313,10,0.5000267028808594,2.5294822976393347e-12,1.878261789078421e-12,1
1783662430.531311,-0.93334234,0.4380787,-45.527798,0.67661977,-0.41039193,1.5087017,10,0.5000267028808594,2.317844460481726e-12,1.6155915395647695e-12,1
1783662430.6313422,-0.86814284,0.40104318,-45.38488,0.6377309,-0.37933347,1.5101289,10,0.5000267028808594,1.842664748752138e-12,1.3240947117236996e-12,1
1783662430.7312865,-0.8029122,0.36399516,-45.229973,0.5954955,-0.34869316,1.511422,10,0.5000267028808594,1.6115715323415311e-12,1.3166785127562448e-12,1
1783662430.8312616,-0.7471519,0.33252543,-45.086605,0.55701643,-0.32230937,1.5132289,10,0.5000267028808594,1.3199893894057966e-12,1.2471590408011423e-12,1
1783662430.9313288,-0.69151944,0.30181348,-44.9309,0.5164356,-0.29491833,1.5143088,10,0.5000267028808594,1.1860692217416923e-12,1.1225010632287699e-12,1
1783662431.0312917,-0.6442899,0.27681983,-44.787327,0.47982886,-0.2701031,1.5151192,10,0.5000267028808594,1.037218965284782e-12,9.58351460975061e-13,1
1783662431.1313233,-0.5977785,0.25302252,-44.631832,0.44166607,-0.2438031,1.5157082,10,0.5000267028808594,9.824372730200798e-13,8.351839127591597e-13,1
1783662431.2314665,-0.55877924,0.23358749,-44.48826,0.40857315,-0.22214662,1.5162573,10,0.5000267028808594,9.186760460706978e-13,7.568367612079091e-13,1
1783662431.3313694,-0.52018297,0.21445876,-44.332882,0.37496728,-0.20207497,1.5162371,10,0.5000267028808594,8.414602275212546e-13,7.555161112923566e-13,1
1783662431.4314446,-0.4871279,0.19781929,-44.189392,0.34744406,-0.18600605,1.5164769,10,0.5000267028808594,7.700206675348533e-13,7.560707743283326e-13,1
1783662431.5313601,-0.453413,0.18109256,-44.033535,0.32118392,-0.1708049,1.5167909,10,0.5000267028808594,7.153696019552791e-13,6.780620723626411e-13,1
1783662431.6313603,-0.423816,0.16690835,-43.88911,0.2997994,-0.15787628,1.5170006,10,0.5000267028808594,6.277220921728993e-13,5.356934854839535e-13,1
1783662431.7314813,-0.39408988,0.15341243,-43.73221,0.27908525,-0.14431208,1.5167373,10,0.5000267028808594,4.869550341022904e-13,4.335617780885533e-13,1
1783662431.8312962,-0.36910617,0.14232454,-43.587257,0.2612109,-0.13356906,1.5163722,10,0.5000267028808594,3.9044638761172487e-13,2.9644318098309896e-13,1
1783662431.9313586,-0.34419885,0.1316193,-43.43055,0.24303186,-0.123811774,1.5151988,10,0.5000267028808594,3.1545025513508714e-13,2.0373681014695848e-13,1
1783662432.0315216,-0.3226569,0.122755274,-43.28645,0.22788018,-0.11542355,1.5142227,10,0.5000267028808594,3.456966161226519e-13,1.4762630029206734e-13,1
1783662432.1315184,-0.3006924,0.113563,-43.130856,0.21280165,-0.107636996,1.5132003,10,0.5000267028808594,3.119703410658734e-13,8.162747152834847e-14,1
1783662432.2313752,-0.28165773,0.105200194,-42.98742,0.20006672,-0.102869995,1.5131367,10,0.5000267028808594,3.1072399049655395e-13,4.8131461775949065e-14,1
1783662432.331315,-0.2625007,0.09595483,-42.831627,0.18717627,-0.099930964,1.5135028,10,0.5000267028808594,2.200172010639586e-13,4.7866738365497845e-14,1
1783662432.4312623,-0.24664171,0.08708233,-42.687492,0.17504086,-0.09833741,1.5141565,10,0.5000267028808594,1.4208051088881201e-13,5.0768597919649576e-14,1
1783662432.5312512,-0.23101233,0.07753455,-42.531082,0.1619497,-0.097177275,1.5142115,10,0.5000267028808594,8.428303220785436e-14,4.828140407406337e-14,1
1783662432.6312459,-0.21797748,0.0688886,-42.385944,0.149709,-0.096877135,1.514668,10,0.5000267028808594,6.953165703344439e-14,5.634394868238134e-14,1
1783662432.7313178,-0.20487873,0.05984238,-42.22854,0.13702537,-0.09632966,1.5139035,10,0.5000267028808594,7.148484187196372e-14,7.734503560055214e-14,1
1783662432.8312945,-0.19362196,0.051598456,-42.08364,0.12618986,-0.09535202,1.5129694,10,0.5000267028808594,6.268669481028399e-14,7.530061802787366e-14,1
1783662432.9314318,-0.1832301,0.04242402,-41.926785,0.114299886,-0.09483913,1.5117736,10,0.5000267028808594,6.077914831802153e-14,9.361923615739554e-14,1
1783662433.031511,-0.17515348,0.03358431,-41.782284,0.10381633,-0.09398824,1.5108309,10,0.5000267028808594,4.8352881931093e-14,1.4440152597333356e-13,1
1783662433.1312926,-0.1678924,0.023993513,-41.625954,0.09333618,-0.0925459,1.5098492,10,0.5000267028808594,4.623127993473694e-14,1.9684336307334206e-13,1
1783662433.2313998,-0.16260464,0.015262837,-41.4818,0.08473138,-0.09077391,1.5096266,10,0.5000267028808594,4.212759946593138e-14,2.0251564017294066e-13,1
1783662433.3315053,-0.15850341,0.0060373098,-41.3257,0.07625637,-0.08791919,1.509391,10,0.5000267028808594,3.765074033378635e-14,1.5258666897800496e-13,1
1783662433.4313588,-0.15565287,-0.0017365596,-41.18179,0.070226856,-0.08418834,1.5096028,10,0.5000267028808594,3.889326905748755e-14,1.1236820662250036e-13,1
1783662433.5312684,-0.15281732,-0.009298183,-41.025753,0.06564209,-0.0792219,1.5096674,10,0.5000267028808594,1.8156568497246715e-14,8.567644687575389e-14,1
1783662433.6313655,-0.15061234,-0.016190477,-40.88172,0.06285048,-0.074850276,1.5099393,10,0.5000267028808594,1.2960768305948817e-14,6.025818935886862e-14,1
1783662433.7312732,-0.14872406,-0.023595605,-40.725857,0.06110197,-0.070341915,1.5097157,10,0.5000267028808594,8.130195769739208e-15,5.310576836805296e-14,1
1783662433.8312435,-0.14759436,-0.030231183,-40.58187,0.060186643,-0.066553555,1.5098778,10,0.5000267028808594,1.2036264018862566e-14,5.927745267809921e-14,1
1783662433.9314637,-0.1471616,-0.037199356,-40.42539,0.059654813,-0.062443744,1.51035,10,0.5000267028808594,3.210224381677035e-14,4.973454814525008e-14,1
1783662434.031276,-0.14713448,-0.042939268,-40.280453,0.059731893,-0.058434088,1.510828,10,0.5000267028808594,4.917105737642673e-14,2.6151116762442956e-14,1
1783662434.1312718,-0.14746834,-0.047606707,-40.12296,0.060311712,-0.053568702,1.5101429,10,0.5000267028808594,4.4532648185849025e-14,2.348657865121499e-14,1
1783662434.2316518,-0.14781834,-0.05045384,-39.97722,0.060919143,-0.04832821,1.5095243,10,0.5000267028808594,3.099791263110208e-14,3.377965259212154e-14,1
1783662434.331298,-0.14732671,-0.052145727,-39.819336,0.06261817,-0.042356946,1.5078665,10,0.5000267028808594,1.549600876504821e-14,3.262666072878158e-14,1
1783662434.4314554,-0.1461803,-0.05260422,-39.674034,0.064985275,-0.03707856,1.5060707,10,0.5000267028808594,6.925033510936985e-15,2.69665869918071e-14,1
1783662434.5312886,-0.14431158,-0.05218537,-39.516716,0.067869976,-0.031738885,1.5040542,10,0.5000267028808594,7.158611488517658e-15,9.595231913487096e-15,1
1783662434.6313548,-0.14205384,-0.051814727,-39.371643,0.07021214,-0.02839101,1.5027857,10,0.5000267028808594,6.801143044541799e-15,3.926294328848603e-15,1
1783662434.7313423,-0.13927422,-0.052146457,-39.21411,0.07262984,-0.026579162,1.5013181,10,0.5000267028808594,2.9083735703169585e-15,3.0052565050238754e-15,1
1783662434.8313382,-0.13669127,-0.053323124,-39.068512,0.07380708,-0.026450064,1.5003291,10,0.5000267028808594,4.078833586218137e-15,3.2209597574873642e-15,1
1783662434.9313908,-0.1340398,-0.054921757,-38.91091,0.07435092,-0.027136803,1.4985718,10,0.5000267028808594,4.509274820083745e-15,1.0485380184200615e-14,1
1783662435.031264,-0.13166219,-0.05690602,-38.765556,0.07431216,-0.027843015,1.4970633,10,0.5000267028808594,6.6977058939791174e-15,2.454972313812742e-14,1
1783662435.131541,-0.12851952,-0.059568927,-38.608505,0.074531846,-0.028769735,1.4955595,10,0.5000267028808594,6.332666174696841e-15,2.9272600592346853e-14,1
1783662435.2312655,-0.12536325,-0.061979916,-38.463688,0.07468195,-0.02919609,1.4949412,10,0.5000267028808594,5.354940007928132e-15,3.211701119094528e-14,1
1783662435.331144,-0.12172799,-0.06382625,-38.30692,0.074968725,-0.02848021,1.493729,10,0.5000267028808594,5.970738664699591e-15,3.6206414598297897e-14,1
1783662435.431317,-0.11830093,-0.06533728,-38.16292,0.07460658,-0.027559372,1.4931569,10,0.5000267028808594,6.507289158901844e-15,1.536743264226007e-14,1
1783662435.531244,-0.11453556,-0.06673617,-38.007248,0.07421571,-0.026030473,1.4926732,10,0.5000267028808594,6.493234045345519e-15,5.888005873686828e-15,1
1783662435.6313329,-0.11119158,-0.06728739,-37.863472,0.07323997,-0.02419269,1.492457,10,0.5000267028808594,6.061869445105922e-15,5.65488554169733e-15,1
1783662435.731317,-0.10788199,-0.06700189,-37.707687,0.07191027,-0.021590455,1.4924626,10,0.5000267028808594,6.493015083140314e-15,5.726054522607138e-15,1
1783662435.831296,-0.10538226,-0.06628393,-37.56355,0.06996678,-0.019222556,1.4930184,10,0.5000267028808594,7.589529729012296e-15,8.770749944616579e-15,1
1783662435.931352,-0.10314913,-0.06569682,-37.40731,0.067539886,-0.017474847,1.4930701,10,0.5000267028808594,8.573096653644035e-15,7.36810049548276e-15,1
1783662436.031331,-0.10166782,-0.065715514,-37.263237,0.06453426,-0.016729716,1.4933537,10,0.5000267028808594,1.1883903372512714e-14,7.22950918070602e-15,1
1783662436.131244,-0.10090757,-0.0658459,-37.107086,0.06034401,-0.01630405,1.4934298,10,0.5000267028808594,1.1606639359552517e-14,8.62375697394661e-15,1
1783662436.23121,-0.10122293,-0.06581238,-36.962967,0.056288645,-0.015981581,1.4932321,10,0.5000267028808594,1.2591660866974105e-14,8.966858566744998e-15,1
1783662436.331345,-0.102657825,-0.06615573,-36.807304,0.051572584,-0.016029904,1.4929633,10,0.5000267028808594,6.547783392156697e-15,6.47539754220076e-15,1
1783662436.4314623,-0.10444478,-0.06671441,-36.66429,0.047660485,-0.016429568,1.4927965,10,0.5000267028808594,8.107181381054249e-15,9.60197305748422e-15,1
1783662436.5318258,-0.106330015,-0.06726264,-36.509914,0.04454443,-0.016681235,1.4932956,10,0.5000267028808594,1.5176120387818898e-14,7.728092638247697e-15,1
1783662436.6313095,-0.10740288,-0.06771892,-36.367813,0.042773064,-0.016542925,1.494218,10,0.5000267028808594,2.0591709563587394e-14,8.887013177336157e-15,1
1783662436.731536,-0.10790691,-0.068126254,-36.213634,0.04231407,-0.016378174,1.495785,10,0.5000267028808594,2.8114903638650783e-14,9.201692187745137e-15,1
1783662436.8314984,-0.10776773,-0.06873856,-36.07064,0.04267069,-0.016088992,1.4976906,10,0.5000267028808594,2.2498465289178703e-14,6.780782169890754e-15,1
1783662436.9314282,-0.10668083,-0.06979036,-35.915123,0.04384527,-0.015926767,1.4996939,10,0.5000267028808594,1.1867874097370847e-14,4.492230607573625e-15,1
1783662437.0312994,-0.10468187,-0.070751354,-35.77123,0.045314,-0.015968379,1.500926,10,0.5000267028808594,9.227874469930586e-15,4.658345865073314e-15,1
1783662437.131272,-0.101332895,-0.07140492,-35.61458,0.04766215,-0.015317249,1.501281,10,0.5000267028808594,1.3807412412434834e-14,6.35907912380295e-15,1
1783662437.2313907,-0.097423874,-0.07155198,-35.469975,0.050145645,-0.014492817,1.5012101,10,0.5000267028808594,1.4473372118093837e-14,1.513432388453412e-14,1
1783662437.3313313,-0.09274651,-0.0706124,-35.313553,0.052278228,-0.012701556,1.500779,10,0.5000267028808594,1.558856331477858e-14,2.5693745780045908e-14,1
1783662437.4312112,-0.08850082,-0.068873554,-35.169224,0.053125758,-0.0105426125,1.5003438,10,0.5000267028808594,1.6756809978028822e-14,2.868125369517589e-14,1
1783662437.531282,-0.083775595,-0.06592341,-35.01292,0.052801434,-0.007881168,1.4997091,10,0.5000267028808594,2.0389819296808685e-14,3.0020083595183845e-14,1
1783662437.6312742,-0.079239465,-0.062156554,-34.868843,0.051658012,-0.0053103445,1.4995625,10,0.5000267028808594,2.0227515266816328e-14,3.4404994623880044e-14,1
1783662437.7313213,-0.07478438,-0.056790803,-34.713036,0.04948972,-0.002262645,1.4992852,10,0.5000267028808594,1.5135265113912947e-14,3.336696316655457e-14,1
1783662437.8312333,-0.07158408,-0.051022105,-34.56993,0.04602131,-2.1358632e-05,1.4992456,10,0.5000267028808594,8.85581736073048e-15,2.3357568405171438e-14,1
1783662437.9313853,-0.06923261,-0.044140052,-34.41536,0.041265555,0.0018985894,1.4998889,10,0.5000267028808594,9.001304707741545e-15,2.3016295381787114e-14,1
1783662438.0315523,-0.06846213,-0.03753334,-34.27285,0.035650432,0.0023564568,1.5009382,10,0.5000267028808594,1.0008169919958384e-14,1.7001524397212554e-14,1
1783662438.131406,-0.068999656,-0.030697498,-34.11888,0.02928521,0.0015241718,1.5019485,10,0.5000267028808594,1.5963476763059923e-14,1.669071672923613e-14,1
1783662438.2312062,-0.07015073,-0.025365012,-33.977013,0.023678636,-0.0010605676,1.5041075,10,0.5000267028808594,1.8247520709601942e-14,9.740107907658327e-15,1
1783662438.331238,-0.07182864,-0.021178251,-33.823456,0.018593965,-0.0058663967,1.5059212,10,0.5000267028808594,1.3614870263802714e-14,1.5351730832039087e-14,1
1783662438.4313855,-0.07336785,-0.01870208,-33.681587,0.015014906,-0.011558488,1.5078886,10,0.5000267028808594,1.2713065911574589e-14,2.2097257233032367e-14,1
1783662438.5313866,-0.07419127,-0.017289022,-33.52759,0.012755144,-0.018356964,1.5099329,10,0.5000267028808594,2.334540690201387e-14,1.598124999145143e-14,1
1783662438.631351,-0.07405591,-0.016977169,-33.384895,0.01202787,-0.024696771,1.5122133,10,0.5000267028808594,2.1548146436890976e-14,1.3207774181636878e-14,1
1783662438.731255,-0.0732919,-0.017553154,-33.22955,0.012336003,-0.030933194,1.5143771,10,0.5000267028808594,1.6683016927712246e-14,2.002203150554559e-14,1
1783662438.831351,-0.07199863,-0.01888463,-33.08545,0.0132342335,-0.035940707,1.5157758,10,0.5000267028808594,1.3445613516446309e-14,2.363814334294781e-14,1
1783662438.9313154,-0.07037249,-0.021342538,-32.929157,0.013941765,-0.040420827,1.5162058,10,0.5000267028808594,4.389287350588005e-15,2.4479395895563527e-14,1
1783662439.0313103,-0.068262696,-0.024012754,-32.784885,0.014708796,-0.043883488,1.5161805,10,0.5000267028808594,2.481390776811617e-15,2.8387610092211567e-14,1
1783662439.131335,-0.06561819,-0.027449278,-32.62855,0.015596487,-0.046528492,1.5156641,10,0.5000267028808594,2.55073176974364e-15,1.5926942941514262e-14,1
1783662439.2313566,-0.06356817,-0.030776748,-32.484486,0.015105146,-0.048140787,1.5154914,10,0.5000267028808594,9.267531692796516e-15,9.227658746636353e-15,1
1783662439.3312645,-0.060869846,-0.034520302,-32.327938,0.014600156,-0.04893126,1.5149915,10,0.5000267028808594,1.0167104457976223e-14,9.352221927517573e-15,1
1783662439.4313776,-0.057940736,-0.03764807,-32.18262,0.013831306,-0.048683558,1.5149447,10,0.5000267028808594,1.0054334167717566e-14,1.1120954125552219e-14,1
1783662439.53133,-0.053899944,-0.040462594,-32.02428,0.013680039,-0.04693748,1.5141,10,0.5000267028808594,1.2099659677943913e-14,1.1901793859787188e-14,1
1783662439.6313424,-0.04943229,-0.04261273,-31.878187,0.013881236,-0.044619095,1.5124512,10,0.5000267028808594,9.582719426234959e-15,2.778084004954209e-14,1
1783662439.7316096,-0.04400596,-0.045015838,-31.720663,0.013651361,-0.04205616,1.5099317,10,0.5000267028808594,1.5041130281282637e-14,4.069647956773752e-14,1
1783662439.8312552,-0.038329095,-0.047023226,-31.575645,0.013501219,-0.039199665,1.5080733,10,0.5000267028808594,2.390424897635131e-14,4.960872196374622e-14,1
1783662439.931345,-0.03166086,-0.049029328,-31.418753,0.012451954,-0.036179658,1.5061637,10,0.5000267028808594,2.777033475993881e-14,7.883452552565636e-14,1
1783662440.0313265,-0.025665283,-0.05052344,-31.273788,0.010822005,-0.032842085,1.5053954,10,0.5000267028808594,2.198866518829026e-14,8.271395714320072e-14,1
1783662440.1313145,-0.020497864,-0.05196914,-31.117073,0.007187587,-0.029355193,1.5041634,10,0.5000267028808594,1.272441985709609e-14,5.881439059127082e-14,1
1783662440.231333,-0.01687556,-0.05319709,-30.973028,0.0022998306,-0.026818741,1.5034353,10,0.5000267028808594,9.894588537805946e-15,4.5966998720180765e-14,1
1783662440.3313951,-0.014066272,-0.054855432,-30.817543,-0.0034239541,-0.024211368,1.5026989,10,0.5000267028808594,6.989113858343012e-15,3.732610513053949e-14,1
1783662440.43139,-0.012454684,-0.056482438,-30.674522,-0.009297891,-0.022316633,1.5029757,10,0.5000267028808594,6.741138513804223e-15,1.8190511593599705e-14,1
1783662440.5314107,-0.011052862,-0.05772609,-30.519772,-0.015009961,-0.02013339,1.5034693,10,0.5000267028808594,4.948909985089684e-15,9.0163986713152e-15,1
1783662440.6313078,-0.01055518,-0.058456484,-30.37652,-0.019871391,-0.017859925,1.5047041,10,0.5000267028808594,2.1117887020884393e-14,1.0270830857776746e-14,1
1783662440.7313848,-0.011158395,-0.05930247,-30.220697,-0.024695272,-0.01583607,1.505645,10,0.5000267028808594,2.335185109224012e-14,1.0091571656031494e-14,1
1783662440.8314137,-0.012997612,-0.060625266,-30.076218,-0.029516412,-0.014721484,1.5069058,10,0.5000267028808594,2.776313958429377e-14,6.531505565750227e-15,1
1783662440.9312422,-0.016562993,-0.062751465,-29.919975,-0.034918435,-0.0143512525,1.5065767,10,0.5000267028808594,3.272231048186305e-14,5.336908565664746e-15,1
1783662441.0312688,-0.02061936,-0.06550578,-29.776098,-0.03909686,-0.014330391,1.5063292,10,0.5000267028808594,2.251586329742619e-14,3.237660472167827e-15,1
1783662441.1313202,-0.024697602,-0.06889193,-29.620287,-0.041944087,-0.014867208,1.505831,10,0.5000267028808594,8.757456154297513e-15,4.9845397645473946e-15,1
1783662441.2312427,-0.02864914,-0.07225458,-29.476511,-0.043292165,-0.015214244,1.5061612,10,0.5000267028808594,7.283830170985126e-15,7.897632745217802e-15,1
1783662441.3313782,-0.0333203,-0.07629704,-29.320847,-0.04396128,-0.015302781,1.5065931,10,0.5000267028808594,9.48551136062988e-15,1.9597930606715677e-14,1
1783662441.4313579,-0.0377176,-0.08046381,-29.177166,-0.043785226,-0.015114674,1.5067345,10,0.5000267028808594,1.2485297439009849e-14,2.5462554400932197e-14,1
1783662441.5312252,-0.042763792,-0.08504835,-29.021725,-0.042981703,-0.014019399,1.5067521,10,0.5000267028808594,1.3072267707163171e-14,4.8604756354727776e-14,1
1783662441.6312206,-0.047457498,-0.08906329,-28.87847,-0.0415622,-0.012209282,1.5073572,10,0.5000267028808594,1.2741824526606831e-14,6.892556887808357e-14,1
1783662441.7313044,-0.052881412,-0.0932386,-28.723389,-0.04010484,-0.009560435,1.5076305,10,0.5000267028808594,9.684340291612712e-15,7.036506206897431e-14,1
1783662441.8313835,-0.057856683,-0.096793786,-28.580076,-0.038309254,-0.0063774143,1.5087966,10,0.5000267028808594,4.0981616920375536e-15,3.555969969150544e-14,1
1783662441.9312048,-0.063159876,-0.10004346,-28.424667,-0.036007054,-0.0028586374,1.5091643,10,0.5000267028808594,4.224684786281263e-15,1.9687338506254385e-14,1
1783662442.031871,-0.06795367,-0.10255769,-28.281021,-0.03379137,0.00095039204,1.5098441,10,0.5000267028808594,3.995294097995576e-15,1.157853827386849e-14,1
1783662442.1312025,-0.07246611,-0.104384094,-28.125526,-0.030682988,0.0052803424,1.5103596,10,0.5000267028808594,5.174244785172526e-15,3.841355387834599e-15,1
1783662442.231344,-0.07583148,-0.1051266,-27.982153,-0.027036665,0.00980177,1.5108676,10,0.5000267028808594,4.546720884128555e-15,4.767014589036696e-15,1
1783662442.3314698,-0.078710616,-0.105241865,-27.82714,-0.022680415,0.014355967,1.5111951,10,0.5000267028808594,4.4998052782122575e-15,4.757261015153337e-15,1
1783662442.4313183,-0.08023609,-0.10475316,-27.68408,-0.017887626,0.018299019,1.5121723,10,0.5000267028808594,4.377486774091153e-15,4.23923722107822e-15,1
1783662442.5313797,-0.080881014,-0.10331159,-27.528536,-0.0125682745,0.022376705,1.5130448,10,0.5000267028808594,4.651397132388664e-15,2.8551338001822604e-15,1
1783662442.6313226,-0.08094582,-0.1012976,-27.384615,-0.007938718,0.026046723,1.5140227,10,0.5000267028808594,8.280653909548804e-15,5.165781769503853e-15,1
1783662442.7322714,-0.080888554,-0.09883064,-27.22814,-0.0039507123,0.029126909,1.5147588,10,0.5000267028808594,9.013116440597616e-15,5.593147353146339e-15,1
1783662442.8313708,-0.080680855,-0.097054444,-27.076843,-0.0008350583,0.030378412,1.5155348,10,0.5000267028808594,1.0065441811370936e-14,7.343210847034405e-15,1
1783662442.931333,-0.080498755,-0.09553447,-26.919415,0.0015301913,0.030373361,1.5110359,10,0.5000267028808594,9.913302561602611e-15,5.512765273371365e-15,1
1783662443.0313232,-0.08044774,-0.094244175,-26.774927,0.0029161854,0.029803328,1.5081438,10,0.5000267028808594,1.1816764564209388e-14,5.2851931262479815e-15,1
1783662443.1313076,-0.08071972,-0.093010396,-26.618816,0.003864156,0.028983103,1.5061967,10,0.5000267028808594,9.87020435381973e-15,4.925539054592569e-15,1
1783662443.2313817,-0.08142713,-0.09210402,-26.474833,0.004096096,0.028172256,1.505701,10,0.5000267028808594,4.935366125082874e-15,5.433623261896368e-15,1
1783662443.3312685,-0.082393184,-0.09174164,-26.31899,0.0040935054,0.026930997,1.5049286,10,0.5000267028808594,3.853614708071105e-15,4.878223567373606e-15,1
1783662443.4311976,-0.08369924,-0.09170563,-26.175108,0.0035427457,0.025486276,1.5054537,10,0.5000267028808594,3.584439091431613e-15,4.282175149069936e-15,1
1783662443.5313525,-0.08517377,-0.091797054,-26.01862,0.003336866,0.024036484,1.5050682,10,0.5000267028808594,3.8132036061986645e-15,4.278489882081752e-15,1
1783662443.631367,-0.086342625,-0.09217258,-25.873398,0.0037148525,0.022693193,1.5052325,10,0.5000267028808594,2.5541383832970114e-15,2.2154111488523494e-15,1
1783662444.9586117,-0.08730875,-0.09252829,-25.74042,0.0038563441,0.021548606,1.5042076,10,0.5000267028808594,2.868346159749452e-15,2.2769600845686617e-15,1
1783662445.0312738,-0.08778681,-0.09265897,-25.619604,0.0046143713,0.021127194,1.5032886,10,0.5000267028808594,5.890990090524262e-15,6.558542548757759e-15,1
1783662445.1313305,-0.08706332,-0.09206805,-25.462505,0.006387005,0.021837987,1.5024397,10,0.5000267028808594,2.092326909329001e-14,7.050164044820113e-15,1
1783662445.2313545,-0.08507668,-0.09124146,-25.317451,0.008769511,0.022309236,1.5014453,10,0.5000267028808594,2.3818243012449037e-14,7.510091348933377e-15,1
1783662445.3312325,-0.08235445,-0.0905393,-25.160196,0.0115317805,0.022730593,1.5004529,10,0.5000267028808594,2.9561156630586355e-14,9.709620039655534e-15,1
1783662445.4312978,-0.07977321,-0.08994819,-25.014664,0.013085218,0.02283572,1.4992859,10,0.5000267028808594,2.864336521516537e-14,5.9739186513589834e-15,1
1783662445.53134,-0.07734253,-0.0894895,-24.856672,0.013233883,0.022660928,1.4977376,10,0.5000267028808594,2.0793488542551263e-14,4.290054700773896e-15,1
1783662445.631274,-0.07501979,-0.089608975,-24.710997,0.012799769,0.021617958,1.4961585,10,0.5000267028808594,1.0116335804588574e-14,6.070819530354804e-15,1
1783662445.731286,-0.07215964,-0.0901212,-24.554153,0.012086272,0.020562995,1.4938945,10,0.5000267028808594,6.896176560809568e-15,7.358359054321197e-15,1
1783662445.8312392,-0.06949909,-0.09091325,-24.410032,0.0114040915,0.01946994,1.4925048,10,0.5000267028808594,5.564080828757091e-15,1.0843465544518925e-14,1
1783662445.9312654,-0.06672055,-0.092178285,-24.253868,0.009958159,0.018413277,1.4919554,10,0.5000267028808594,4.217687592609132e-15,8.535613879224168e-15,1
1783662446.0314379,-0.06385983,-0.093597025,-24.109764,0.008801629,0.017582968,1.4915866,10,0.5000267028808594,4.294796297233391e-15,9.325038415560559e-15,1
1783662446.1313498,-0.060623713,-0.09495415,-23.954067,0.007819875,0.017207215,1.4913343,10,0.5000267028808594,4.606361921360118e-15,1.2434784146520619e-14,1
1783662446.2313712,-0.057618577,-0.09531856,-23.810509,0.006744314,0.017843144,1.4914404,10,0.5000267028808594,4.800679936021039e-15,2.1353973909503003e-14,1
1783662446.331349,-0.054561388,-0.094432175,-23.655075,0.0055603995,0.019766277,1.491566,10,0.5000267028808594,3.459786450282671e-15,4.231948245421269e-14,1
1783662446.4313095,-0.051707096,-0.0928934,-23.511536,0.0040282127,0.02169679,1.4921091,10,0.5000267028808594,4.2376743962579595e-15,4.984994954952738e-14,1
1783662446.5313375,-0.0486766,-0.09043606,-23.355963,0.002338611,0.023859836,1.4925454,10,0.5000267028808594,5.665536847500999e-15,3.787964998495944e-14,1
1783662446.6312678,-0.046421487,-0.08770696,-23.212267,0.000602019,0.025708988,1.4932308,10,0.5000267028808594,2.0299133442234014e-14,2.2310261687755243e-14,1
1783662446.731275,-0.044704806,-0.08457411,-23.056509,-0.0019579567,0.027056742,1.4938161,10,0.5000267028808594,2.985443537146599e-14,1.8795128949037628e-14,1
1783662446.8313336,-0.043668907,-0.081657566,-22.913004,-0.004634616,0.02737684,1.493848,10,0.5000267028808594,3.2037575752130793e-14,8.346026148011595e-15,1
1783662446.9313438,-0.04285053,-0.07848277,-22.757807,-0.0072824685,0.027104124,1.4941783,10,0.5000267028808594,2.5349290233417153e-14,7.406393548260998e-15,1
1783662447.0312982,-0.04294239,-0.075318694,-22.614817,-0.009985307,0.026841067,1.4947988,10,0.5000267028808594,1.3110766189669677e-14,7.317347981027897e-15,1
1783662447.131414,-0.04444125,-0.07138363,-22.460518,-0.013629806,0.026619256,1.4954842,10,0.5000267028808594,7.502180394365856e-15,8.33239282896426e-15,1
1783662447.2312384,-0.04737364,-0.06730913,-22.318712,-0.017598156,0.026384862,1.4967908,10,0.5000267028808594,3.464194378421771e-15,7.661368547902681e-15,1
1783662447.331276,-0.05142378,-0.062262606,-22.16502,-0.02150805,0.026259799,1.4988163,10,0.5000267028808594,3.3367780566917537e-15,7.461907014562893e-15,1
1783662447.43126,-0.055429555,-0.05774683,-22.022785,-0.024295708,0.025397828,1.5010012,10,0.5000267028808594,4.7666203804155815e-15,1.0013885716992997e-14,1
1783662447.5312521,-0.060367215,-0.053426996,-21.868519,-0.026329853,0.023329694,1.5032375,10,0.5000267028808594,7.799504495273862e-15,1.1069603196367277e-14,1
1783662447.6313672,-0.0653467,-0.049949646,-21.726084,-0.028001439,0.020715216,1.5051457,10,0.5000267028808594,1.0168418830296528e-14,6.654202607857535e-15,1
1783662447.7312765,-0.07110846,-0.046677172,-21.571714,-0.029178841,0.017115697,1.5068438,10,0.5000267028808594,1.0100755081406191e-14,2.900216249207534e-15,1
1783662447.8313637,-0.07618555,-0.044073526,-21.429075,-0.028828375,0.013782957,1.5084794,10,0.5000267028808594,1.0634656230247741e-14,3.43308851847231e-15,1
1783662447.9313228,-0.08134919,-0.04199151,-21.274378,-0.02724793,0.009584715,1.5099568,10,0.5000267028808594,9.517578358083572e-15,4.5258061071160326e-15,1
1783662448.0313213,-0.085305154,-0.041098133,-21.131231,-0.024570374,0.0054602637,1.5115335,10,0.5000267028808594,8.04853846227597e-15,4.922987341943644e-15,1
1783662448.1312282,-0.08880072,-0.04131962,-20.975195,-0.020732759,0.00053084723,1.5130997,10,0.5000267028808594,7.646585679716809e-15,5.0442233321633705e-15,1
1783662448.2312834,-0.09115895,-0.042377777,-20.830942,-0.016268207,-0.003975557,1.5136207,10,0.5000267028808594,8.860602711631134e-15,2.286081736868473e-14,1
1783662448.331374,-0.09256053,-0.0436491,-20.674644,-0.011122601,-0.008278018,1.5135803,10,0.5000267028808594,7.439126660496379e-15,2.6364687850422865e-14,1
1783662448.431411,-0.09300873,-0.045095656,-20.530249,-0.006178239,-0.011570236,1.5132836,10,0.5000267028808594,7.064299519073959e-15,2.3692159866053056e-14,1
1783662448.5314171,-0.09329085,-0.047394805,-20.37361,-0.0014352049,-0.01450886,1.5129277,10,0.5000267028808594,7.100169670169498e-15,2.1485073032244894e-14,1
1783662448.6312706,-0.09369514,-0.050001916,-20.228592,0.0017329112,-0.0166234,1.5124713,10,0.5000267028808594,9.49600000336153e-15,2.234752206673888e-14,1
1783662448.7313757,-0.09445895,-0.053008255,-20.071085,0.0038884769,-0.0185142,1.5116779,10,0.5000267028808594,1.9399019028098217e-14,1.9542635166669374e-14,1
1783662448.8313005,-0.09495854,-0.055195436,-19.925829,0.0052207178,-0.018840667,1.5104593,10,0.5000267028808594,2.115626531121451e-14,1.6030687468154513e-14,1
1783662448.931385,-0.095416136,-0.056653887,-19.769169,0.006161142,-0.017739695,1.5089962,10,0.5000267028808594,1.6932375009663157e-14,1.5254681155805747e-14,1
1783662449.03138,-0.09589778,-0.057049125,-19.625032,0.0068684537,-0.015662856,1.508067,10,0.5000267028808594,1.529640015498064e-14,1.5655660908474788e-14,1
1783662449.131386,-0.096645586,-0.056422435,-19.469143,0.0071811117,-0.012700933,1.5072093,10,0.5000267028808594,8.645717221352452e-15,1.4973651447675844e-14,1
1783662449.2314026,-0.09712911,-0.054879062,-19.32537,0.0077967946,-0.009290598,1.507247,10,0.5000267028808594,6.560067604031195e-15,4.967918447634482e-15,1
1783662449.3313522,-0.097278655,-0.052567985,-19.169369,0.008654553,-0.0059207943,1.5074847,10,0.5000267028808594,5.9760810698895805e-15,2.9872791224854184e-15,1
1783662449.4312456,-0.097131446,-0.050289582,-19.024733,0.00973583,-0.0035692684,1.5075232,10,0.5000267028808594,3.599469303637034e-15,5.471272752164507e-15,1
1783662449.5312648,-0.096322544,-0.04793827,-18.867487,0.01104664,-0.0021283973,1.5072372,10,0.5000267028808594,3.2213830687944266e-15,1.0892164456511755e-14,1
1783662449.6313524,-0.09556878,-0.046136588,-18.722345,0.012129515,-0.0020399669,1.5064064,10,0.5000267028808594,3.4059203164241754e-15,1.2140422694745486e-14,1
1783662449.731261,-0.09462221,-0.044514365,-18.565815,0.013062549,-0.0025908854,1.5052422,10,0.5000267028808594,3.676914547230392e-15,1.0229380931067956e-14,1
1783662449.8314695,-0.09336988,-0.043668058,-18.42188,0.01407637,-0.0040799393,1.5043899,10,0.5000267028808594,3.2525760864020236e-15,7.264307218876103e-15,1
1783662449.9313655,-0.091462955,-0.04341497,-18.266022,0.014924783,-0.0062678014,1.5039155,10,0.5000267028808594,8.271729020619218e-15,5.183723148079457e-15,1
1783662450.031282,-0.08892538,-0.043278337,-18.121878,0.015672825,-0.008202249,1.5038897,10,0.5000267028808594,1.2242865436466235e-14,6.1681282950882844e-15,1
1783662450.1313093,-0.0853753,-0.042710874,-17.965353,0.016826734,-0.009389833,1.5039036,10,0.5000267028808594,1.4207502007472545e-14,8.311819283020964e-15,1
1783662450.2312384,-0.0816998,-0.042125538,-17.820976,0.01764629,-0.0104624275,1.5034777,10,0.5000267028808594,1.1232526438919957e-14,2.1519577025860785e-14,1
1783662450.3313124,-0.077551074,-0.041228853,-17.664501,0.01785931,-0.011315254,1.5031731,10,0.5000267028808594,8.852462843952286e-15,2.238872017660531e-14,1
1783662450.4314225,-0.073656395,-0.040387474,-17.519632,0.017481668,-0.011797091,1.50259,10,0.5000267028808594,4.867250823451794e-15,1.6258872179506198e-14,1
1783662450.531258,-0.06947693,-0.03911111,-17.362602,0.01681781,-0.011741772,1.5016658,10,0.5000267028808594,3.929791988655831e-15,2.0295997785837404e-14,1
1783662450.6313362,-0.0655642,-0.037500065,-17.217812,0.015617011,-0.011230228,1.5007842,10,0.5000267028808594,4.539261223299039e-15,2.179671520674771e-14,1
1783662450.731262,-0.061254494,-0.035338897,-17.061152,0.013649017,-0.010629221,1.4999905,10,0.5000267028808594,5.836892563816085e-15,2.186382220398575e-14,1
1783662450.831319,-0.057402812,-0.03308359,-16.917017,0.011690028,-0.010021136,1.4992517,10,0.5000267028808594,1.017874922193297e-14,1.8893953979818395e-14,1
1783662450.9312818,-0.05422589,-0.03061164,-16.76098,0.008794406,-0.00994156,1.4988825,10,0.5000267028808594,1.1758087377330825e-14,1.0854707405537342e-14,1
1783662451.0313141,-0.052322943,-0.029151771,-16.616798,0.005014404,-0.010653027,1.4987665,10,0.5000267028808594,1.161972673487089e-14,1.0990901348566819e-14,1
1783662451.1314998,-0.051003553,-0.02849878,-16.460505,0.00053338887,-0.012867889,1.4983709,10,0.5000267028808594,1.1476202078678891e-14,1.0688349060442266e-14,1
1783662451.2312045,-0.050519504,-0.028342243,-16.316376,-0.0037392261,-0.014764611,1.4979894,10,0.5000267028808594,1.0247475930283673e-14,2.1258500098409957e-14,1
1783662451.3313324,-0.050901663,-0.029027391,-16.160633,-0.0084354915,-0.017314635,1.4977512,10,0.5000267028808594,1.3345497729622846e-14,3.9485647853740586e-14,1
1783662451.431308,-0.052305516,-0.030498495,-16.017164,-0.012946765,-0.01989462,1.4976168,10,0.5000267028808594,1.2755664583832582e-14,3.268846228943507e-14,1
1783662451.5312693,-0.054557715,-0.032764137,-15.861964,-0.017500002,-0.02238843,1.4980099,10,0.5000267028808594,4.848686471092305e-15,2.198202472908683e-14,1
1783662451.6313324,-0.05687175,-0.035695456,-15.718499,-0.020440234,-0.024815693,1.4988806,10,0.5000267028808594,1.0525103722752714e-14,1.6836306750843792e-14,1
1783662451.731319,-0.059931718,-0.03957365,-15.562641,-0.022774769,-0.027154082,1.4996742,10,0.5000267028808594,1.638262238247121e-14,1.0149368798219705e-14,1
1783662451.8313124,-0.062939644,-0.043371145,-15.418305,-0.024055585,-0.028284403,1.5001489,10,0.5000267028808594,1.703642901313521e-14,3.974066057814657e-15,1
1783662451.931231,-0.06648281,-0.04750833,-15.261292,-0.025013855,-0.028872255,1.5003818,10,0.5000267028808594,1.5894445031380985e-14,7.680859336104897e-15,1
1783662452.0312831,-0.07005795,-0.05137429,-15.115989,-0.025541073,-0.028575769,1.5000026,10,0.5000267028808594,9.025556686358983e-15,1.7293614303792342e-14,1
1783662452.131403,-0.073796034,-0.055484973,-14.958762,-0.025222776,-0.027529258,1.4985981,10,0.5000267028808594,7.631137349535782e-15,2.1318564424210394e-14,1
1783662452.231318,-0.07694646,-0.05897449,-14.814052,-0.023689298,-0.02554224,1.49734,10,0.5000267028808594,1.1880440037519471e-14,3.074042071462585e-14,1
1783662452.3314648,-0.080581345,-0.062234815,-14.657586,-0.022108633,-0.022608018,1.496368,10,0.5000267028808594,1.3348861510452978e-14,3.184444205330059e-14,1
1783662452.431415,-0.08388671,-0.06479775,-14.513241,-0.020352649,-0.019251358,1.4957533,10,0.5000267028808594,1.3750551592061617e-14,3.15646762350022e-14,1
1783662452.5313752,-0.08697791,-0.06735001,-14.356753,-0.017937854,-0.015625995,1.4951866,10,0.5000267028808594,9.206394550181182e-15,2.1516486509862488e-14,1
1783662452.6313474,-0.08963602,-0.06940457,-14.212389,-0.015547297,-0.012272158,1.4947541,10,0.5000267028808594,8.680872941168273e-15,1.6099245369457236e-14,1
1783662452.7313392,-0.09264453,-0.07191854,-14.056309,-0.013228884,-0.009482685,1.4944388,10,0.5000267028808594,6.667365245811691e-15,1.9551849371130134e-14,1
1783662452.8313153,-0.09517369,-0.07432605,-13.912697,-0.010806942,-0.0068246885,1.4940623,10,0.5000267028808594,6.128458152508772e-15,1.4941805547109218e-14,1
1783662452.9312468,-0.09748266,-0.07676863,-13.757179,-0.0078746155,-0.0044701137,1.4941133,10,0.5000267028808594,6.656281481418383e-15,1.4175051995464075e-14,1
1783662453.0312593,-0.099449545,-0.078659974,-13.613743,-0.005630118,-0.0018818425,1.4945209,10,0.5000267028808594,6.5991780682100395e-15,1.2982659165713034e-14,1
1783662453.1312764,-0.10107611,-0.07988113,-13.458695,-0.0027461876,0.0011013272,1.4948353,10,0.5000267028808594,4.475004399571784e-15,9.321122919967677e-15,1
1783662453.231249,-0.101573855,-0.08055879,-13.315535,0.00056827633,0.0039490457,1.4955592,10,0.5000267028808594,2.812354381546312e-15,3.976433204472595e-15,1
1783662453.3312385,-0.1008767,-0.0805349,-13.160407,0.004716847,0.007289657,1.4965347,10,0.5000267028808594,3.579034576911e-15,2.9651056353318594e-15,1
1783662453.431291,-0.09935724,-0.08033596,-13.017446,0.00867975,0.009911818,1.4973174,10,0.5000267028808594,3.544657435425604e-15,3.244727406470753e-15,1
1783662453.5312917,-0.096748345,-0.08030512,-12.863318,0.012977307,0.0119872345,1.4979775,10,0.5000267028808594,3.806467879087998e-15,8.197237014879066e-15,1
1783662453.631322,-0.09398702,-0.08091447,-12.721191,0.016135257,0.01308234,1.4996282,10,0.5000267028808594,4.164583915932098e-15,8.907170562195187e-15,1
1783662453.731261,-0.090839475,-0.08233811,-12.567053,0.01844803,0.01311133,1.5012801,10,0.5000267028808594,7.462093724798121e-15,1.449498693651243e-14,1
1783662453.8312252,-0.088181034,-0.08448231,-12.424925,0.019048844,0.012491869,1.5030422,10,0.5000267028808594,1.3257095303237107e-14,1.527714397571365e-14,1
1783662453.931267,-0.08542193,-0.08724661,-12.270724,0.018716877,0.011448012,1.5049943,10,0.5000267028808594,1.6721643662087507e-14,1.0621568224681938e-14,1
1783662454.031411,-0.082872875,-0.08991974,-12.128195,0.017703734,0.010829971,1.5068704,10,0.5000267028808594,2.3618760842916438e-14,5.049800228306215e-15,1
1783662454.1313026,-0.07956465,-0.092329934,-11.973367,0.016751032,0.011180807,1.5090779,10,0.5000267028808594,2.5920735326893343e-14,4.849806451192324e-15,1
1783662454.2312782,-0.0765646,-0.09394948,-11.830293,0.015423287,0.012351169,1.5102406,10,0.5000267028808594,2.3054782747675185e-14,9.242072320628414e-15,1
1783662454.3312743,-0.07391839,-0.09478832,-11.675244,0.013202398,0.014482101,1.5112504,10,0.5000267028808594,1.1415887463225713e-14,1.254365697678924e-14,1
1783662454.4312742,-0.072319314,-0.094577834,-11.531854,0.010338032,0.017243082,1.5123912,10,0.5000267028808594,9.387614668472344e-15,1.242997644763103e-14,1
1783662454.5312777,-0.07110023,-0.09339268,-11.375776,0.007103489,0.020394163,1.5135857,10,0.5000267028808594,4.720979714788392e-15,8.655589717395786e-15,1
1783662454.6313047,-0.070391156,-0.09156383,-11.231417,0.004076045,0.023376655,1.5141945,10,0.5000267028808594,4.352634915990126e-15,8.767455481353538e-15,1
1783662454.7313886,-0.0704441,-0.08863958,-11.075208,0.0007930741,0.026700903,1.5139838,10,0.5000267028808594,6.067555410808243e-15,1.1111400150998723e-14,1
1783662454.8313513,-0.07151153,-0.08477961,-10.930838,-0.0025933078,0.029999964,1.5139403,10,0.5000267028808594,7.937002741774841e-15,2.1854052325509754e-14,1
1783662454.9312718,-0.07332414,-0.07927814,-10.774281,-0.0057239216,0.03323086,1.513842,10,0.5000267028808594,1.1193111118871e-14,3.548565232164455e-14,1
1783662455.0312743,-0.075371385,-0.073802546,-10.629642,-0.007910728,0.034979127,1.5135343,10,0.5000267028808594,1.944001490391318e-14,4.281659203085852e-14,1
1783662455.131269,-0.07807039,-0.06860601,-10.473286,-0.009716774,0.034947257,1.5126408,10,0.5000267028808594,2.0862506359434562e-14,3.3757150909423434e-14,1
1783662455.2312248,-0.08087571,-0.064693965,-10.329296,-0.01103494,0.03314625,1.5119828,10,0.5000267028808594,1.4162493579187226e-14,1.6842190092796306e-14,1
1783662455.3314102,-0.084021375,-0.061473392,-10.173092,-0.011946627,0.029911738,1.5117089,10,0.5000267028808594,1.2247471942840397e-14,9.80254215911899e-15,1
1783662455.4313052,-0.08661772,-0.059114482,-10.028735,-0.012090096,0.026145782,1.5115764,10,0.5000267028808594,1.9542646909574327e-14,2.6740089251720577e-15,1
1783662455.5312653,-0.08846713,-0.057499185,-9.872562,-0.010891256,0.021449842,1.5054458,10,0.5000267028808594,3.1742376477827806e-14,3.025838128144283e-15,1
1783662455.6314723,-0.08929029,-0.057122797,-9.730479,-0.0089346515,0.016810443,1.4695781,10,0.5000267028808594,4.0174426503304976e-14,2.8247450153913923e-15,1
1783662455.7314334,-0.08930884,-0.057914883,-9.580387,-0.006327364,0.011781514,1.437326,10,0.5000267028808594,3.121538816708329e-14,3.722114573319789e-15,1
1783662455.831282,-0.088468485,-0.05979602,-9.444955,-0.0034265406,0.0070327055,1.413552,10,0.5000267028808594,1.929420079435009e-14,6.23549580150371e-15,1
1783662455.9313822,-0.08687736,-0.06257276,-9.301243,-0.00027406367,0.0023473485,1.3913299,10,0.5000267028808594,1.1072729611818469e-14,1.4118547075968001e-14,1
1783662456.0313427,-0.08520734,-0.06524061,-9.170592,0.0020609219,-0.00097216084,1.3728142,10,0.5000267028808594,3.1470766708466328e-15,2.8821925843162024e-14,1
1783662456.131363,-0.083175756,-0.06773126,-9.030987,0.003631832,-0.0030547173,1.3534027,10,0.5000267028808594,2.4911390679114228e-15,3.96689500069007e-14,1
1783662456.2313128,-0.08172073,-0.06968588,-8.9035425,0.004086987,-0.0035266099,1.3355556,10,0.5000267028808594,2.846067741764554e-15,4.010558647520638e-14,1
1783662456.3313377,-0.0807502,-0.07087943,-8.766963,0.0035186599,-0.0026381575,1.3161932,10,0.5000267028808594,5.677364077093975e-15,3.558366153827977e-14,1
1783662456.4313867,-0.080384836,-0.07068519,-8.64264,0.002374051,-0.0004934877,1.2978545,10,0.5000267028808594,6.86050080297484e-15,2.249070627277936e-14,1
1783662456.5312855,-0.08042261,-0.06904718,-8.509738,0.0008576971,0.0031656383,1.2778585,10,0.5000267028808594,1.5202655931102847e-14,1.7294782443827962e-14,1
1783662456.6313038,-0.08090485,-0.06666017,-8.388708,-0.0005377697,0.0067742425,1.2591904,10,0.5000267028808594,1.8792268596459223e-14,1.6911865794656328e-14,1
1783662456.7312825,-0.08170417,-0.06377403,-8.259489,-0.0016918818,0.009833197,1.2389005,10,0.5000267028808594,1.2911851388281517e-14,1.217517008876599e-14,1
1783662456.8312342,-0.08264323,-0.0612168,-8.141549,-0.0027637146,0.011666986,1.2200463,10,0.5000267028808594,9.079828246892245e-15,7.899846151777992e-15,1
1783662456.9312809,-0.08328686,-0.058613595,-8.01524,-0.0032419525,0.012295421,1.199904,10,0.5000267028808594,6.728971897268003e-15,8.530911539413999e-15,1
1783662457.031265,-0.08308067,-0.055849236,-7.900603,-0.0025402906,0.012622524,1.1804444,10,0.5000267028808594,6.852518533542905e-15,6.80014429726247e-15,1
1783662457.131243,-0.08241127,-0.052117232,-7.7783833,-0.0017335624,0.013296399,1.1597227,10,0.5000267028808594,1.1684674496128029e-14,9.81244766851094e-15,1
1783662457.2313173,-0.08204239,-0.048388153,-7.667783,-0.0013084924,0.0134919,1.1406096,10,0.5000267028808594,6.353468134129616e-15,1.5707062347812704e-14,1
1783662457.3312662,-0.08203084,-0.04432646,-7.5503206,-0.0013254958,0.01271216,1.1207669,10,0.5000267028808594,4.190893693638482e-15,1.431806105148768e-14,1
1783662457.431259,-0.08170836,-0.041000947,-7.4444165,-0.0012568008,0.0115668075,1.1027473,10,0.5000267028808594,4.723870441355677e-15,1.3907836203585564e-14,1
1783662457.5313933,-0.08089422,-0.038596556,-7.332158,-0.0009718811,0.008822537,1.0845953,10,0.5000267028808594,3.7634047938698024e-15,1.2852191821125588e-14,1
1783662457.6312885,-0.08017909,-0.037170302,-7.2302876,-0.00071096164,0.0055410457,1.0686179,10,0.5000267028808594,3.3946585864938676e-15,6.582492736418084e-15,1
1783662457.7313504,-0.0787701,-0.036518693,-7.121702,0.0002570831,0.0013549846,1.0521418,10,0.5000267028808594,3.5452876873777077e-15,7.714956132901745e-15,1
1783662457.8313515,-0.0763568,-0.03640951,-7.023122,0.0016715176,-0.0021316216,1.0373014,10,0.5000267028808594,3.05884186366009e-15,5.577848614745394e-15,1
1783662457.9315078,-0.07311794,-0.036973037,-6.917986,0.003542222,-0.0058572665,1.0216082,10,0.5000267028808594,3.792194300532711e-15,3.810292574748133e-15,1
1783662458.0317557,-0.06990845,-0.038132425,-6.822113,0.0048216325,-0.009079647,1.0073853,10,0.5000267028808594,4.1177679642363505e-15,4.633908074987941e-15,1
1783662458.131339,-0.06645524,-0.03968209,-6.719234,0.005486388,-0.011711315,0.992168,10,0.5000267028808594,3.272283118012475e-15,4.66132095055841e-15,1
1783662458.2312875,-0.06347837,-0.04165601,-6.625223,0.004726925,-0.014088783,0.9772784,10,0.5000267028808594,3.748889387212197e-15,5.9938111466294435e-15,1
1783662458.3313956,-0.061091594,-0.044577643,-6.524769,0.003185467,-0.01654378,0.96080005,10,0.5000267028808594,7.000735429169411e-15,7.907360178150875e-15,1
1783662458.4313004,-0.059859343,-0.04773371,-6.4336576,0.00078131346,-0.01854068,0.94548196,10,0.5000267028808594,6.4188237307177725e-15,8.009758349423738e-15,1
1783662458.5314226,-0.05928153,-0.05164342,-6.336923,-0.0022585648,-0.020009888,0.92887664,10,0.5000267028808594,6.418710738555406e-15,1.1875048711918985e-14,1
1783662458.631318,-0.05933738,-0.055285234,-6.2492976,-0.005349185,-0.020835975,0.9140083,10,0.5000267028808594,6.637040437347053e-15,1.3377385643669752e-14,1
1783662458.731428,-0.060420442,-0.058529913,-6.1563697,-0.009033661,-0.0198122,0.89852244,10,0.5000267028808594,5.965407584700284e-15,1.3383579652076564e-14,1
1783662458.8312798,-0.062830366,-0.061127532,-6.0723367,-0.012859813,-0.018089212,0.8847406,10,0.5000267028808594,4.505482510314603e-15,1.4340920645209278e-14,1
1783662458.9313319,-0.06635033,-0.06346839,-5.983176,-0.016592968,-0.015592039,0.8703615,10,0.5000267028808594,3.1751940773904224e-15,1.3325203277509415e-14,1
1783662459.031227,-0.06974911,-0.06493863,-5.9021115,-0.019045865,-0.012803358,0.8578542,10,0.5000267028808594,2.9501553905316104e-15,8.13125110905466e-15,1
1783662459.131401,-0.07384585,-0.06581741,-5.815017,-0.020912515,-0.009323698,0.84498703,10,0.5000267028808594,2.4823981759763698e-15,9.762054436806458e-15,1
1783662459.2313204,-0.07771788,-0.06583065,-5.7351356,-0.021866407,-0.0059452895,0.8327843,10,0.5000267028808594,1.5610349373556136e-15,1.8456709781814563e-14,1
1783662459.3312385,-0.08168874,-0.06491333,-5.6490808,-0.02166594,-0.0023281237,0.8190659,10,0.5000267028808594,1.3454324815887266e-15,3.169058326988051e-14,1
1783662459.431403,-0.084514625,-0.06334946,-5.5702915,-0.02009103,0.00085777347,0.80554354,10,0.5000267028808594,2.0255550264046223e-15,3.2252700885574035e-14,1
1783662459.5312326,-0.08664424,-0.06064898,-5.4859266,-0.016995963,0.0042512547,0.79057014,10,0.5000267028808594,2.485404062298574e-15,3.273451365412239e-14,1
1783662459.632136,-0.08785771,-0.057969473,-5.4093075,-0.013602519,0.00673237,0.77641344,10,0.5000267028808594,5.0322573835350024e-15,3.1342707581182506e-14,1
1783662459.7313108,-0.08879011,-0.055503115,-5.3280225,-0.009636428,0.008113172,0.76160043,10,0.5000267028808594,9.479757040987935e-15,2.44167514421914e-14,1
1783662459.8312464,-0.0893471,-0.053632546,-5.2548895,-0.0064516086,0.008057616,0.7470347,10,0.5000267028808594,1.1011848976160422e-14,2.5198518651069982e-14,1
1783662459.9313905,-0.08980322,-0.051377296,-5.177274,-0.003353049,0.007965039,0.7323266,10,0.5000267028808594,9.468851300321743e-15,1.1365442155643561e-14,1
1783662460.031315,-0.090039834,-0.048981693,-5.107019,-0.001018128,0.0078186,0.71950203,10,0.5000267028808594,8.450008607245774e-15,1.1750033498686555e-14,1
1783662460.131302,-0.08948946,-0.046500932,-5.0323925,0.0013114789,0.006999401,0.70656127,10,0.5000267028808594,6.96433374235411e-15,2.5795928077042238e-14,1
1783662460.2313051,-0.088573895,-0.044154037,-4.9653316,0.0034343845,0.0060373386,0.6971902,10,0.5000267028808594,4.526950001741793e-15,4.6983500042240605e-14,1
1783662460.3314517,-0.087553196,-0.04194941,-4.8932366,0.0051542004,0.004294866,0.7022254,10,0.5000267028808594,3.644419409948112e-15,7.322217966965381e-14,1
1783662460.431416,-0.086674586,-0.04020788,-4.8263497,0.006487878,0.0021488443,0.705437,10,0.5000267028808594,5.742747448050896e-15,7.50839848466936e-14,1
1783662460.5312846,-0.085672274,-0.038680654,-4.7535796,0.0071559236,-0.00072122074,0.70689,10,0.5000267028808594,1.7503415376828765e-14,6.128553948207076e-14,1
1783662460.631368,-0.084675714,-0.037781194,-4.685824,0.007407484,-0.0033762276,0.7075627,10,0.5000267028808594,3.446656851799352e-14,3.148306698830995e-14,1
1783662460.731322,-0.0829221,-0.03784613,-4.611742,0.0072917547,-0.0065956023,0.7073779,10,0.5000267028808594,3.604421689872953e-14,1.3780802526484703e-14,1
1783662460.831267,-0.08098775,-0.038793076,-4.5428443,0.0072840992,-0.009953872,0.7066046,10,0.5000267028808594,3.505651419821863e-14,1.861788796089663e-14,1
1783662460.9313226,-0.07860849,-0.040693745,-4.4680934,0.007241848,-0.013557073,0.7045297,10,0.5000267028808594,2.0373269576797058e-14,2.3517519866705446e-14,1
1783662461.0314069,-0.076841205,-0.042922452,-4.3995404,0.006791432,-0.01625912,0.7021647,10,0.5000267028808594,9.669959459320812e-15,1.851131077140783e-14,1
1783662461.13132,-0.07579774,-0.045514595,-4.325212,0.005143965,-0.01827137,0.70028824,10,0.5000267028808594,5.827093389572224e-15,1.2026983294901373e-14,1
1783662461.2314188,-0.075178385,-0.048388198,-4.256395,0.0034702655,-0.019824404,0.6985611,10,0.5000267028808594,7.537264253125449e-15,1.7335094753618126e-14,1
1783662461.3312337,-0.074657544,-0.05204571,-4.181305,0.0015043404,-0.02089318,0.6966046,10,0.5000267028808594,6.473854034370063e-15,1.8286134960242643e-14,1
1783662461.4313664,-0.07460071,-0.05473673,-4.111496,-0.00048544136,-0.020307371,0.69449574,10,0.5000267028808594,6.5200033908706094e-15,1.3490192624131808e-14,1
1783662461.5312192,-0.07502289,-0.05637021,-4.0356994,-0.0025896209,-0.017930783,0.69176507,10,0.5000267028808594,8.666114177800714e-15,1.4549546024965603e-14,1
1783662461.631288,-0.07597338,-0.056750823,-3.965793,-0.00433678,-0.014765848,0.6887992,10,0.5000267028808594,1.0248114586955973e-14,1.2205145182422774e-14,1
1783662461.7312493,-0.077130556,-0.056121536,-3.8903296,-0.0060072197,-0.010628796,0.68536526,10,0.5000267028808594,9.54449809058624e-15,6.56580403584155e-15,1
1783662461.8312817,-0.07795997,-0.054903258,-3.8214257,-0.00674545,-0.0069575943,0.68230695,10,0.5000267028808594,9.85188815027935e-15,1.398267632098163e-14,1
1783662461.9313247,-0.07847551,-0.05322191,-3.7477002,-0.0068505825,-0.0033828611,0.6794111,10,0.5000267028808594,8.910251113070176e-15,2.703534206479305e-14,1
1783662462.031339,-0.07928995,-0.05142767,-3.6808727,-0.0069597927,-0.00077140384,0.67720336,10,0.5000267028808594,6.758768733909948e-15,2.764860162712987e-14,1
1783662462.1313431,-0.08010761,-0.049529366,-3.6096413,-0.006792361,0.0011167671,0.67626905,10,0.5000267028808594,8.437885417613332e-15,2.1690512510896065e-14,1
1783662462.2316685,-0.080513075,-0.04810351,-3.5447817,-0.006050486,0.0018831486,0.6766895,10,0.5000267028808594,9.542857107223706e-15,1.6403424107771015e-14,1
1783662462.3311749,-0.08056728,-0.046997346,-3.4746087,-0.004856021,0.0016885492,0.6780282,10,0.5000267028808594,9.289024138730349e-15,6.496673797267797e-15,1
1783662462.431495,-0.080215596,-0.045765314,-3.4096231,-0.0035543868,0.0017262781,0.67988056,10,0.5000267028808594,8.142954937031667e-15,4.508192038352128e-15,1
1783662462.5312192,-0.079413235,-0.044845603,-3.3391771,-0.0021572774,0.0013341566,0.6823995,10,0.5000267028808594,3.788422737753655e-15,5.7231068434989395e-15,1
1783662462.6313097,-0.07851404,-0.044323213,-3.2742875,-0.00087382086,0.0005939182,0.68455225,10,0.5000267028808594,4.639443308551524e-15,5.305656701853711e-15,1
1783662462.7313032,-0.07746622,-0.044300534,-3.2038014,-0.00013581497,-0.0008861318,0.6868305,10,0.5000267028808594,6.228971731567118e-15,4.533309333586634e-15,1
1783662462.8312767,-0.07594896,-0.04454185,-3.1381552,0.0007783152,-0.0023704532,0.6891026,10,0.5000267028808594,7.523526427216435e-15,4.3506805563153575e-15,1
1783662462.9311862,-0.074257925,-0.04533114,-3.066361,0.0012491073,-0.004048422,0.69139135,10,0.5000267028808594,8.386133124065832e-15,6.6994521239272455e-15,1
1783662463.0313804,-0.073155455,-0.046934985,-2.9992871,0.00081377645,-0.0059391297,0.6927497,10,0.5000267028808594,8.136885113257659e-15,1.599097996086324e-14,1
1783662463.1312196,-0.07244691,-0.049957164,-2.9261224,-0.00046287442,-0.008496202,0.6936356,10,0.5000267028808594,7.932277993181843e-15,2.7958297872623247e-14,1
1783662463.231319,-0.071778364,-0.05366246,-2.8582852,-0.0015892786,-0.01075621,0.6937825,10,0.5000267028808594,7.231302402779365e-15,2.5481141737388216e-14,1
1783662463.331232,-0.07154562,-0.057997808,-2.784921,-0.0031876573,-0.012716843,0.69310284,10,0.5000267028808594,8.75826017674577e-15,1.761628141198977e-14,1
1783662463.4312203,-0.07161989,-0.06231393,-2.7174594,-0.0044961427,-0.013883184,0.6923158,10,0.5000267028808594,1.4049106011529007e-14,9.523747155048816e-15,1
1783662463.531245,-0.07157778,-0.067028664,-2.644562,-0.005431786,-0.014154174,0.69180614,10,0.5000267028808594,1.9065871326993182e-14,8.712871780874319e-15,1
1783662463.63133,-0.0717722,-0.07135557,-2.577171,-0.0060026566,-0.013424482,0.69126666,10,0.5000267028808594,3.5180346250543387e-14,2.5091511024779102e-14,1
1783662463.731286,-0.07264495,-0.0760622,-2.5046403,-0.0068878895,-0.0119732125,0.6909767,10,0.5000267028808594,4.595379490273489e-14,5.538379685104579e-14,1
1783662463.8312333,-0.073994406,-0.0805769,-2.4378376,-0.007648404,-0.010093888,0.6909944,10,0.5000267028808594,2.996169507807273e-14,7.451622549402006e-14,1
1783662463.931312,-0.07593123,-0.08488211,-2.365384,-0.008460109,-0.006988433,0.691199,10,0.5000267028808594,1.6592509680466802e-14,7.609165195586197e-14,1
1783662464.0312696,-0.078064784,-0.088225394,-2.298483,-0.009076741,-0.0032974875,0.69129395,10,0.5000267028808594,1.1825727456095117e-14,5.847363396854113e-14,1
1783662464.1313248,-0.08060577,-0.09079127,-2.2262447,-0.009581945,0.0015989457,0.6914856,10,0.5000267028808594,9.419522652131958e-15,2.895849603552553e-14,1
1783662464.2313294,-0.08303013,-0.092456,-2.1595385,-0.00987207,0.0062625697,0.69195145,10,0.5000267028808594,1.6604100467199612e-14,1.0976653438682679e-14,1
1783662464.3313067,-0.085063994,-0.09373441,-2.0873652,-0.00961585,0.010882527,0.69259095,10,0.5000267028808594,2.7498076836243907e-14,1.8943329049490738e-14,1
1783662464.4314637,-0.08620097,-0.09462126,-2.0206256,-0.008577088,0.014620755,0.6931961,10,0.5000267028808594,2.7616685340971486e-14,2.5719993382936375e-14,1
1783662464.5312479,-0.08698603,-0.095350854,-1.9479622,-0.0071964785,0.018184666,0.69365054,10,0.5000267028808594,2.1863532070628202e-14,2.577736814655232e-14,1
1783662464.6315925,-0.0874573,-0.095774986,-1.8807122,-0.005592343,0.020884492,0.6941803,10,0.5000267028808594,1.2089207978428918e-14,2.7080211776517835e-14,1
1783662464.731216,-0.087963104,-0.09649651,-1.8075913,-0.0038738938,0.022780348,0.6944588,10,0.5000267028808594,1.3079199977868368e-14,2.542901705861672e-14,1
1783662464.8312368,-0.08850857,-0.09729144,-1.7400948,-0.0027360993,0.024330733,0.69427735,10,0.5000267028808594,2.8707494302458e-14,3.109112488747287e-14,1
1783662464.9313047,-0.0894043,-0.098007865,-1.6671937,-0.0015570623,0.025459725,0.69373614,10,0.5000267028808594,3.0318684212555624e-14,3.444041929836051e-14,1
1783662465.0312796,-0.09008045,-0.098516405,-1.5996668,-0.00061131245,0.026859865,0.6935836,10,0.5000267028808594,2.3077749141050746e-14,1.6353535614504996e-14,1
1783662465.1313784,-0.09043979,-0.09853008,-1.5267885,0.00047752002,0.028459763,0.6933338,10,0.5000267028808594,1.2825266207618084e-14,4.6172029301361925e-15,1
1783662465.231276,-0.090224884,-0.0981661,-1.4600118,0.0020956383,0.030253949,0.6930596,10,0.5000267028808594,1.3076593755607e-14,3.0952918341568173e-15,1
1783662465.3313255,-0.08990022,-0.097924,-1.3882209,0.003383117,0.03150321,0.6927638,10,0.5000267028808594,2.0930275613237698e-14,4.2228372254127394e-15,1
1783662465.4312901,-0.08910159,-0.097821385,-1.3218895,0.004448883,0.032189686,0.6932575,10,0.5000267028808594,2.6315619265935514e-14,7.785319530684349e-15,1
1783662465.5312176,-0.087756716,-0.09725052,-1.2499092,0.005779538,0.033077717,0.69408786,10,0.5000267028808594,1.6807602623102636e-14,1.998051777271156e-14,1
1783662465.6313825,-0.08648518,-0.09613365,-1.1834028,0.0064833486,0.034282405,0.6946902,10,0.5000267028808594,1.4871439810504014e-14,4.964809013147023e-14,1
1783662465.7312586,-0.08497818,-0.0939516,-1.1114683,0.0068970327,0.035453312,0.695334,10,0.5000267028808594,6.493806700597308e-15,7.06163254473386e-14,1
1783662465.8313568,-0.08344119,-0.091363505,-1.0454158,0.00734304,0.03676869,0.6959715,10,0.5000267028808594,4.252366993772542e-15,7.461870131835056e-14,1
1783662465.931296,-0.081698835,-0.088414244,-0.97420067,0.0076613305,0.03743171,0.6970572,10,0.5000267028808594,5.66294459638996e-15,4.930695109015526e-14,1
1783662466.0312824,-0.08011743,-0.085705414,-0.90910894,0.0077912947,0.037310325,0.69817334,10,0.5000267028808594,4.996211893999008e-15,1.7499786758364365e-14,1
1783662466.1312964,-0.07926392,-0.08244872,-0.8390576,0.0066871867,0.037168536,0.69968927,10,0.5000267028808594,5.336497149166318e-15,1.0260125450055842e-14,1
1783662466.2312949,-0.07943496,-0.07897932,-0.7744455,0.0048588202,0.037012633,0.70193624,10,0.5000267028808594,3.9037691991788716e-15,8.386382040203218e-15,1
1783662466.3312964,-0.07995172,-0.075238064,-0.70382684,0.002792828,0.036042344,0.70506066,10,0.5000267028808594,5.667509991158772e-15,1.1950415599303412e-14,1
1783662466.4312842,-0.080193825,-0.07245303,-0.6379872,0.0010905978,0.03423339,0.7074616,10,0.5000267028808594,6.836994397758557e-15,1.5732473865039738e-14,1
1783662466.531281,-0.07984823,-0.07024133,-0.5656919,0.0004508392,0.031497065,0.70935476,10,0.5000267028808594,6.3616489283870356e-15,1.0746239218245138e-14,1
1783662466.6313827,-0.07905369,-0.0688633,-0.49848467,0.0005959254,0.02830402,0.71053416,10,0.5000267028808594,6.056957141213749e-15,4.149293952170772e-15,1
1783662466.731247,-0.077875495,-0.06810888,-0.4252007,0.0010350057,0.024750821,0.710948,10,0.5000267028808594,5.762141246966921e-15,4.44328822563286e-15,1
1783662466.831222,-0.07683173,-0.06765412,-0.35736114,0.0012530271,0.02173994,0.7108521,10,0.5000267028808594,6.4528842910485485e-15,4.826156512195544e-15,1
1783662466.9313204,-0.07616134,-0.06764704,-0.28389394,0.0010105614,0.018608442,0.7105948,10,0.5000267028808594,8.128577013195565e-15,5.037824341084048e-15,1
1783662467.0313213,-0.07617374,-0.068382636,-0.2166244,0.00034946945,0.015505606,0.7098074,10,0.5000267028808594,1.2254964145079263e-14,5.5356667846414454e-15,1
1783662467.131305,-0.07659181,-0.06928066,-0.14410423,-0.0007060861,0.012891421,0.7095157,10,0.5000267028808594,1.6271380710276665e-14,7.484431486240837e-15,1
1783662467.2312558,-0.07730662,-0.07009142,-0.07715504,-0.0017544171,0.010969051,0.70931226,10,0.5000267028808594,1.3666686425265874e-14,1.1076191117456796e-14,1
1783662467.3312337,-0.077774726,-0.070665926,-0.0042824894,-0.0022081083,0.009915196,0.7094365,10,0.5000267028808594,1.2107934774743026e-14,8.885591384597166e-15,1
1783662467.4312756,-0.07829023,-0.071434714,0.06266585,-0.002664935,0.009007369,0.70932925,10,0.5000267028808594,1.1017752288286917e-14,8.667375187079978e-15,1
1783662467.531287,-0.078117736,-0.073102534,0.076326,0.009183979,-0.0029043483,0.0037746187,10,0.5000267028808594,6.972024167228812e-15,8.606169977988442e-15,1
1783662467.6312478,-0.07728469,-0.07479349,0.06501125,0.00986179,-0.0037777114,-0.0019642576,10,0.5000267028808594,6.406265956050086e-15,1.3565349898711345e-14,1
1783662467.7314649,-0.07616971,-0.0769489,0.05253604,0.010692305,-0.004915406,-0.0076974574,10,0.5000267028808594,8.55516393039977e-15,1.5295249852161205e-14,1
1783662467.8314025,-0.075440295,-0.079721875,0.043010056,0.011234406,-0.006726361,-0.011342497,10,0.5000267028808594,1.135143237782586e-14,1.5254005491605835e-14,1
1783662467.9313352,-0.07482862,-0.08309435,0.034680292,0.012026698,-0.008913405,-0.01422253,10,0.5000267028808594,1.0097842457771676e-14,9.353973375656264e-15,1
1783662468.0312865,-0.074149065,-0.08584624,0.028400794,0.012936016,-0.010424367,-0.016002465,10,0.5000267028808594,1.738876443732923e-14,6.0227395089768015e-15,1
1783662468.1313088,-0.073752716,-0.088499874,0.02268207,0.013579434,-0.011701867,-0.01706913,10,0.5000267028808594,1.936944720304193e-14,5.220933158142001e-15,1
1783662468.231378,-0.07416897,-0.09039408,0.017632082,0.013560869,-0.012292576,-0.01807214,10,0.5000267028808594,1.621802114721242e-14,9.781068605655164e-15,1
1783662468.3314092,-0.0753501,-0.092333406,0.012745053,0.013036202,-0.012934761,-0.018576924,10,0.5000267028808594,1.0236529287160004e-14,1.0204609959138818e-14,1
1783662468.4314945,-0.076339625,-0.09429116,0.008997768,0.012784152,-0.013791591,-0.018560918,10,0.5000267028808594,8.291086091005183e-15,1.5214431224123237e-14,1
1783662468.5313308,-0.07697148,-0.09640952,0.0054321736,0.012794096,-0.014786201,-0.018794086,10,0.5000267028808594,6.578201765302908e-15,1.0401583726846558e-14,1
1783662468.6314642,-0.077675305,-0.09809551,0.0026351959,0.012805145,-0.015588301,-0.018563325,10,0.5000267028808594,2.4450455258991454e-15,7.622716963355136e-15,1
1783662468.7313118,-0.07907581,-0.09952002,0.0007429868,0.012318972,-0.016231079,-0.017697398,10,0.5000267028808594,3.415861373879398e-15,5.49048672824267e-15,1
1783662468.8313751,-0.08096037,-0.1002101,0.0005311072,0.011345251,-0.015978219,-0.016335981,10,0.5000267028808594,3.7667092375134104e-15,5.2780189573152404e-15,1
1783662468.9313586,-0.08326187,-0.100391954,0.0012565702,0.0101393415,-0.015670907,-0.01454658,10,0.5000267028808594,6.1924199553427385e-15,5.30662055087863e-15,1
1783662469.0313067,-0.085620776,-0.10024084,0.0016820133,0.0087430375,-0.0150124775,-0.013203742,10,0.5000267028808594,1.0904787984334127e-14,5.575147884403525e-15,1
1783662469.131399,-0.088071406,-0.099943,0.002219528,0.0073284972,-0.014638774,-0.011297047,10,0.5000267028808594,2.0878689734219023e-14,5.609871969160638e-15,1
1783662469.231282,-0.089958064,-0.09995699,0.002674371,0.006250703,-0.014310189,-0.009919997,10,0.5000267028808594,2.1165714824744776e-14,3.736956884094933e-15,1
1783662469.331276,-0.09167187,-0.09993922,0.00327605,0.005474483,-0.01435917,-0.008473628,10,0.5000267028808594,1.7068353029093875e-14,2.581139929994548e-15,1
1783662469.4314084,-0.09269992,-0.09971432,0.003694594,0.005354622,-0.014224906,-0.007134675,10,0.5000267028808594,6.5686725458767375e-15,3.627784431803241e-15,1
1783662469.5312543,-0.093274266,-0.09911974,0.0037627816,0.005155727,-0.013715725,-0.006166636,10,0.5000267028808594,7.194482488679836e-15,6.8466867825506624e-15,1
1783662469.6312625,-0.093426995,-0.09801475,0.004116297,0.005189495,-0.012711477,-0.005439293,10,0.5000267028808594,4.4071560447417825e-15,8.67203485507585e-15,1
1783662469.7312686,-0.09363604,-0.096181475,0.00400497,0.004829256,-0.011119343,-0.0044714794,10,0.5000267028808594,5.210933422151143e-15,8.221443189732367e-15,1
1783662469.831277,-0.093710214,-0.0939868,0.0029435009,0.004605008,-0.009369449,-0.004044761,10,0.5000267028808594,7.249259887778312e-15,5.858128829656439e-15,1
1783662469.9312134,-0.09346319,-0.09109225,0.0011890233,0.004731732,-0.007193196,-0.004100023,10,0.5000267028808594,5.17227173900365e-15,4.193790945655312e-15,1
1783662470.0311859,-0.09288551,-0.08863774,-0.0006801486,0.005008934,-0.005400437,-0.0040493063,10,0.5000267028808594,3.985975512185755e-15,3.735490503059323e-15,1
1783662470.1313488,-0.09200064,-0.086231574,-0.0029209107,0.0054207565,-0.0037781433,-0.0043006665,10,0.5000267028808594,1.3889773593790957e-14,5.863072985847085e-15,1
1783662470.2312505,-0.0911187,-0.08445473,-0.0052428544,0.0057861987,-0.0026264861,-0.004388488,10,0.5000267028808594,3.6262113726809176e-14,1.3573962171990044e-14,1
1783662470.331247,-0.08971662,-0.083169095,-0.008040339,0.006257041,-0.0019053651,-0.004742403,10,0.5000267028808594,4.50074840925873e-14,1.5859026812979602e-14,1
1783662470.431197,-0.08788516,-0.082710184,-0.010499179,0.007126512,-0.0018460127,-0.0049763313,10,0.5000267028808594,4.338588016202721e-14,2.043801480860134e-14,1
1783662470.5312977,-0.085660234,-0.08317033,-0.012067303,0.0077098804,-0.002609984,-0.0051446916,10,0.5000267028808594,3.790736047629914e-14,1.935941048734114e-14,1
1783662470.6312087,-0.08376258,-0.08442912,-0.01288493,0.00790354,-0.0036080098,-0.0049677007,10,0.5000267028808594,2.059701102707242e-14,1.5099594882618618e-14,1
1783662470.7313921,-0.082566455,-0.086377405,-0.013768017,0.0078015137,-0.0050967573,-0.0047361697,10,0.5000267028808594,1.1950269344127009e-14,7.57583607041291e-15,1
1783662470.8313406,-0.08176682,-0.08814606,-0.014482185,0.0075606797,-0.0062361998,-0.0045621255,10,0.5000267028808594,2.7038305511010267e-14,5.586103015039514e-15,1
1783662470.9312155,-0.080852695,-0.08993444,-0.015077263,0.007602057,-0.00725163,-0.004289502,10,0.5000267028808594,4.418453837014347e-14,7.071527266787768e-15,1
1783662471.031352,-0.08028509,-0.09148566,-0.0151415765,0.007694297,-0.007952189,-0.003770985,10,0.5000267028808594,5.2853364936710804e-14,1.0657185347795762e-14,1
1783662471.1312997,-0.080656305,-0.09232675,-0.015358657,0.007152306,-0.00810162,-0.0034878599,10,0.5000267028808594,4.533942660462217e-14,1.2475114420190903e-14,1
1783662471.2312357,-0.0819269,-0.09248886,-0.01565738,0.0060303356,-0.007877521,-0.00326293,10,0.5000267028808594,2.5875824734753046e-14,1.2263300719917458e-14,1
1783662471.331272,-0.08427209,-0.0926586,-0.016052753,0.003999737,-0.008229874,-0.002828399,10,0.5000267028808594,1.2020281002377873e-14,1.3157078984911303e-14,1
1783662471.4313786,-0.08702466,-0.09270902,-0.016476676,0.001841228,-0.008055764,-0.002174018,10,0.5000267028808594,6.315262007467927e-15,1.0446393774628723e-14,1
1783662471.531472,-0.089516565,-0.09267231,-0.016816616,0.00012636601,-0.0078030773,-0.0016702636,10,0.5000267028808594,5.838101941766282e-15,6.131546169144778e-15,1
1783662471.6312885,-0.09092289,-0.09276635,-0.016706675,-0.0008065388,-0.007730619,-0.0010544015,10,0.8037815093994141,5.8066964774790925e-15,6.0779726267511244e-15,1
1783662471.731226,-0.09186824,-0.09345799,-0.016018271,-0.0008547848,-0.008422267,-0.00051102374,10,0.8037815093994141,6.259783783069556e-15,6.875605041258659e-15,1
1783662471.8312516,-0.0925307,-0.09421465,-0.0149281025,-0.0011316119,-0.008757285,-0.0003516079,10,0.8037815093994141,6.409319290421313e-15,7.4792067112924e-15,1
1783662471.93138,-0.09309749,-0.09479169,-0.013684869,-0.0014359803,-0.0088557135,0.00014539351,10,0.8037815093994141,6.014826510380582e-15,7.935422329468025e-15,1
1783662472.03133,-0.093432434,-0.095095314,-0.012736186,-0.0012445649,-0.008558687,0.0006992085,10,0.8037815093994141,7.018972781214226e-15,7.981326020221994e-15,1
1783662472.1314437,-0.09351026,-0.094853565,-0.012059301,-0.0009957086,-0.008110431,0.0009794628,10,0.8037815093994141,9.638696041696408e-15,3.763624572634818e-15,1
