timestamp,pos_x,pos_y,pos_z,vel_x,vel_y,vel_z,satellites_used,battery_remaining,gps_lat_variance,gps_lon_variance,gps_window_filled
1783662690.2003832,-0.02401046,-0.10823029,-4.1025853,-0.02426155,0.0144195575,-1.450969,10,-1.0,6.513436870756912e-16,2.1958672075101574e-15,0
1783662690.3004677,-0.028361438,-0.10575752,-4.240546,-0.025240587,0.016662015,-1.4627813,10,-1.0,4.3539710936992755e-15,3.664213808543646e-15,0
1783662690.4004643,-0.03295726,-0.10306276,-4.3925195,-0.02536962,0.018293625,-1.4556199,10,-1.0,4.495063022111307e-15,4.004097824971952e-15,0
1783662690.5005522,-0.036820516,-0.100520454,-4.5314155,-0.024210164,0.018923411,-1.4462187,10,-1.0,1.850918528272628e-14,4.631510688787285e-15,0
1783662690.6005752,-0.039647665,-0.09778616,-4.6795645,-0.021573007,0.019023161,-1.4377594,10,-1.0,2.310127613634618e-14,1.1233672962284202e-14,0
1783662690.7003417,-0.04111835,-0.095111,-4.814433,-0.018140486,0.019057896,-1.4335536,10,-1.0,1.976193913128673e-14,2.3202928949551497e-14,0
1783662690.800484,-0.041716296,-0.091593735,-4.958601,-0.01413422,0.018984558,-1.430605,10,0.8699979782104492,1.8169822671869047e-14,4.064109911485886e-14,1
1783662690.9005451,-0.041682865,-0.08769706,-5.089512,-0.010181025,0.018672714,-1.4299313,10,0.8699979782104492,2.278177810842173e-14,6.069196031604823e-14,1
1783662691.00041,-0.041184645,-0.083169594,-5.22986,-0.0057750186,0.018241964,-1.43087,10,0.8699979782104492,3.1616008588215e-14,5.734304174813777e-14,1
1783662691.100938,-0.039847557,-0.07905405,-5.358868,-0.0020739082,0.017472148,-1.4334877,10,0.8699979782104492,3.131166500524472e-14,4.099829987788737e-14,1
1783662691.2004788,-0.03701708,-0.0750404,-5.499016,0.0019748348,0.015737725,-1.4368223,10,0.8699979782104492,1.7246982168918287e-14,1.4902343664076356e-14,1
1783662691.3004656,-0.033890095,-0.07158319,-5.6289287,0.004887045,0.013667436,-1.4401981,10,0.8699979782104492,1.286605643210435e-14,8.371633428870699e-15,1
1783662691.400609,-0.030177278,-0.06827974,-5.769406,0.007033878,0.011005337,-1.4439274,10,0.8699979782104492,1.703783441200633e-14,5.4141641595653625e-15,1
1783662691.5004349,-0.02685179,-0.065795,-5.898825,0.007896737,0.007756739,-1.4476657,10,0.8699979782104492,2.0047280247473158e-14,6.180949288987244e-15,1
1783662691.6004653,-0.023532312,-0.06357998,-6.0392976,0.007328347,0.0040249955,-1.4513596,10,0.8699979782104492,1.4587663524571886e-14,9.99831001437246e-15,1
1783662691.700658,-0.021193659,-0.06162579,-6.169232,0.0053826463,0.0010767131,-1.4548436,10,0.8699979782104492,1.3733193741907959e-14,1.0808761383359316e-14,1
1783662691.8004513,-0.018981144,-0.05947811,-6.3103323,0.0025110731,-0.0017104524,-1.458254,10,0.8530797958374023,9.768068859868325e-15,9.953125030854834e-15,1
1783662691.900573,-0.017713835,-0.057911534,-6.4407787,-0.00081430346,-0.004370114,-1.4617417,10,0.8530797958374023,1.494318990891515e-14,8.729709255034456e-15,1
1783662692.0006814,-0.017066885,-0.05661458,-6.5819936,-0.0047433292,-0.007011801,-1.4645885,10,0.8530797958374023,1.6966890193603875e-14,8.804394574782203e-15,1
1783662692.100475,-0.017223932,-0.05618712,-6.7122607,-0.008718067,-0.009787257,-1.4672713,10,0.8530797958374023,1.407459620717885e-14,6.751788242241508e-15,1
1783662692.2004492,-0.01823866,-0.056601573,-6.853614,-0.0128834,-0.013134987,-1.469585,10,0.8530797958374023,1.1749195901649107e-14,4.2413041699590216e-15,1
1783662692.300591,-0.01966437,-0.05765608,-6.984028,-0.016309984,-0.016072543,-1.4724767,10,0.8530797958374023,1.0129423418550777e-14,3.988602336525438e-15,1
1783662692.4004595,-0.021257676,-0.05902156,-7.1257367,-0.018792432,-0.018479167,-1.4747808,10,0.8530797958374023,6.1363596462665795e-15,3.2222206540223674e-15,1
1783662692.5005696,-0.022489432,-0.060185205,-7.2566843,-0.020046888,-0.020084891,-1.4773428,10,0.8530797958374023,5.8563831165198385e-15,3.1639185937376516e-15,1
1783662692.6004026,-0.023439376,-0.06127258,-7.3988624,-0.02049833,-0.0210183,-1.4796432,10,0.8530797958374023,4.536027841862241e-15,3.267270964618638e-15,1
1783662692.7003753,-0.024305271,-0.06207145,-7.530479,-0.02028666,-0.020824755,-1.4819596,10,0.8530797958374023,3.2777481590068012e-15,9.233645548356027e-15,1
1783662692.8004699,-0.025274057,-0.06293445,-7.6734385,-0.019994644,-0.020377766,-1.4840513,10,0.8365478515625,3.445848878309016e-15,1.0780140930741483e-14,1
1783662692.9007683,-0.02566404,-0.06407806,-7.806396,-0.019312726,-0.020083446,-1.4864136,10,0.8365478515625,3.687883570289683e-15,9.565634005758296e-15,1
1783662693.0007205,-0.024865473,-0.066314906,-7.950998,-0.017626036,-0.020459125,-1.4883628,10,0.8365478515625,1.0801241179967467e-14,1.4968579293926782e-14,1
1783662693.1004472,-0.023255829,-0.06949258,-8.085363,-0.015885305,-0.021384241,-1.4906402,10,0.8365478515625,1.342664257627873e-14,1.9602511207022417e-14,1
1783662693.2007082,-0.02062108,-0.07358862,-8.231826,-0.013505849,-0.022550125,-1.4924759,10,0.8365478515625,1.3676907495192692e-14,1.819695374161705e-14,1
1783662693.3005085,-0.017318482,-0.07749918,-8.367492,-0.011198122,-0.022986889,-1.4942008,10,0.8365478515625,1.0578550066655927e-14,1.967400829201714e-14,1
1783662693.4003835,-0.01385764,-0.08170301,-8.514691,-0.009876572,-0.022389451,-1.4954641,10,0.8365478515625,1.3629283441704729e-14,1.9300172930233275e-14,1
1783662693.5005624,-0.011917044,-0.08524321,-8.650687,-0.010484713,-0.021210246,-1.4967352,10,0.8365478515625,1.744800356236259e-14,1.6772623671502017e-14,1
1783662693.6003988,-0.011027133,-0.08844925,-8.798168,-0.012504858,-0.018849103,-1.4980065,10,0.8365478515625,2.0592668189318252e-14,8.152984814835696e-15,1
1783662693.7006552,-0.011031057,-0.09106374,-8.934799,-0.015428012,-0.016054498,-1.4991821,10,0.8365478515625,1.7747939547845788e-14,1.3847005069789999e-14,1
1783662693.8005674,-0.011613441,-0.0936944,-9.082957,-0.018817194,-0.012796465,-1.5000446,10,0.8198766708374023,1.729705903405722e-14,1.1917354985126041e-14,1
1783662693.900353,-0.0131689,-0.0958978,-9.219956,-0.021987429,-0.009819344,-1.5013671,10,0.8198766708374023,7.154540471787771e-15,1.8692768797933614e-14,1
1783662694.000552,-0.015763631,-0.09796201,-9.368659,-0.025466548,-0.006215877,-1.5023192,10,0.8198766708374023,9.51457670955171e-15,1.7730506580224473e-14,1
1783662694.1004713,-0.019201173,-0.09916042,-9.506273,-0.028534561,-0.0028129206,-1.5035144,10,0.8198766708374023,1.8104949543268032e-14,1.2664307412397059e-14,1
1783662694.2007985,-0.022998359,-0.09941724,-9.655556,-0.03050628,0.0012225425,-1.5044326,10,0.8198766708374023,2.186862392318488e-14,5.144889942785715e-15,1
1783662694.3004367,-0.026157577,-0.09901709,-9.793489,-0.031049691,0.005148559,-1.5055027,10,0.8198766708374023,1.947748920842251e-14,4.258789774782525e-15,1
1783662694.4004676,-0.029150339,-0.09824335,-9.943262,-0.030483406,0.008655139,-1.5061026,10,0.8198766708374023,1.6339063596165512e-14,3.918762488407176e-15,1
1783662694.5003667,-0.031310085,-0.097120546,-10.082106,-0.028447427,0.011485774,-1.5067444,10,0.8198766708374023,2.4061109332032687e-14,4.711569511794445e-15,1
1783662694.6006331,-0.03342484,-0.09515458,-10.233641,-0.025856543,0.014298139,-1.5410727,10,0.8198766708374023,1.5514054611357913e-14,1.0006157772778512e-14,1
1783662694.7007024,-0.035569094,-0.09326298,-10.380209,-0.02359141,0.016580006,-1.6346037,10,0.8198766708374023,1.5244889552944084e-14,9.097301022542114e-15,1
1783662694.8003945,-0.03831113,-0.09122003,-10.553314,-0.022029882,0.018141728,-1.7883674,10,0.8032112121582031,1.489707628633493e-14,8.798418142741901e-15,1
1783662694.9004552,-0.040936604,-0.0890312,-10.731358,-0.020964557,0.019246137,-1.9705874,10,0.8032112121582031,1.3316877539150407e-14,1.0312157006440742e-14,1
1783662695.0005076,-0.043700762,-0.08639759,-10.94868,-0.019387607,0.020203412,-2.205842,10,0.8032112121582031,5.6768075254865375e-15,1.0424069297575066e-14,1
1783662695.100425,-0.04633259,-0.084445246,-11.174858,-0.018011266,0.020102026,-2.4554641,10,0.8032112121582031,8.991154141694967e-15,1.0297523228425212e-14,1
1783662695.2005064,-0.049186096,-0.082438536,-11.449619,-0.016484663,0.019065015,-2.7065797,10,0.8032112121582031,1.0491040600688305e-14,6.338647357267459e-15,1
1783662695.300507,-0.0511894,-0.080541946,-11.723813,-0.014370385,0.017885292,-2.8460975,10,0.8032112121582031,1.2880041732037486e-14,5.041632877419596e-15,1
1783662695.4004915,-0.052835807,-0.07898211,-12.032827,-0.011273992,0.016018316,-2.9266748,10,0.8032112121582031,1.4075312353891042e-14,5.999757275254141e-15,1
1783662695.5006988,-0.054217216,-0.078335784,-12.322128,-0.008494725,0.014042413,-2.9568918,10,0.8032112121582031,1.4645969304184212e-14,5.017232277216379e-15,1
1783662695.600592,-0.055721365,-0.07876386,-12.634798,-0.005436431,0.010697158,-2.9530437,10,0.8032112121582031,1.0107183822967013e-14,6.279948868141826e-15,1
1783662695.7004762,-0.056829408,-0.07985423,-12.919538,-0.0030545457,0.00751353,-2.9192448,10,0.8032112121582031,7.259903331066966e-15,1.4058142782675667e-14,1
1783662695.8003407,-0.057248466,-0.08104658,-13.221272,-0.0002754919,0.0044205934,-2.869936,10,0.7865457534790039,7.414688818341687e-15,1.4205750034156865e-14,1
1783662695.9004078,-0.056998905,-0.08192309,-13.494909,0.0023635894,0.0025067779,-2.8518312,10,0.7865457534790039,7.80617395959624e-15,1.4209566779169296e-14,1
1783662696.0006235,-0.056442354,-0.08242322,-13.7895,0.0049495413,0.0017276658,-2.8536284,10,0.7865457534790039,9.709712116780567e-15,1.3344124815400638e-14,1
1783662696.1003835,-0.056181323,-0.082558736,-14.061679,0.00665831,0.0024878695,-2.8661106,10,0.7865457534790039,9.98920316429433e-15,1.2471620943038218e-14,1
1783662696.2004592,-0.056416195,-0.08223434,-14.357843,0.0072877165,0.0034579504,-2.8841279,10,0.7865457534790039,1.7458441436766625e-14,1.0115948530456488e-14,1
1783662696.3004088,-0.057180095,-0.08162487,-14.632685,0.007284116,0.00463712,-2.9019415,10,0.7865457534790039,1.6837589389974347e-14,9.849222611058194e-15,1
1783662696.4005404,-0.05798733,-0.08104912,-14.931774,0.00719349,0.005466509,-2.9188666,10,0.7865457534790039,1.2405452782956644e-14,1.0458458809687425e-14,1
1783662696.5006287,-0.05855271,-0.08074295,-15.208284,0.0071967905,0.0055092275,-2.9303195,10,0.7865457534790039,8.742165663650398e-15,1.350218343810736e-14,1
1783662696.6004984,-0.058930483,-0.08059463,-15.5086355,0.0074252933,0.005205933,-2.9398878,10,0.7865457534790039,8.675602489478106e-15,2.0762738075811985e-14,1
1783662696.7004418,-0.059049163,-0.08087344,-15.7864065,0.008076965,0.004455664,-2.9459474,10,0.7865457534790039,8.401386387228016e-15,2.4787320975547587e-14,1
1783662696.8005984,-0.058568735,-0.081042044,-16.087515,0.009112126,0.0037786027,-2.951195,10,0.7698802947998047,7.226973907801868e-15,2.0195894066730362e-14,1
1783662696.9004607,-0.058223113,-0.0809833,-16.365538,0.009930708,0.0033830234,-2.9543533,10,0.7698802947998047,5.4000276976969166e-15,2.071611230390673e-14,1
1783662697.0004084,-0.058304895,-0.080755055,-16.667095,0.010212478,0.003143106,-2.9573712,10,0.7698802947998047,7.933205704127479e-15,1.385851185649677e-14,1
1783662697.1005287,-0.058102567,-0.0805724,-16.945662,0.010522147,0.0030774495,-2.9596772,10,0.7698802947998047,7.521710112429282e-15,1.0529930677345871e-14,1
1783662697.2003887,-0.05771861,-0.080810696,-17.247446,0.011017253,0.0026350883,-2.9620416,10,0.7698802947998047,8.368417589582667e-15,1.3170236099531225e-14,1
1783662697.3004792,-0.05730819,-0.081938185,-17.52595,0.011460546,0.0013031707,-2.9640338,10,0.7698802947998047,1.0341082024248482e-14,2.1661095935598368e-14,1
1783662697.400476,-0.057366382,-0.083919,-17.827827,0.011044916,-5.4757344e-05,-2.9661689,10,0.7698802947998047,1.2602275786780219e-14,3.2791036050705096e-14,1
1783662697.5003989,-0.05803386,-0.086177036,-18.106195,0.010390047,-0.0011281198,-2.9679186,10,0.7698802947998047,1.3242826301958904e-14,3.2486051217540953e-14,1
1783662697.6003675,-0.05866607,-0.08787433,-18.40735,0.009752103,-0.000995686,-2.9693894,10,0.7698802947998047,1.561348691824334e-14,2.232589305772653e-14,1
1783662697.7004151,-0.05868811,-0.08846145,-18.685543,0.009642684,0.0003658742,-2.9708283,10,0.7698802947998047,1.0818545891544208e-14,1.2947518554606286e-14,1
1783662697.8007956,-0.058818877,-0.08867091,-18.987968,0.0097663915,0.002497855,-2.972772,10,0.7532148361206055,1.0585795890670548e-14,9.200292067162881e-15,1
1783662697.9003856,-0.05968905,-0.08873104,-19.267916,0.009083149,0.004120621,-2.9744627,10,0.7532148361206055,1.1772692165532679e-14,1.5387322067578704e-14,1
1783662698.0004013,-0.06133978,-0.08847007,-19.572018,0.007888325,0.0058147055,-2.9762197,10,0.7532148361206055,8.931981994577254e-15,2.7652259297613123e-14,1
1783662698.1007645,-0.063211724,-0.08809113,-19.853416,0.0067861415,0.0068739103,-2.9777758,10,0.7532148361206055,9.767198123193123e-15,3.38731714688197e-14,1
1783662698.2003956,-0.06549719,-0.087970026,-20.15931,0.0058721835,0.007302784,-2.9792342,10,0.7532148361206055,1.0023471725845067e-14,2.7627952483756124e-14,1
1783662698.300631,-0.06776827,-0.08838174,-20.442001,0.0056289537,0.007156088,-2.980251,10,0.7532148361206055,5.198315550995533e-15,1.6361535079368322e-14,1
1783662698.4007125,-0.069956474,-0.08873449,-20.748692,0.0059189526,0.0067600184,-2.9812098,10,0.7532148361206055,3.9660681786946716e-15,9.780260235429286e-15,1
1783662698.5006294,-0.07168608,-0.08858569,-21.031717,0.0070301387,0.0068300213,-2.9820015,10,0.7532148361206055,3.4232118102582142e-15,8.794158702482208e-15,1
1783662698.6005642,-0.07317033,-0.08782849,-21.338154,0.008757539,0.008030231,-2.9829955,10,0.7532148361206055,3.702592783539893e-15,8.061900594524428e-15,1
1783662698.700841,-0.074078545,-0.08669047,-21.6212,0.010467112,0.009213995,-2.983839,10,0.7532148361206055,3.771632154658497e-15,6.67268820204366e-15,1
1783662698.8008432,-0.07480876,-0.08456054,-21.927692,0.012412318,0.010833948,-2.9845564,10,0.7365493774414062,5.87071658560959e-15,5.874556592142359e-15,1
1783662698.9012282,-0.07452265,-0.08203971,-22.210232,0.014546934,0.012377757,-2.9851966,10,0.7365493774414062,5.188278918478583e-15,5.490216907549119e-15,1
1783662699.0007005,-0.07350129,-0.07940671,-22.469418,0.01693327,0.013456357,-2.9859118,10,0.7365493774414062,6.398624357937024e-15,1.4363223747309154e-14,1
1783662699.1004858,-0.0712692,-0.075966075,-22.775827,0.019846654,0.014481893,-2.9868069,10,0.7365493774414062,1.1383135163798312e-14,2.7917389733512174e-14,1
1783662699.2007978,-0.06818649,-0.0724551,-23.05856,0.02278031,0.014770153,-2.987175,10,0.7365493774414062,1.0245500889106296e-14,4.23466943341684e-14,1
1783662699.3007858,-0.064249665,-0.06837923,-23.365026,0.025583442,0.0147269275,-2.9879303,10,0.7365493774414062,9.095897241398408e-15,5.0033954708875916e-14,1
1783662699.400493,-0.060415693,-0.0645869,-23.648708,0.026991056,0.013965718,-2.9888623,10,0.7365493774414062,8.012971614771531e-15,4.6667247404698634e-14,1
1783662699.5006263,-0.055887803,-0.061043497,-23.956713,0.028216107,0.0118396,-2.9898338,10,0.7365493774414062,1.5622051655577577e-14,2.2223501025685885e-14,1
1783662699.600451,-0.051586583,-0.05851215,-24.241388,0.028186012,0.009007681,-2.9904377,10,0.7365493774414062,2.077004305781011e-14,1.536683829950274e-14,1
1783662699.7006376,-0.04695619,-0.056530148,-24.55049,0.026886104,0.00520524,-2.9911122,10,0.7365493774414062,2.6088524481481954e-14,1.8923987550590415e-14,1
1783662699.8006942,-0.04311143,-0.055129413,-24.83641,0.02462139,0.0014453238,-2.9919603,10,0.719883918762207,2.976221614426236e-14,1.807291245379489e-14,1
1783662699.9007144,-0.039860643,-0.053799067,-25.146168,0.020898703,-0.0022504963,-2.9927835,10,0.719883918762207,2.2502960330653443e-14,1.518048290540845e-14,1
1783662700.0007322,-0.038127255,-0.052751847,-25.432184,0.016248178,-0.005147093,-2.9934008,10,0.719883918762207,9.665149497743895e-15,1.8202208823596664e-14,1
1783662700.1005902,-0.03764863,-0.051823895,-25.74256,0.010485965,-0.007603359,-2.9941087,10,0.719883918762207,4.858338043003257e-15,3.3765796103879385e-14,1
1783662700.2004938,-0.038640764,-0.051546913,-26.02947,0.0049430826,-0.009720625,-2.994737,10,0.719883918762207,6.0765819302788626e-15,4.4384599901171185e-14,1
1783662700.3008456,-0.040948156,-0.052204825,-26.340054,-0.00071174663,-0.012140752,-2.9948428,10,0.719883918762207,5.4323967091023105e-15,3.676502564759727e-14,1
1783662700.4007833,-0.043802556,-0.053603504,-26.626331,-0.005391386,-0.014520661,-2.9948633,10,0.719883918762207,4.563002312599717e-15,2.1230900829467634e-14,1
1783662700.5007226,-0.047060646,-0.05603898,-26.936459,-0.0089904135,-0.017416148,-2.9949934,10,0.719883918762207,5.853104370033198e-15,1.271717445176846e-14,1
1783662700.6006274,-0.050239246,-0.05869499,-27.2226,-0.0107674,-0.019747699,-2.9951792,10,0.719883918762207,2.4826357651028906e-14,7.294507486573569e-15,1
1783662700.7007253,-0.053621095,-0.061270256,-27.532356,-0.01111706,-0.020750456,-2.9954176,10,0.719883918762207,3.70678421958325e-14,1.2777551574837684e-14,1
1783662700.8005693,-0.056544613,-0.06320339,-27.81826,-0.010127022,-0.020336093,-2.9953613,10,0.7032184600830078,4.214781444042312e-14,2.2035444075981258e-14,1
1783662700.900605,-0.06020599,-0.06538125,-28.128225,-0.009259013,-0.019189972,-2.9957445,10,0.7032184600830078,3.5110241931921785e-14,1.8487602582052368e-14,1
1783662701.0007102,-0.06340332,-0.06772307,-28.414938,-0.0075521627,-0.018527804,-2.9961014,10,0.7032184600830078,2.3546859693808955e-14,1.1870041939538273e-14,1
1783662701.1007273,-0.06574445,-0.07034566,-28.725662,-0.0046396153,-0.01762693,-2.9963527,10,0.7032184600830078,1.3017176648746473e-14,9.683370083698854e-15,1
1783662701.200535,-0.06702958,-0.072581984,-29.012335,-0.0017188208,-0.01659923,-2.9964507,10,0.7032184600830078,1.0966965356013835e-14,9.82504000991225e-15,1
1783662701.3007708,-0.06780634,-0.074562944,-29.322638,0.0022130888,-0.015047204,-2.996832,10,0.7032184600830078,1.041125473525837e-14,1.34061790109318e-14,1
1783662701.4006522,-0.067642644,-0.07655757,-29.609129,0.005952418,-0.01364437,-2.9968874,10,0.7032184600830078,8.135525997373322e-15,1.5000576727387038e-14,1
1783662701.5006392,-0.066323005,-0.07916694,-29.919737,0.010164926,-0.0124700675,-2.996802,10,0.7032184600830078,7.954814372576287e-15,2.7137340974283924e-14,1
1783662701.6004198,-0.063822605,-0.08165367,-30.206629,0.013952525,-0.011338783,-2.9970336,10,0.7032184600830078,1.546576634923958e-14,5.215123511626048e-14,1
1783662701.7009246,-0.059653215,-0.08414492,-30.517641,0.018056262,-0.0095531475,-2.9974413,10,0.7032184600830078,2.8442363225089886e-14,6.555598514172985e-14,1
1783662701.80061,-0.054347225,-0.08606386,-30.805202,0.021703923,-0.0073249657,-2.9977367,10,0.6865530014038086,4.273921594346802e-14,6.132051710397334e-14,1
1783662701.9003205,-0.047687113,-0.08763946,-31.117222,0.024776665,-0.0043872977,-2.9980352,10,0.6865530014038086,4.1234832113847e-14,3.071777350215007e-14,1
1783662702.0005987,-0.041374095,-0.08862108,-31.40532,0.02620294,-0.0015991008,-2.9982984,10,0.6865530014038086,2.485628653565335e-14,1.7827169524480364e-14,1
1783662702.1005566,-0.03525108,-0.08930727,-31.717894,0.025445297,0.001339411,-2.9986663,10,0.6865530014038086,2.3499248362498045e-14,9.637463266712445e-15,1
1783662702.2006006,-0.02982385,-0.08969806,-32.006428,0.023366785,0.003728921,-2.9986236,10,0.6865530014038086,1.6828182752214762e-14,1.0143357451019112e-14,1
1783662702.300452,-0.02476991,-0.08985432,-32.319294,0.019204335,0.0058959415,-2.9990692,10,0.6865530014038086,9.995288083024142e-15,1.1975159000873677e-14,1
1783662702.4003985,-0.021755831,-0.089868955,-32.584263,0.014442783,0.007664893,-2.9994087,10,0.6865530014038086,1.1155939760976129e-14,1.211641801565251e-14,1
1783662702.5003438,-0.020355072,-0.08965236,-32.824966,0.009421666,0.008818687,-2.9995382,10,0.6865530014038086,1.328896109231418e-14,7.550386134881801e-15,1
1783662702.6005516,-0.020027528,-0.08951453,-33.137688,0.0022019597,0.010032749,-2.9995878,10,0.6865530014038086,1.535329344071526e-14,1.1392912674115835e-14,1
1783662702.700546,-0.021084694,-0.08965387,-33.426186,-0.0044257217,0.010556563,-2.999352,10,0.6865530014038086,1.4982949972122604e-14,1.97188280819652e-14,1
1783662702.8012984,-0.023656346,-0.08978074,-33.762844,-0.011959374,0.011019398,-2.9993272,10,0.6865530014038086,8.148501890686708e-15,2.305138317586512e-14,1
1783662702.900686,-0.026580492,-0.08994209,-34.051342,-0.017084075,0.011014162,-2.9993956,10,0.6697206497192383,6.299390997303634e-15,2.0357854054701107e-14,1
1783662703.0005906,-0.029063113,-0.09057618,-34.3398,-0.020205125,0.010513793,-2.9995487,10,0.6697206497192383,5.834272064595414e-15,1.1378847175946734e-14,1
1783662703.1008556,-0.031149274,-0.09117912,-34.652554,-0.021172013,0.010003479,-2.9996867,10,0.6697206497192383,5.960558232494593e-15,1.8243059220294354e-14,1
1783662703.2010021,-0.032689776,-0.091146454,-34.965225,-0.020849988,0.010135918,-2.9997165,10,0.6697206497192383,5.814136200283315e-15,1.7552991128188698e-14,1
1783662703.3008413,-0.033719487,-0.09078788,-35.253384,-0.019737683,0.010486958,-2.999498,10,0.6697206497192383,4.960464640243444e-15,1.86031670210506e-14,1
1783662703.400836,-0.034260847,-0.08994634,-35.565468,-0.017805528,0.011677522,-2.999033,10,0.6697206497192383,6.76008116035109e-15,1.8102395352679596e-14,1
1783662703.5009415,-0.034299195,-0.08866237,-35.85391,-0.015710384,0.012839163,-2.999002,10,0.6697206497192383,7.15774098681192e-15,1.3726109898947101e-14,1
1783662703.6009302,-0.034222137,-0.086824045,-36.166683,-0.013650392,0.014095305,-2.999164,10,0.6697206497192383,6.690779085921778e-15,7.081117493722794e-15,1
1783662703.7006254,-0.034544867,-0.08527378,-36.43115,-0.01271339,0.014794693,-2.9992,10,0.6697206497192383,5.55471287854464e-15,2.3257201739776996e-15,1
1783662703.80072,-0.035474356,-0.08354368,-36.76693,-0.01250366,0.014451162,-2.9989328,10,0.6697206497192383,6.598904627603668e-15,5.9318069321625125e-15,1
1783662703.9007735,-0.036098633,-0.082573354,-37.05426,-0.012443029,0.01351822,-2.9989014,10,0.6532220840454102,5.334280036593142e-15,1.1389541603604734e-14,1
1783662704.0006876,-0.03634899,-0.08174837,-37.3412,-0.011794274,0.012105943,-2.9985943,10,0.6532220840454102,4.897259079411363e-15,1.1818283420523113e-14,1
1783662704.1011677,-0.03656615,-0.08113844,-37.651546,-0.011249695,0.010505602,-2.9984138,10,0.6532220840454102,4.504738312326467e-15,9.300784148027398e-15,1
1783662704.2004883,-0.03673387,-0.08077518,-37.937992,-0.010574531,0.009132493,-2.9986,10,0.6532220840454102,1.0537284673380117e-14,8.024298542501733e-15,1
1783662704.3004727,-0.03698807,-0.08030599,-38.22455,-0.010072834,0.0080386195,-2.9987934,10,0.6532220840454102,1.4213246335178314e-14,8.017915586706581e-15,1
1783662704.4007456,-0.037435032,-0.07937594,-38.559734,-0.009268611,0.007281107,-2.9989,10,0.6532220840454102,1.9603515677160758e-14,7.97451723961699e-15,1
1783662704.5005343,-0.03795467,-0.078267805,-38.823566,-0.00876817,0.0072869277,-2.9990656,10,0.6532220840454102,2.3715825469412363e-14,7.626841386324068e-15,1
1783662704.6007147,-0.03944248,-0.076337375,-39.13624,-0.00891874,0.00781819,-2.9995775,10,0.6532220840454102,1.7315349383023893e-14,9.453107423247683e-15,1
1783662704.7007954,-0.041219257,-0.07432234,-39.42522,-0.009307513,0.008255378,-3.000096,10,0.6532220840454102,1.614905320989002e-14,8.641980190262257e-15,1
1783662704.800531,-0.043808125,-0.072531395,-39.738556,-0.010166906,0.008111292,-3.0001438,10,0.6532220840454102,3.2563573160479056e-14,9.833820614787426e-15,1
1783662704.9007435,-0.047260538,-0.07040662,-40.05196,-0.010734956,0.008016041,-3.0001068,10,0.6365566253662109,3.3213040569492205e-14,1.0660221496374162e-14,1
1783662705.0007687,-0.050754633,-0.06793467,-40.365177,-0.010589305,0.007775669,-2.9998965,10,0.6365566253662109,2.9705193721253034e-14,1.5705059898378373e-14,1
1783662705.1005173,-0.05367403,-0.06549418,-40.630302,-0.010193928,0.0075401748,-2.9995773,10,0.6365566253662109,2.5805220816032975e-14,2.997397803875444e-14,1
1783662705.2010248,-0.056992814,-0.062111866,-40.96753,-0.0086700665,0.0071938727,-2.998985,10,0.6365566253662109,1.699665443764658e-14,4.1125830525113513e-14,1
1783662705.300797,-0.059430636,-0.059098784,-41.257027,-0.006843295,0.006612272,-2.998824,10,0.6365566253662109,5.6024583321155335e-15,4.691644822960718e-14,1
1783662705.400577,-0.061854847,-0.05623938,-41.54649,-0.004999708,0.005324463,-2.9986799,10,0.6365566253662109,5.772021218404826e-15,4.585320896833893e-14,1
1783662705.500422,-0.064705476,-0.05336202,-41.85977,-0.003085724,0.0031619042,-2.998574,10,0.6365566253662109,5.970453173672986e-15,3.9918843751764837e-14,1
1783662705.600703,-0.06702513,-0.05138475,-42.148415,-0.0007886025,0.00038324736,-2.9979608,10,0.6365566253662109,5.725862589846626e-15,3.091299975240668e-14,1
1783662705.700582,-0.06919946,-0.050174944,-42.460415,0.0015197927,-0.0032923294,-2.9973898,10,0.6365566253662109,5.556480423546381e-15,2.312643028226742e-14,1
1783662705.8007016,-0.07110806,-0.049516805,-42.772358,0.0039661033,-0.007192811,-2.9970558,10,0.6365566253662109,4.200824606871149e-15,1.5091446250211363e-14,1
1783662705.9003856,-0.07234055,-0.0490818,-43.059853,0.0064189695,-0.01041177,-2.9966202,10,0.6198911666870117,1.0890898469013734e-14,5.799318770018536e-15,1
1783662706.0008087,-0.0728706,-0.048345607,-43.3705,0.00917199,-0.012744433,-2.966598,10,0.6198911666870117,2.24359181492435e-14,4.216766847676036e-15,1
1783662706.1005673,-0.072880246,-0.047242932,-43.62895,0.011548997,-0.0138261,-2.895713,10,0.6198911666870117,1.7166022257378758e-14,6.6930823521674204e-15,1
1783662706.2008388,-0.072846666,-0.045971103,-43.944862,0.013674443,-0.014948357,-2.7508132,10,0.6198911666870117,1.55724831859835e-14,1.7135168701824697e-14,1
1783662706.300878,-0.072706476,-0.04567381,-44.20115,0.01520256,-0.016423518,-2.6280322,10,0.6198911666870117,2.3330490801425314e-14,1.6795452259505608e-14,1
1783662706.4007432,-0.07219054,-0.046510536,-44.46528,0.01651821,-0.01871201,-2.5124745,10,0.6198911666870117,2.4559654653213834e-14,1.4417894892763227e-14,1
1783662706.500772,-0.07174034,-0.047983743,-44.69853,0.016984485,-0.021134796,-2.4172277,10,0.6198911666870117,1.846017389871506e-14,1.0168624491912449e-14,1
1783662706.6006885,-0.07162235,-0.049600754,-44.922367,0.017007692,-0.023090098,-2.3286748,10,0.6198911666870117,2.494291075439631e-14,5.1846552047048976e-15,1
1783662706.700691,-0.07190766,-0.05120351,-45.155388,0.016892105,-0.024440173,-2.2375114,10,0.6198911666870117,3.048852166397395e-14,4.166435423979581e-15,1
1783662706.800465,-0.072009966,-0.05263831,-45.378635,0.016887961,-0.02472405,-2.149211,10,0.6198911666870117,3.698533791967373e-14,4.609522390168447e-15,1
1783662706.9003997,-0.071796976,-0.054210193,-45.576595,0.017526077,-0.024713667,-2.0702384,10,0.6030588150024414,4.0199606831305645e-14,1.9178448673373952e-14,1
1783662707.0009797,-0.070868954,-0.055974603,-45.782223,0.018690068,-0.024557997,-1.9866989,10,0.6030588150024414,2.7784284211332468e-14,2.3922239716740933e-14,1
1783662707.1008496,-0.06910733,-0.057302978,-45.964027,0.01998848,-0.023638077,-1.911936,10,0.6030588150024414,1.641200970831022e-14,1.991343356542675e-14,1
1783662707.2007484,-0.06637451,-0.058058627,-46.152836,0.022076063,-0.021960624,-1.8329041,10,0.6030588150024414,1.3623223187047675e-14,1.539228013432361e-14,1
1783662707.300696,-0.063755095,-0.058227416,-46.319683,0.023372516,-0.020064306,-1.7624217,10,0.6030588150024414,1.2507242552447212e-14,1.0642416035304963e-14,1
1783662707.40108,-0.061355066,-0.058492854,-46.479984,0.02394874,-0.018474447,-1.6944188,10,0.6030588150024414,1.3189382502026332e-14,7.453057168357343e-15,1
1783662707.5007148,-0.059397154,-0.058973033,-46.63433,0.023691908,-0.017445462,-1.6285901,10,0.6030588150024414,1.750464709343992e-14,8.061320042731398e-15,1
1783662707.6007965,-0.058547843,-0.059844058,-46.794792,0.022244994,-0.016836409,-1.5591238,10,0.6030588150024414,2.3802840414468564e-14,1.1056429504972744e-14,1
1783662707.700706,-0.05884168,-0.061485115,-46.93672,0.019904785,-0.01686567,-1.4969125,10,0.6030588150024414,1.641258709141831e-14,1.1075586657966013e-14,1
1783662707.800954,-0.060029756,-0.06412032,-47.095085,0.016629914,-0.017709572,-1.4268949,10,0.6030588150024414,1.2557214344025881e-14,7.862905887003685e-15,1
1783662707.9004886,-0.061378922,-0.06649728,-47.214222,0.014090585,-0.018576764,-1.373575,10,0.5863933563232422,1.6644578437401787e-14,7.43417186121587e-15,1
1783662708.0006607,-0.062680356,-0.06940135,-47.34992,0.012155482,-0.019134238,-1.312649,10,0.5863933563232422,1.2794485850053468e-14,8.686084079031197e-15,1
1783662708.1007097,-0.06357073,-0.07229087,-47.47045,0.011578502,-0.019063266,-1.2584913,10,0.5863933563232422,1.3124656599148984e-14,1.2092440635091888e-14,1
1783662708.2006667,-0.06468015,-0.07563217,-47.60463,0.011515597,-0.018538121,-1.1970334,10,0.5863933563232422,1.4041654686415988e-14,9.790247276137405e-15,1
1783662708.300596,-0.065772,-0.07832806,-47.71428,0.011534074,-0.01751151,-1.1460973,10,0.5863933563232422,1.3795842946650998e-14,9.130836670089355e-15,1
1783662708.4003081,-0.06732475,-0.08084681,-47.827873,0.011228399,-0.01578909,-1.0926423,10,0.5863933563232422,1.1491654431362153e-14,9.424101953483722e-15,1
1783662708.500729,-0.06889819,-0.0823478,-47.919666,0.01100712,-0.013659976,-1.0491977,10,0.5863933563232422,1.7145402842262973e-14,8.575702941989358e-15,1
1783662708.6007118,-0.070227616,-0.08343455,-48.031315,0.011119569,-0.010289804,-0.9964644,10,0.5863933563232422,1.7095783891855636e-14,6.405563896472552e-15,1
1783662708.7005708,-0.070065565,-0.08396027,-48.122543,0.012743602,-0.007467611,-0.9532408,10,0.5863933563232422,1.8706303140930316e-14,7.686978314443011e-15,1
1783662708.80045,-0.06920532,-0.083642796,-48.216423,0.014929453,-0.003882705,-0.9081521,10,0.5863933563232422,1.2804142296093578e-14,9.460457091037478e-15,1
1783662708.9006162,-0.0680948,-0.08221281,-48.298344,0.016753485,-0.00025207002,-0.86859554,10,0.569727897644043,1.0646703527951418e-14,1.0082526111325036e-14,1
1783662709.0008283,-0.06654949,-0.079589695,-48.3832,0.018508445,0.003682184,-0.8281312,10,0.569727897644043,1.0163307194754026e-14,1.0649330980738964e-14,1
1783662709.1008205,-0.06527231,-0.076579,-48.45887,0.019374585,0.006813662,-0.79255635,10,0.569727897644043,1.2259417124704385e-14,1.5560438096222018e-14,1
1783662709.2008984,-0.06501747,-0.07305535,-48.537823,0.019135125,0.0091376435,-0.7553884,10,0.569727897644043,1.963736299000807e-14,2.2103301069246378e-14,1
1783662709.3005931,-0.06526911,-0.06978012,-48.60228,0.018286306,0.010464897,-0.72483,10,0.569727897644043,2.2030490771966378e-14,2.8365686948267603e-14,1
1783662709.4006033,-0.06552815,-0.06544951,-48.681297,0.017257156,0.011175027,-0.6867442,10,0.569727897644043,1.8925237537221026e-14,3.3252738552622784e-14,1
1783662709.5004358,-0.0653452,-0.06254245,-48.74092,0.016998427,0.010511663,-0.6572195,10,0.569727897644043,1.8443352611353372e-14,1.9294837043064497e-14,1
1783662709.6009183,-0.06490272,-0.059969716,-48.812786,0.016691962,0.008185601,-0.62048197,10,0.569727897644043,2.2784516060468365e-14,1.4375545461456087e-14,1
1783662709.7006178,-0.06440645,-0.058816396,-48.865814,0.016915347,0.0055834497,-0.592395,10,0.569727897644043,2.0706965530082272e-14,3.080921566692223e-14,1
1783662709.8006587,-0.06352216,-0.05818908,-48.924942,0.01705331,0.002185979,-0.56112045,10,0.569727897644043,3.1615386098272044e-14,3.5373768038996514e-14,1
1783662709.9003716,-0.06215592,-0.058650475,-48.97662,0.017473374,-0.0014298738,-0.5343501,10,0.5532293319702148,3.371133598794502e-14,3.603333648089393e-14,1
1783662710.0006223,-0.060447972,-0.059532996,-49.029785,0.017615952,-0.004903348,-0.50699705,10,0.5532293319702148,3.011166112593235e-14,3.2274206538557465e-14,1
1783662710.1006663,-0.05876678,-0.06032381,-49.076893,0.01728515,-0.0074589,-0.48364106,10,0.5532293319702148,2.0017223772432834e-14,1.4503130024359642e-14,1
1783662710.2006667,-0.056603696,-0.06146495,-49.129723,0.017105203,-0.009363851,-0.4573378,10,0.5532293319702148,1.8583424895790758e-14,8.004332247413305e-15,1
1783662710.300706,-0.054101888,-0.06250837,-49.173218,0.017062122,-0.010431096,-0.43565702,10,0.5532293319702148,2.3385364502324205e-14,8.362484271861626e-15,1
1783662710.4004705,-0.05149637,-0.06339088,-49.208515,0.017208,-0.010928251,-0.41786927,10,0.5532293319702148,1.6370884991404596e-14,1.0003257098976659e-14,1
1783662710.5006073,-0.04765722,-0.064689964,-49.25344,0.017213851,-0.011136549,-0.39520335,10,0.5532293319702148,2.4656148805931188e-14,1.0097300166950828e-14,1
1783662710.6006765,-0.043942563,-0.06578507,-49.293045,0.017899107,-0.009863706,-0.37471223,10,0.5532293319702148,3.2942943229409905e-14,9.77032851011602e-15,1
1783662710.7007837,-0.039479274,-0.06665877,-49.334126,0.015878053,-0.01085986,-0.35594654,10,0.5532293319702148,3.373636913622114e-14,1.0601096969304955e-14,1
1783662710.800478,-0.036444917,-0.068533406,-49.370846,-0.0022349833,-0.028620718,-0.34671286,10,0.5532293319702148,2.2306285133530944e-14,1.7050692150968602e-14,1
1783662710.900662,-0.037413605,-0.07541589,-49.409977,-0.055339783,-0.08199837,-0.3456295,10,0.5365638732910156,1.3836932175959549e-14,1.9728821571421935e-14,1
1783662711.0007217,-0.04660704,-0.09019861,-49.44668,-0.1451821,-0.17242305,-0.35463753,10,0.5365638732910156,1.7928333468434286e-14,2.9051081797728227e-14,1
1783662711.100693,-0.07140213,-0.120790504,-49.488613,-0.29184327,-0.3210033,-0.3697173,10,0.5365638732910156,2.1059602478601397e-14,3.3495911342627964e-14,1
1783662712.2792091,-0.076968215,-0.12722367,-49.495285,-0.31891116,-0.34861773,-0.37178597,10,0.5365638732910156,2.2503274561154314e-14,3.147702054516331e-14,1
1783662712.3004537,-0.08958684,-0.14156362,-49.508663,-0.3761559,-0.40740642,-0.37537023,10,0.5365638732910156,2.2503274561154314e-14,3.147702054516331e-14,1
1783662712.400534,-0.14716433,-0.2040963,-49.55291,-0.5950021,-0.6279239,-0.37958375,10,0.5365638732910156,2.256404575556719e-14,2.3645428213800142e-14,1
1783662712.5003986,-0.22591259,-0.28674138,-49.593147,-0.8345832,-0.865012,-0.36305892,10,0.5365638732910156,9.64598059302225e-15,8.336008415681496e-15,1
1783662712.600389,-0.34154826,-0.4057683,-49.632454,-1.1269175,-1.1437597,-0.3210397,10,0.5365638732910156,4.67405375082769e-15,4.964086609140144e-15,1
1783662712.7004793,-0.47936338,-0.5449886,-49.662796,-1.4204011,-1.4129213,-0.27366248,10,0.5365638732910156,3.0334526982809656e-16,7.416544503383348e-16,1
1783662712.8003736,-0.66324764,-0.728646,-49.68946,-1.7521611,-1.7114432,-0.22569087,10,0.5365638732910156,2.0194839173657902e-28,1.262177448353619e-29,1
1783662712.9004726,-0.8647259,-0.9279674,-49.70934,-2.0618732,-1.987624,-0.18905653,10,0.5365638732910156,2.0194839173657902e-28,1.262177448353619e-29,1
1783662713.0005188,-1.1173687,-1.1753794,-49.726757,-2.3943832,-2.2816775,-0.15857859,10,0.5198984146118164,2.0194839173657902e-28,1.262177448353619e-29,1
1783662713.1004667,-1.3802356,-1.4312192,-49.74081,-2.6890268,-2.5430803,-0.12893815,10,0.5198984146118164,2.0194839173657902e-28,1.262177448353619e-29,1
1783662713.2006524,-1.6944629,-1.7354122,-49.753128,-2.9833367,-2.8102047,-0.08967077,10,0.5198984146118164,2.0194839173657902e-28,1.262177448353619e-29,1
1783662713.3006415,-2.0082736,-2.0387955,-49.761177,-3.2237413,-3.0348182,-0.056179583,10,0.5198984146118164,2.0194839173657902e-28,1.262177448353619e-29,1
1783662713.400554,-2.369355,-2.387812,-49.767212,-3.4433649,-3.2442806,-0.031784635,10,0.5198984146118164,2.0194839173657902e-28,1.262177448353619e-29,1
1783662713.5005496,-2.7178283,-2.7250407,-49.771927,-3.603139,-3.400082,-0.020635944,10,0.5198984146118164,2.0194839173657902e-28,1.262177448353619e-29,1
1783662713.6006448,-3.1068435,-3.101208,-49.777603,-3.7286997,-3.5233684,-0.027862903,10,0.5198984146118164,2.0194839173657902e-28,1.262177448353619e-29,1
1783662713.700427,-3.4705687,-3.4531853,-49.784615,-3.7979639,-3.591316,-0.039450966,10,0.5198984146118164,2.0194839173657902e-28,1.262177448353619e-29,1
1783662713.800458,-3.864008,-3.8345542,-49.79405,-3.8228807,-3.6150992,-0.047876604,10,0.5198984146118164,2.0194839173657902e-28,1.262177448353619e-29,1
1783662713.9004748,-4.2223954,-4.182092,-49.80395,-3.804439,-3.5936916,-0.05503253,10,0.5198984146118164,2.0194839173657902e-28,1.262177448353619e-29,1
1783662714.0005257,-4.600402,-4.549004,-49.815685,-3.7523887,-3.536838,-0.055921074,10,0.5073986053466797,2.0194839173657902e-28,1.262177448353619e-29,1
1783662714.1004024,-4.939613,-4.8774476,-49.826767,-3.6920106,-3.4693747,-0.052665364,10,0.5073986053466797,2.0194839173657902e-28,1.262177448353619e-29,1
1783662714.2006257,-5.297246,-5.2216673,-49.838554,-3.6275475,-3.3933651,-0.04846465,10,0.5073986053466797,2.0194839173657902e-28,1.262177448353619e-29,1
1783662714.3004413,-5.6199446,-5.5292497,-49.849514,-3.5757406,-3.3283062,-0.045556523,10,0.5073986053466797,2.0194839173657902e-28,1.262177448353619e-29,1
1783662714.4005485,-5.964408,-5.853435,-49.86096,-3.53241,-3.269324,-0.042992,10,0.5073986053466797,2.0194839173657902e-28,1.262177448353619e-29,1
1783662714.5005443,-6.2799435,-6.1468444,-49.871452,-3.5046194,-3.2287273,-0.041102745,10,0.5073986053466797,2.0194839173657902e-28,1.262177448353619e-29,1
1783662714.600486,-6.620917,-6.460648,-49.882687,-3.486681,-3.2003512,-0.03821924,10,0.5073986053466797,2.0194839173657902e-28,1.262177448353619e-29,1
1783662714.7004287,-6.936273,-6.7492776,-49.893417,-3.4795382,-3.1884959,-0.035027694,10,0.5073986053466797,2.0194839173657902e-28,1.262177448353619e-29,1
1783662714.8004212,-7.279544,-7.0626893,-49.90471,-3.478864,-3.1890202,-0.029775444,10,0.5073986053466797,2.0194839173657902e-28,1.262177448353619e-29,1
1783662714.900419,-7.598631,-7.353907,-49.91412,-3.482508,-3.1990047,-0.02415016,10,0.5073986053466797,2.0194839173657902e-28,1.262177448353619e-29,1
1783662715.0005794,-7.9469366,-7.672319,-49.9229,-3.4896002,-3.217312,-0.01778672,10,0.5027332305908203,2.0194839173657902e-28,1.262177448353619e-29,1
1783662715.1003916,-8.270541,-7.9703364,-49.929672,-3.4967394,-3.2394748,-0.012819663,10,0.5027332305908203,2.0194839173657902e-28,1.262177448353619e-29,1
1783662715.2004108,-8.622986,-8.29833,-49.935593,-3.5045488,-3.266926,-0.0076959776,10,0.5027332305908203,2.0194839173657902e-28,1.262177448353619e-29,1
1783662715.3006055,-8.949206,-8.605302,-49.940044,-3.5106394,-3.2932792,-0.004244164,10,0.5027332305908203,2.0194839173657902e-28,1.262177448353619e-29,1
1783662715.4005618,-9.303656,-8.94224,-49.943855,-3.516046,-3.321546,-0.001620869,10,0.5027332305908203,2.0194839173657902e-28,1.262177448353619e-29,1
1783662715.5005183,-9.632115,-9.256543,-49.94648,-3.5207217,-3.3458302,-0.00012070896,10,0.5027332305908203,2.0194839173657902e-28,1.262177448353619e-29,1
1783662715.6003275,-9.989556,-9.599693,-49.94867,-3.5254493,-3.3683484,0.00066610053,10,0.5027332305908203,2.0194839173657902e-28,1.262177448353619e-29,1
1783662715.7003455,-10.32089,-9.918972,-49.950527,-3.5296736,-3.38563,0.0005411444,10,0.5027332305908203,2.0194839173657902e-28,1.262177448353619e-29,1
1783662715.8003652,-10.680214,-10.26679,-49.95282,-3.5336478,-3.3997283,-0.00032493914,10,0.5027332305908203,2.0194839173657902e-28,1.262177448353619e-29,1
1783662715.9003758,-11.012829,-10.588718,-49.95512,-3.5378082,-3.4072886,-0.0005907552,10,0.5027332305908203,2.0194839173657902e-28,1.262177448353619e-29,1
1783662716.0004747,-11.374473,-10.937553,-49.957523,-3.5436542,-3.4090164,-0.00070299965,10,0.5010204315185547,2.0194839173657902e-28,1.262177448353619e-29,1
1783662716.1007674,-11.709155,-11.258864,-49.960056,-3.5501351,-3.4052155,-0.00092555356,10,0.5010204315185547,2.0194839173657902e-28,1.262177448353619e-29,1
1783662716.200482,-12.072601,-11.606517,-49.96294,-3.5576248,-3.3971288,-0.00062253315,10,0.5010204315185547,2.0194839173657902e-28,1.262177448353619e-29,1
1783662716.3007143,-12.4088745,-11.927113,-49.96495,-3.5645993,-3.3879795,-0.00032193316,10,0.5010204315185547,2.0194839173657902e-28,1.262177448353619e-29,1
1783662716.4007096,-12.773521,-12.27438,-49.966644,-3.5717578,-3.3774369,-0.00019878868,10,0.5010204315185547,2.0194839173657902e-28,1.262177448353619e-29,1
1783662716.5006053,-13.111126,-12.595211,-49.967907,-3.5778275,-3.3688064,5.8184953e-05,10,0.5010204315185547,2.0194839173657902e-28,1.262177448353619e-29,1
1783662716.600706,-13.478164,-12.942851,-49.968792,-3.5843341,-3.3610222,0.000101866994,10,0.5010204315185547,2.0194839173657902e-28,1.262177448353619e-29,1
1783662716.7004256,-13.817984,-13.26431,-49.969112,-3.5892446,-3.3557272,-0.00023270646,10,0.5010204315185547,2.0194839173657902e-28,1.262177448353619e-29,1
1783662716.800716,-14.1872225,-13.613472,-49.969078,-3.5938475,-3.3525367,-0.0011537707,10,0.5010204315185547,2.0194839173657902e-28,1.262177448353619e-29,1
1783662716.900555,-14.5284,-13.937138,-49.968742,-3.5966232,-3.3519378,-0.001977448,10,0.5010204315185547,2.0194839173657902e-28,1.262177448353619e-29,1
1783662717.0005565,-14.898662,-14.289383,-49.968864,-3.5991921,-3.353413,-0.0032686922,10,0.5003776550292969,2.0194839173657902e-28,1.262177448353619e-29,1
1783662717.1004896,-15.240477,-14.615479,-49.969406,-3.6017075,-3.3560767,-0.0046948805,10,0.5003776550292969,2.0194839173657902e-28,1.262177448353619e-29,1
1783662717.2008064,-15.611005,-14.969902,-49.97045,-3.6047318,-3.359641,-0.0053144717,10,0.5003776550292969,2.0194839173657902e-28,1.262177448353619e-29,1
1783662717.300604,-15.954188,-15.298186,-49.97132,-3.6086607,-3.362981,-0.005884975,10,0.5003776550292969,2.0194839173657902e-28,1.262177448353619e-29,1
1783662717.400545,-16.327103,-15.654908,-49.97183,-3.6145022,-3.365776,-0.00589918,10,0.5003776550292969,2.0194839173657902e-28,1.262177448353619e-29,1
1783662717.5005476,-16.672787,-15.98554,-49.971943,-3.6210022,-3.3679032,-0.0064064097,10,0.5003776550292969,2.0194839173657902e-28,1.262177448353619e-29,1
1783662717.600648,-17.04863,-16.344007,-49.97166,-3.6290996,-3.368471,-0.0069636065,10,0.5003776550292969,2.0194839173657902e-28,1.262177448353619e-29,1
1783662717.7005765,-17.396395,-16.6747,-49.971016,-3.6371176,-3.366922,-0.007635645,10,0.5003776550292969,2.0194839173657902e-28,1.262177448353619e-29,1
1783662717.8005424,-17.774584,-17.0325,-49.97017,-3.6456392,-3.3633692,-0.00903678,10,0.5003776550292969,2.0194839173657902e-28,1.262177448353619e-29,1
1783662717.9007442,-18.124542,-17.361362,-49.970016,-3.6524484,-3.3580067,-0.011027419,10,0.5003776550292969,2.0194839173657902e-28,1.262177448353619e-29,1
1783662718.0004096,-18.503931,-17.716055,-49.970467,-3.6589088,-3.3504658,-0.01276164,10,0.5001373291015625,2.0194839173657902e-28,1.262177448353619e-29,1
1783662718.100619,-18.854324,-18.042149,-49.971294,-3.6635716,-3.3431714,-0.014208552,10,0.5001373291015625,2.0194839173657902e-28,1.262177448353619e-29,1
1783662718.2004726,-19.23402,-18.39351,-49.97281,-3.667677,-3.3356965,-0.015063624,10,0.5001373291015625,2.0194839173657902e-28,1.262177448353619e-29,1
1783662718.3005505,-19.58513,-18.71688,-49.974575,-3.6703756,-3.3309183,-0.014972841,10,0.5001373291015625,2.0194839173657902e-28,1.262177448353619e-29,1
1783662718.4003947,-19.966171,-19.066698,-49.97662,-3.6722164,-3.327942,-0.014097628,10,0.5001373291015625,2.0194839173657902e-28,1.262177448353619e-29,1
1783662718.5004036,-20.318388,-19.390162,-49.978676,-3.672836,-3.3287318,-0.013099731,10,0.5001373291015625,2.0194839173657902e-28,1.262177448353619e-29,1
1783662718.6005614,-20.70068,-19.742336,-49.981087,-3.6729422,-3.333048,-0.011652062,10,0.5001373291015625,2.0194839173657902e-28,1.262177448353619e-29,1
1783662718.7006502,-21.053427,-20.068571,-49.983486,-3.6721368,-3.338905,-0.010003873,10,0.5001373291015625,2.0194839173657902e-28,1.262177448353619e-29,1
1783662718.8005295,-21.435007,-20.423328,-49.986008,-3.6699402,-3.3464055,-0.007992965,10,0.5001373291015625,2.0194839173657902e-28,1.262177448353619e-29,1
1783662718.9004488,-21.786312,-20.751825,-49.987892,-3.667218,-3.3533049,-0.0060801073,10,0.5001373291015625,2.0194839173657902e-28,1.262177448353619e-29,1
1783662719.0004299,-22.165863,-21.108875,-49.98962,-3.6639,-3.3609238,-0.004401973,10,0.5000553131103516,2.0194839173657902e-28,1.262177448353619e-29,1
1783662719.1003742,-22.515614,-21.439938,-49.991337,-3.6609807,-3.3677979,-0.002760646,10,0.5000553131103516,2.0194839173657902e-28,1.262177448353619e-29,1
1783662719.2004075,-22.894232,-21.799725,-49.99304,-3.658628,-3.3748903,-0.0011037735,10,0.5000553131103516,2.0194839173657902e-28,1.262177448353619e-29,1
1783662719.3004892,-23.242975,-22.132843,-49.994366,-3.6566286,-3.380524,-3.9733837e-05,10,0.5000553131103516,2.0194839173657902e-28,1.262177448353619e-29,1
1783662719.400453,-23.6204,-22.493612,-49.995636,-3.6550763,-3.38434,0.0011426274,10,0.5000553131103516,2.0194839173657902e-28,1.262177448353619e-29,1
1783662719.5004191,-23.96875,-22.826265,-49.996933,-3.6540875,-3.3862398,0.0019933092,10,0.5000553131103516,2.0194839173657902e-28,1.262177448353619e-29,1
1783662719.6003659,-24.346416,-23.185942,-49.998833,-3.6536777,-3.3865123,0.0027937472,10,0.5000553131103516,2.0194839173657902e-28,1.262177448353619e-29,1
1783662719.700416,-24.695045,-23.516935,-50.000725,-3.6532428,-3.3856668,0.0038904876,10,0.5000553131103516,2.0194839173657902e-28,1.262177448353619e-29,1
1783662719.8005607,-25.07246,-23.874557,-50.002506,-3.652906,-3.383754,0.0053237323,10,0.5000553131103516,2.0194839173657902e-28,1.262177448353619e-29,1
1783662719.9004183,-25.42105,-24.20406,-50.003944,-3.652598,-3.3820624,0.006519046,10,0.5000553131103516,2.0194839173657902e-28,1.262177448353619e-29,1
1783662720.0004265,-25.798567,-24.56063,-50.00515,-3.6520455,-3.3807106,0.007972566,10,0.5000267028808594,2.0194839173657902e-28,1.262177448353619e-29,1
1783662720.1003428,-26.14715,-24.8898,-50.006256,-3.6517606,-3.3805168,0.009030832,10,0.5000267028808594,2.0194839173657902e-28,1.262177448353619e-29,1
1783662720.2006195,-26.524988,-25.24666,-50.00749,-3.6515117,-3.3810863,0.009698146,10,0.5000267028808594,2.0194839173657902e-28,1.262177448353619e-29,1
1783662720.3004527,-26.874134,-25.576738,-50.008965,-3.6516285,-3.3828595,0.010449177,10,0.5000267028808594,2.0194839173657902e-28,1.262177448353619e-29,1
1783662720.40063,-27.252724,-25.934536,-50.010418,-3.6513398,-3.384852,0.011588859,10,0.5000267028808594,2.0194839173657902e-28,1.262177448353619e-29,1
1783662720.5006216,-27.602324,-26.264633,-50.011604,-3.6511476,-3.3866591,0.012682966,10,0.5000267028808594,2.0194839173657902e-28,1.262177448353619e-29,1
1783662720.6005685,-27.980879,-26.622007,-50.012627,-3.6504614,-3.3885694,0.013772031,10,0.5000267028808594,2.0194839173657902e-28,1.262177448353619e-29,1
1783662720.7004263,-28.330372,-26.951765,-50.01341,-3.6498857,-3.3902628,0.014572854,10,0.5000267028808594,2.0194839173657902e-28,1.262177448353619e-29,1
1783662720.800409,-28.708824,-27.30842,-50.0145,-3.6490066,-3.391704,0.01527875,10,0.5000267028808594,2.0194839173657902e-28,1.262177448353619e-29,1
1783662720.900587,-29.058245,-27.63773,-50.01567,-3.6482162,-3.3931816,0.01571694,10,0.5000267028808594,2.0194839173657902e-28,1.262177448353619e-29,1
1783662721.0004907,-29.436745,-27.99443,-50.01687,-3.6471915,-3.3948789,0.016469214,10,0.5000267028808594,2.0194839173657902e-28,1.262177448353619e-29,1
1783662721.1005445,-29.785713,-28.323658,-50.017902,-3.6462717,-3.396298,0.017370814,10,0.5000267028808594,2.0194839173657902e-28,1.262177448353619e-29,1
1783662721.2005808,-30.163733,-28.680237,-50.01846,-3.6450968,-3.3977654,0.018572973,10,0.5000267028808594,2.0194839173657902e-28,1.262177448353619e-29,1
1783662721.300582,-30.512917,-29.009007,-50.01804,-3.644671,-3.398873,0.019349689,10,0.5000267028808594,2.0194839173657902e-28,1.262177448353619e-29,1
1783662721.4004343,-30.89198,-29.36515,-50.01667,-3.6446698,-3.400287,0.019376619,10,0.5000267028808594,2.0194839173657902e-28,1.262177448353619e-29,1
1783662721.500405,-31.242737,-29.694008,-50.014812,-3.6450334,-3.4014122,0.018680131,10,0.5000267028808594,2.0194839173657902e-28,1.262177448353619e-29,1
1783662721.600613,-31.623121,-30.050028,-50.013245,-3.6454573,-3.4029598,0.017016679,10,0.5000267028808594,2.0194839173657902e-28,1.262177448353619e-29,1
1783662721.7008412,-31.974213,-30.378786,-50.011894,-3.6454093,-3.4047968,0.015267487,10,0.5000267028808594,2.0194839173657902e-28,1.262177448353619e-29,1
1783662721.800756,-32.35439,-30.735489,-50.0102,-3.6445093,-3.4070609,0.013670754,10,0.5000267028808594,2.0194839173657902e-28,1.262177448353619e-29,1
1783662721.9004712,-32.70428,-31.064568,-50.008305,-3.6426914,-3.4089773,0.012028005,10,0.5000267028808594,2.0194839173657902e-28,1.262177448353619e-29,1
1783662722.0004709,-33.082043,-31.421154,-50.00647,-3.639708,-3.4112673,0.009662333,10,0.5000267028808594,2.0194839173657902e-28,1.262177448353619e-29,1
1783662722.1005437,-33.430023,-31.750374,-50.004765,-3.6367645,-3.4133806,0.0077573326,10,0.5000267028808594,2.0194839173657902e-28,1.262177448353619e-29,1
1783662722.200378,-33.806408,-32.107925,-50.00329,-3.6339557,-3.4164994,0.0054550106,10,0.5000267028808594,2.0194839173657902e-28,1.262177448353619e-29,1
1783662722.300508,-34.154083,-32.438515,-50.0018,-3.631937,-3.4196687,0.0039753895,10,0.5000267028808594,2.0194839173657902e-28,1.262177448353619e-29,1
1783662722.4003897,-34.53133,-32.796787,-50.00033,-3.630588,-3.4226565,0.0021062002,10,0.5000267028808594,2.0194839173657902e-28,1.262177448353619e-29,1
1783662722.500363,-34.88042,-33.12753,-49.999237,-3.6305382,-3.4249535,0.00037707807,10,0.5000267028808594,2.0194839173657902e-28,1.262177448353619e-29,1
1783662722.6005404,-35.258797,-33.48586,-49.998493,-3.6305878,-3.4268267,-0.0013034373,10,0.5000267028808594,2.0194839173657902e-28,1.262177448353619e-29,1
1783662722.7004132,-35.60815,-33.816326,-49.99846,-3.6306553,-3.4281702,-0.0024844513,10,0.5000267028808594,2.0194839173657902e-28,1.262177448353619e-29,1
1783662722.8004444,-35.987534,-34.174057,-49.998756,-3.6310909,-3.4294431,-0.002963945,10,0.5000267028808594,2.0194839173657902e-28,1.262177448353619e-29,1
1783662722.9003851,-36.337803,-34.503773,-49.99942,-3.6311193,-3.4299603,-0.0033152641,10,0.5000267028808594,2.0194839173657902e-28,1.262177448353619e-29,1
1783662723.0004408,-36.716892,-34.860435,-50.00085,-3.630225,-3.429787,-0.0031885584,10,0.5000267028808594,2.0194839173657902e-28,1.262177448353619e-29,1
1783662723.1004202,-37.06646,-35.189503,-50.00302,-3.628605,-3.4299934,-0.0024543554,10,0.5000267028808594,2.0194839173657902e-28,1.262177448353619e-29,1
1783662723.2005277,-37.44447,-35.545902,-50.005142,-3.6262066,-3.4308887,-0.0008990024,10,0.5000267028808594,2.0194839173657902e-28,1.262177448353619e-29,1
1783662723.3004212,-37.793083,-35.87537,-50.006756,-3.623523,-3.4321535,0.0011024596,10,0.5000267028808594,2.0194839173657902e-28,1.262177448353619e-29,1
1783662723.4003592,-38.17072,-36.23318,-50.008476,-3.6206656,-3.4345632,0.0029787093,10,0.5000267028808594,2.0194839173657902e-28,1.262177448353619e-29,1
1783662723.5006766,-38.51885,-36.56422,-50.010067,-3.6185138,-3.4375958,0.0047994056,10,0.5000267028808594,2.0194839173657902e-28,1.262177448353619e-29,1
1783662723.6004374,-38.89546,-36.92331,-50.011093,-3.6162682,-3.4409587,0.006596246,10,0.5000267028808594,2.0194839173657902e-28,1.262177448353619e-29,1
1783662723.7005775,-39.243,-37.254456,-50.01201,-3.61496,-3.442942,0.0079239765,10,0.5000267028808594,2.0194839173657902e-28,1.262177448353619e-29,1
1783662723.8007345,-39.619846,-37.61262,-50.0135,-3.6146076,-3.4439712,0.009070599,10,0.5000267028808594,2.0194839173657902e-28,1.262177448353619e-29,1
1783662723.9003823,-39.96742,-37.9431,-50.01524,-3.6144753,-3.4441853,0.010069658,10,0.5000267028808594,2.0194839173657902e-28,1.262177448353619e-29,1
1783662724.0005348,-40.343746,-38.301113,-50.0167,-3.614412,-3.4442725,0.011516324,10,0.5000267028808594,2.0194839173657902e-28,1.262177448353619e-29,1
1783662724.1005154,-40.691204,-38.6323,-50.0174,-3.6147943,-3.4452698,0.013073297,10,0.5000267028808594,2.0194839173657902e-28,1.262177448353619e-29,1
1783662724.2006485,-41.067986,-38.991707,-50.0175,-3.6154358,-3.4467702,0.014347177,10,0.5000267028808594,2.0194839173657902e-28,1.262177448353619e-29,1
1783662724.300403,-41.41622,-39.323895,-50.017616,-3.6163533,-3.4485912,0.015058465,10,0.5000267028808594,2.0194839173657902e-28,1.262177448353619e-29,1
1783662724.4005268,-41.79337,-39.684216,-50.017567,-3.6168175,-3.4502635,0.016011626,10,0.5000267028808594,2.0194839173657902e-28,1.262177448353619e-29,1
1783662724.5004194,-42.140797,-40.016796,-50.01724,-3.61323,-3.4486735,0.017674528,10,0.5000267028808594,2.0194839173657902e-28,1.262177448353619e-29,1
1783662724.6004357,-42.5155,-40.37616,-50.016785,-3.5918725,-3.429757,0.015395549,10,0.5000267028808594,2.0194839173657902e-28,1.262177448353619e-29,1
1783662724.70055,-42.85801,-40.70494,-50.016068,-3.5442016,-3.387448,0.009761187,10,0.5000267028808594,2.0194839173657902e-28,1.262177448353619e-29,1
1783662724.800576,-43.221077,-41.054115,-50.01579,-3.4523797,-3.3179824,-0.00061134895,10,0.5000267028808594,2.0194839173657902e-28,1.262177448353619e-29,1
1783662724.9006746,-43.544224,-41.367916,-50.016506,-3.324338,-3.2394066,-0.012623003,10,0.5000267028808594,2.0194839173657902e-28,1.262177448353619e-29,1
1783662725.000462,-43.87553,-41.69746,-50.018547,-3.1346924,-3.1446502,-0.027414087,10,0.5000267028808594,2.0194839173657902e-28,1.262177448353619e-29,1
1783662725.1003966,-44.158928,-41.9907,-50.021297,-2.9114168,-3.0509112,-0.04144355,10,0.5000267028808594,2.0194839173657902e-28,1.262177448353619e-29,1
1783662725.2004657,-44.436512,-42.295597,-50.02527,-2.6212366,-2.9439826,-0.045290705,10,0.5000267028808594,2.0194839173657902e-28,1.262177448353619e-29,1
1783662725.300415,-44.661064,-42.565002,-50.029156,-2.317856,-2.8410506,-0.035099648,10,0.5000267028808594,2.0194839173657902e-28,1.262177448353619e-29,1
1783662725.4005063,-44.86594,-42.84345,-50.032578,-1.9636005,-2.7244647,-0.0194804,10,0.5000267028808594,2.0194839173657902e-28,1.262177448353619e-29,1
1783662725.5006485,-45.018845,-43.088043,-50.034603,-1.6246161,-2.6112761,-0.0053500957,10,0.5000267028808594,2.0194839173657902e-28,1.262177448353619e-29,1
1783662725.6003897,-45.145527,-43.33914,-50.03498,-1.2536207,-2.482712,0.0068046283,10,0.5000267028808594,2.0194839173657902e-28,1.262177448353619e-29,1
1783662725.700467,-45.226837,-43.558277,-50.03422,-0.91338533,-2.359632,0.014008334,10,0.5000267028808594,2.0194839173657902e-28,1.262177448353619e-29,1
1783662725.8004427,-45.278545,-43.782692,-50.033253,-0.55145395,-2.2240033,0.017418118,10,0.5000267028808594,2.0194839173657902e-28,1.262177448353619e-29,1
1783662725.90047,-45.29366,-43.977024,-50.03215,-0.22614917,-2.096597,0.017923398,10,0.5000267028808594,2.0194839173657902e-28,1.262177448353619e-29,1
1783662726.0003648,-45.27593,-44.17347,-50.031094,0.116877176,-1.956312,0.01654486,10,0.5000267028808594,2.0194839173657902e-28,1.262177448353619e-29,1
1783662726.1005096,-45.229675,-44.341877,-50.029835,0.42336148,-1.8249604,0.017220752,10,0.5000267028808594,2.0194839173657902e-28,1.262177448353619e-29,1
1783662726.200567,-45.14855,-44.50982,-50.027798,0.7431813,-1.6802791,0.01914151,10,0.5000267028808594,2.0194839173657902e-28,1.262177448353619e-29,1
1783662726.3004856,-45.046818,-44.65106,-50.025826,1.0254239,-1.5436403,0.019769022,10,0.5000267028808594,2.0194839173657902e-28,1.262177448353619e-29,1
1783662726.400573,-44.909973,-44.788647,-50.02425,1.3147295,-1.3927634,0.018139515,10,0.5000267028808594,2.0194839173657902e-28,1.262177448353619e-29,1
1783662726.500386,-44.76043,-44.902176,-50.023895,1.5675416,-1.2517087,0.014603293,10,0.5000267028808594,2.0194839173657902e-28,1.262177448353619e-29,1
1783662726.6005332,-44.574654,-45.01069,-50.0251,1.827074,-1.0971358,0.009650976,10,0.5000267028808594,2.0194839173657902e-28,1.262177448353619e-29,1
1783662726.7005188,-44.38233,-45.09594,-50.02771,2.0554378,-0.95128417,0.004842849,10,0.5000267028808594,2.0194839173657902e-28,1.262177448353619e-29,1
1783662726.800478,-44.1523,-45.172108,-50.031025,2.294359,-0.78892326,0.0006936873,10,0.5000267028808594,2.0194839173657902e-28,1.262177448353619e-29,1
1783662726.900548,-43.920555,-45.22777,-50.03387,2.5100389,-0.63475764,-0.0030727237,10,0.5000267028808594,2.0194839173657902e-28,1.262177448353619e-29,1
1783662727.0005374,-43.648315,-45.2724,-50.037365,2.741595,-0.4620515,-0.007380617,10,0.5000267028808594,2.0194839173657902e-28,1.262177448353619e-29,1
1783662727.1005213,-43.376682,-45.298653,-50.040882,2.9560795,-0.29589579,-0.011408693,10,0.5000267028808594,2.0194839173657902e-28,1.262177448353619e-29,1
1783662727.2004967,-43.059944,-45.310043,-50.04462,3.1907299,-0.10562066,-0.015983311,10,0.5000267028808594,2.0194839173657902e-28,1.262177448353619e-29,1
1783662727.300478,-42.746067,-45.303596,-50.04745,3.408059,0.08233854,-0.013741124,10,0.5000267028808594,2.0194839173657902e-28,1.262177448353619e-29,1
1783662727.400828,-42.3837,-45.27554,-50.0498,3.6385982,0.3021645,-0.005742429,10,0.5000267028808594,2.0194839173657902e-28,1.262177448353619e-29,1
1783662727.5010457,-42.028957,-45.227646,-50.05131,3.8438425,0.5141972,0.0071836854,10,0.5000267028808594,2.0194839173657902e-28,1.262177448353619e-29,1
1783662727.600693,-41.623634,-45.151814,-50.051426,4.055736,0.7380467,0.032336824,10,0.5000267028808594,2.0194839173657902e-28,1.262177448353619e-29,1
1783662727.7004786,-41.231087,-45.06155,-50.050156,4.238704,0.92437,0.053594645,10,0.5000267028808594,2.0194839173657902e-28,1.262177448353619e-29,1
1783662727.8005214,-40.7872,-44.94573,-50.046993,4.4182873,1.0895604,0.068194866,10,0.5000267028808594,2.0194839173657902e-28,1.262177448353619e-29,1
1783662727.9014463,-40.362865,-44.8274,-50.043266,4.5619264,1.1993673,0.07345259,10,0.5000267028808594,2.0194839173657902e-28,1.262177448353619e-29,1
1783662728.0004063,-39.890392,-44.692356,-50.039486,4.6892,1.2682154,0.07190974,10,0.5000267028808594,2.0194839173657902e-28,1.262177448353619e-29,1
1783662728.1003802,-39.444916,-44.566628,-50.03677,4.777731,1.2834016,0.065841824,10,0.5000267028808594,2.0194839173657902e-28,1.262177448353619e-29,1
1783662728.2004356,-38.95543,-44.435955,-50.035072,4.8399596,1.2477338,0.055955954,10,0.5000267028808594,2.0194839173657902e-28,1.262177448353619e-29,1
1783662728.3008924,-38.500835,-44.32542,-50.03477,4.865195,1.169824,0.05160357,10,0.5000267028808594,2.0194839173657902e-28,1.262177448353619e-29,1
1783662728.4008,-38.00887,-44.221043,-50.034714,4.8653383,1.0519749,0.056434873,10,0.5000267028808594,2.0194839173657902e-28,1.262177448353619e-29,1
1783662728.501738,-37.558308,-44.1406,-50.03423,4.8501267,0.9361444,0.060884044,10,0.5000267028808594,2.0194839173657902e-28,1.262177448353619e-29,1
1783662728.6005738,-37.074703,-44.069378,-50.03329,4.8259172,0.8215723,0.062734105,10,0.5000267028808594,2.0194839173657902e-28,1.262177448353619e-29,1
1783662728.7008574,-36.631855,-44.01534,-50.032177,4.8014107,0.73474395,0.061725408,10,0.5000267028808594,2.0194839173657902e-28,1.262177448353619e-29,1
1783662728.800768,-36.15564,-43.966534,-50.03104,4.775091,0.6643279,0.058619045,10,0.5000267028808594,2.0194839173657902e-28,1.262177448353619e-29,1
1783662728.9007516,-35.718323,-43.926083,-50.030148,4.7531757,0.62222576,0.05508757,10,0.5000267028808594,2.0194839173657902e-28,1.262177448353619e-29,1
1783662729.000456,-35.246456,-43.883335,-50.02954,4.732717,0.6003699,0.051266227,10,0.5000267028808594,2.0194839173657902e-28,1.262177448353619e-29,1
1783662729.100619,-34.812435,-43.842262,-50.029366,4.716884,0.5993923,0.047734246,10,0.5000267028808594,2.0194839173657902e-28,1.262177448353619e-29,1
1783662729.2005563,-34.342815,-43.793682,-50.029583,4.7044344,0.6160461,0.044424597,10,0.5000267028808594,2.0194839173657902e-28,1.262177448353619e-29,1
1783662729.300399,-33.909374,-43.74362,-50.02979,4.697891,0.644522,0.04231316,10,0.5000267028808594,2.0194839173657902e-28,1.262177448353619e-29,1
1783662729.4005086,-33.43819,-43.682434,-50.02969,4.6966724,0.6857458,0.04114476,10,0.5000267028808594,2.0194839173657902e-28,1.262177448353619e-29,1
1783662729.5004373,-33.00165,-43.619347,-50.02866,4.699779,0.72942364,0.040570725,10,0.5000267028808594,2.0194839173657902e-28,1.262177448353619e-29,1
1783662729.6003947,-32.527424,-43.543175,-50.026836,4.705621,0.7803863,0.03975584,10,0.5000267028808594,2.0194839173657902e-28,1.262177448353619e-29,1
1783662729.7006228,-32.087807,-43.465775,-50.024487,4.712375,0.82799953,0.038974673,10,0.5000267028808594,2.0194839173657902e-28,1.262177448353619e-29,1
1783662729.800529,-31.60925,-43.375774,-50.021763,4.719889,0.876851,0.037309006,10,0.5000267028808594,2.0194839173657902e-28,1.262177448353619e-29,1
1783662729.9004107,-31.165173,-43.28739,-50.018444,4.72597,0.91780734,0.03550811,10,0.5000267028808594,2.0194839173657902e-28,1.262177448353619e-29,1
1783662730.0004277,-30.682137,-43.186977,-50.014393,4.7300897,0.9560822,0.032176744,10,0.5000267028808594,2.0194839173657902e-28,1.262177448353619e-29,1
1783662730.1006675,-30.235083,-43.091022,-50.010635,4.7313366,0.98581654,0.028521372,10,0.5000267028808594,2.0194839173657902e-28,1.262177448353619e-29,1
1783662730.200409,-29.749395,-42.98379,-50.006226,4.7309294,1.0128057,0.023621403,10,0.5000267028808594,2.0194839173657902e-28,1.262177448353619e-29,1
1783662730.3004436,-29.300488,-42.88233,-50.002502,4.729685,1.0338274,0.018786829,10,0.5000267028808594,2.0194839173657902e-28,1.262177448353619e-29,1
1783662730.4005938,-28.813198,-42.770374,-49.999775,4.72857,1.0532097,0.013647825,10,0.5000267028808594,2.0194839173657902e-28,1.262177448353619e-29,1
1783662730.5005178,-28.362028,-42.665955,-49.99842,4.72839,1.0681616,0.0099396035,10,0.5000267028808594,2.0194839173657902e-28,1.262177448353619e-29,1
1783662730.600519,-27.87199,-42.552055,-49.998234,4.729079,1.0814536,0.0068714013,10,0.5000267028808594,2.0194839173657902e-28,1.262177448353619e-29,1
1783662730.7005637,-27.418232,-42.44634,-49.999004,4.730274,1.091132,0.0051854467,10,0.5000267028808594,2.0194839173657902e-28,1.262177448353619e-29,1
1783662730.800941,-26.92552,-42.331856,-50.00014,4.7322273,1.0983753,0.0049936175,10,0.5000267028808594,2.0194839173657902e-28,1.262177448353619e-29,1
1783662730.900398,-26.469324,-42.226414,-50.00121,4.734388,1.1021459,0.0051024356,10,0.5000267028808594,2.0194839173657902e-28,1.262177448353619e-29,1
1783662731.0006473,-25.973461,-42.112015,-50.00166,4.7372932,1.1043376,0.005795507,10,0.5000267028808594,2.0194839173657902e-28,1.262177448353619e-29,1
1783662731.100446,-25.515257,-42.006416,-50.001568,4.740173,1.1049194,0.0059936414,10,0.5000267028808594,2.0194839173657902e-28,1.262177448353619e-29,1
1783662731.2004633,-25.017801,-41.89217,-50.001373,4.7441454,1.1040002,0.0057852613,10,0.5000267028808594,2.0194839173657902e-28,1.262177448353619e-29,1
1783662731.3004706,-24.557716,-41.786556,-50.001095,4.748181,1.1025645,0.0052090087,10,0.5000267028808594,2.0194839173657902e-28,1.262177448353619e-29,1
1783662731.4005826,-24.0586,-41.67173,-50.0001,4.75291,1.1010225,0.004984201,10,0.5000267028808594,2.0194839173657902e-28,1.262177448353619e-29,1
1783662731.5003958,-23.59775,-41.5659,-49.99922,4.756926,1.0991241,0.004092861,10,0.5000267028808594,2.0194839173657902e-28,1.262177448353619e-29,1
1783662731.6005023,-23.098162,-41.451958,-49.998547,4.760967,1.0960875,0.0027452095,10,0.5000267028808594,2.0194839173657902e-28,1.262177448353619e-29,1
1783662731.700445,-22.636314,-41.347404,-49.99821,4.7651386,1.0933404,0.0017660323,10,0.5000267028808594,2.0194839173657902e-28,1.262177448353619e-29,1
1783662731.8004124,-22.134783,-41.234383,-49.998085,4.769824,1.0904541,0.0008114081,10,0.5000267028808594,2.0194839173657902e-28,1.262177448353619e-29,1
1783662731.9004078,-21.671303,-41.13043,-49.998108,4.773989,1.0878713,0.00037223072,10,0.5000267028808594,2.0194839173657902e-28,1.262177448353619e-29,1
1783662732.0006402,-21.16835,-41.01802,-49.998302,4.7789555,1.0858157,-0.00015497237,10,0.5000267028808594,2.0194839173657902e-28,1.262177448353619e-29,1
1783662732.100567,-20.703339,-40.91404,-49.998642,4.78329,1.0847615,-0.00013489038,10,0.5000267028808594,2.0194839173657902e-28,1.262177448353619e-29,1
1783662732.20051,-20.199036,-40.80094,-49.999397,4.787772,1.0846801,-0.00018188664,10,0.5000267028808594,2.0194839173657902e-28,1.262177448353619e-29,1
1783662732.300392,-19.733139,-40.69568,-49.999893,4.791493,1.0858345,0.00046052856,10,0.5000267028808594,2.0194839173657902e-28,1.262177448353619e-29,1
1783662732.400526,-19.228052,-40.580685,-49.999725,4.7951736,1.0879455,0.00081494317,10,0.5000267028808594,2.0194839173657902e-28,1.262177448353619e-29,1
1783662732.500431,-18.761127,-40.473965,-49.999443,4.7984743,1.0901275,0.0007029022,10,0.5000267028808594,2.0194839173657902e-28,1.262177448353619e-29,1
1783662732.6004028,-18.254105,-40.358456,-49.999092,4.8027596,1.0915378,0.0005369864,10,0.5000267028808594,2.0194839173657902e-28,1.262177448353619e-29,1
1783662732.700574,-17.785116,-40.251987,-49.99895,4.80701,1.0921775,-8.004621e-05,10,0.5000267028808594,2.0194839173657902e-28,1.262177448353619e-29,1
1783662732.800522,-17.276424,-40.136192,-49.999187,4.8118434,1.0927715,-0.0006818478,10,0.5000267028808594,2.0194839173657902e-28,1.262177448353619e-29,1
1783662732.90058,-16.80662,-40.02846,-49.99944,4.815613,1.0935469,-0.0008465794,10,0.5000267028808594,2.0194839173657902e-28,1.262177448353619e-29,1
1783662733.0005648,-16.297117,-39.911247,-49.99976,4.819688,1.0941653,-0.0007552756,10,0.5000267028808594,2.0194839173657902e-28,1.262177448353619e-29,1
1783662733.100548,-15.826024,-39.803223,-50.000336,4.8234243,1.0938396,-0.0006429877,10,0.5000267028808594,2.0194839173657902e-28,1.262177448353619e-29,1
1783662733.200528,-15.315676,-39.68736,-50.00128,4.826745,1.0923692,-0.0003784979,10,0.5000267028808594,2.0194839173657902e-28,1.262177448353619e-29,1
1783662733.3005614,-14.844254,-39.58094,-50.00274,4.8293023,1.0902114,0.00028238806,10,0.5000267028808594,2.0194839173657902e-28,1.262177448353619e-29,1
1783662733.4004495,-14.3334675,-39.46608,-50.004425,4.831138,1.0871788,0.001499136,10,0.5000267028808594,2.0194839173657902e-28,1.262177448353619e-29,1
1783662733.5005648,-13.862567,-39.359905,-50.005726,4.831563,1.0850126,0.002799635,10,0.5000267028808594,2.0194839173657902e-28,1.262177448353619e-29,1
1783662733.600638,-13.352704,-39.24446,-50.006954,4.8314357,1.0833372,0.0040509813,10,0.5000267028808594,2.0194839173657902e-28,1.262177448353619e-29,1
1783662733.7006335,-12.882335,-39.13774,-50.00802,4.8306537,1.0824125,0.005007565,10,0.5000267028808594,2.0194839173657902e-28,1.262177448353619e-29,1
1783662733.800602,-12.37278,-39.02244,-50.00905,4.82982,1.0809625,0.0059200954,10,0.5000267028808594,2.0194839173657902e-28,1.262177448353619e-29,1
1783662733.9005513,-11.902215,-38.916744,-50.009712,4.8291755,1.0793093,0.0067740185,10,0.5000267028808594,2.0194839173657902e-28,1.262177448353619e-29,1
1783662734.0003889,-11.392306,-38.802692,-50.010357,4.8288383,1.0771104,0.007904814,10,0.5000267028808594,2.0194839173657902e-28,1.262177448353619e-29,1
1783662734.100397,-10.921985,-38.69739,-50.010883,4.82839,1.0751327,0.008853925,10,0.5000267028808594,2.0194839173657902e-28,1.262177448353619e-29,1
1783662734.2005112,-10.412941,-38.583168,-50.01137,4.8273487,1.0735708,0.009506232,10,0.5000267028808594,2.0194839173657902e-28,1.262177448353619e-29,1
1783662734.300477,-9.9433565,-38.47749,-50.011612,4.8266077,1.0725822,0.009795447,10,0.5000267028808594,2.0194839173657902e-28,1.262177448353619e-29,1
1783662734.4004595,-9.434887,-38.362144,-50.011246,4.826015,1.0726169,0.010177765,10,0.5000267028808594,2.0194839173657902e-28,1.262177448353619e-29,1
1783662734.5005286,-8.965843,-38.25577,-50.01082,4.825506,1.0726035,0.010221993,10,0.5000267028808594,2.0194839173657902e-28,1.262177448353619e-29,1
1783662734.6004832,-8.457717,-38.140987,-50.010612,4.8252544,1.0721633,0.009660885,10,0.5000267028808594,2.0194839173657902e-28,1.262177448353619e-29,1
1783662734.7003644,-7.9887037,-38.0357,-50.0103,4.824954,1.0710185,0.0094347205,10,0.5000267028808594,2.0194839173657902e-28,1.262177448353619e-29,1
1783662734.8006353,-7.480589,-37.922554,-50.009518,4.825088,1.0692155,0.008847962,10,0.5000267028808594,2.0194839173657902e-28,1.262177448353619e-29,1
1783662734.9003475,-7.0118074,-37.818336,-50.00843,4.8252425,1.0675143,0.008478558,10,0.5000267028808594,2.0194839173657902e-28,1.262177448353619e-29,1
1783662735.0005112,-6.5046835,-37.706116,-50.006763,4.825415,1.0652765,0.0074476493,10,0.5000267028808594,2.0194839173657902e-28,1.262177448353619e-29,1
1783662735.1005056,-6.036856,-37.602943,-50.004807,4.825504,1.0636752,0.006238811,10,0.5000267028808594,2.0194839173657902e-28,1.262177448353619e-29,1
1783662735.2005064,-5.5294333,-37.491108,-50.0023,4.826085,1.0626767,0.0042321878,10,0.5000267028808594,2.0194839173657902e-28,1.262177448353619e-29,1
1783662735.3005593,-5.0605397,-37.38766,-50.000114,4.8273187,1.0623512,0.00217154,10,0.5000267028808594,2.0194839173657902e-28,1.262177448353619e-29,1
1783662735.400467,-4.551938,-37.275726,-49.997738,4.829161,1.0623038,-0.00026395684,10,0.5000267028808594,2.0194839173657902e-28,1.262177448353619e-29,1
1783662735.5002906,-4.081825,-37.172493,-49.995018,4.8312373,1.062569,-0.0026361204,10,0.5000267028808594,2.0194839173657902e-28,1.262177448353619e-29,1
1783662735.6004877,-3.572747,-37.060467,-49.992195,4.8331094,1.0630841,-0.0055097137,10,0.5000267028808594,2.0194839173657902e-28,1.262177448353619e-29,1
1783662735.7005193,-3.102664,-36.956978,-49.98986,4.834852,1.0635501,-0.008175977,10,0.5000267028808594,2.0194839173657902e-28,1.262177448353619e-29,1
1783662735.8008492,-2.593388,-36.844917,-49.987904,4.836103,1.064094,-0.011059768,10,0.5000267028808594,2.0194839173657902e-28,1.262177448353619e-29,1
1783662735.9004593,-2.1239617,-36.741547,-49.987453,4.836776,1.0647651,-0.013653661,10,0.5000267028808594,2.0194839173657902e-28,1.262177448353619e-29,1
1783662736.0005147,-1.6157652,-36.629967,-49.98812,4.836739,1.0653362,-0.015181165,10,0.5000267028808594,2.0194839173657902e-28,1.262177448353619e-29,1
1783662736.1004038,-1.1467406,-36.52738,-49.988815,4.8367777,1.0654249,-0.015471955,10,0.5000267028808594,2.0194839173657902e-28,1.262177448353619e-29,1
1783662736.2006285,-0.6390671,-36.41668,-49.989964,4.836415,1.0653118,-0.015192777,10,0.5000267028808594,2.0194839173657902e-28,1.262177448353619e-29,1
1783662736.300555,-0.17134406,-36.31451,-49.990932,4.835288,1.0651788,-0.014528243,10,0.5000267028808594,2.0194839173657902e-28,1.262177448353619e-29,1
1783662736.4004138,0.3339382,-36.20342,-49.99145,4.8335505,1.065814,-0.013367526,10,0.5000267028808594,2.0194839173657902e-28,1.262177448353619e-29,1
1783662736.5004666,0.7993506,-36.100555,-49.991634,4.8314886,1.0666851,-0.012756008,10,0.5000267028808594,2.0194839173657902e-28,1.262177448353619e-29,1
1783662736.6004417,1.302754,-35.988373,-49.99225,4.829494,1.068305,-0.013174659,10,0.5000267028808594,2.0194839173657902e-28,1.262177448353619e-29,1
1783662736.700465,1.7670853,-35.88428,-49.993355,4.829909,1.067666,-0.015315758,10,0.5000267028808594,2.0194839173657902e-28,1.262177448353619e-29,1
1783662736.8005795,2.271046,-35.772232,-49.994854,4.8363094,1.0514481,-0.020243175,10,0.5000267028808594,2.0194839173657902e-28,1.262177448353619e-29,1
1783662736.900559,2.7371194,-35.67207,-49.996784,4.847206,1.0070369,-0.028870625,10,0.5000267028808594,2.0194839173657902e-28,1.262177448353619e-29,1
1783662737.0006225,3.2437854,-35.57196,-50.000507,4.8627796,0.91445357,-0.04048427,10,0.5000267028808594,2.0194839173657902e-28,1.262177448353619e-29,1
1783662737.1006684,3.714119,-35.49243,-50.005596,4.8771486,0.78179026,-0.051229972,10,0.5000267028808594,2.0194839173657902e-28,1.262177448353619e-29,1
1783662737.200566,4.225962,-35.42634,-50.01338,4.885595,0.58414346,-0.062793545,10,0.5000267028808594,2.0194839173657902e-28,1.262177448353619e-29,1
1783662737.3004441,4.6994557,-35.38918,-50.022358,4.8821726,0.35293314,-0.07193341,10,0.5000267028808594,2.0194839173657902e-28,1.262177448353619e-29,1
1783662737.4004385,5.21084,-35.380127,-50.032722,4.8631945,0.0554893,-0.06783659,10,0.5000267028808594,2.0194839173657902e-28,1.262177448353619e-29,1
1783662737.5005302,5.6799083,-35.405014,-50.040607,4.831115,-0.25331795,-0.04919214,10,0.5000267028808594,2.0194839173657902e-28,1.262177448353619e-29,1
1783662737.6005425,6.1838727,-35.471203,-50.04626,4.781188,-0.61174524,-0.025214626,10,0.5000267028808594,2.0194839173657902e-28,1.262177448353619e-29,1
1783662737.7004492,6.6430364,-35.568752,-50.048702,4.720931,-0.9519906,-0.0053286063,10,0.5000267028808594,2.0194839173657902e-28,1.262177448353619e-29,1
1783662737.800552,7.132128,-35.714058,-50.049076,4.6408305,-1.3217392,0.011061484,10,0.5000267028808594,2.0194839173657902e-28,1.262177448353619e-29,1
1783662737.9005103,7.5745444,-35.88326,-50.047962,4.5540943,-1.6571912,0.02151375,10,0.5000267028808594,2.0194839173657902e-28,1.262177448353619e-29,1
1783662738.0005252,8.042861,-36.103,-50.045296,4.4483805,-2.007242,0.035056513,10,0.5000267028808594,2.0194839173657902e-28,1.262177448353619e-29,1
1783662738.100554,8.4641,-36.337475,-50.041267,4.3405795,-2.3126965,0.047835506,10,0.5000267028808594,2.0194839173657902e-28,1.262177448353619e-29,1
1783662738.2005713,8.9073,-36.621788,-50.035206,4.214256,-2.61647,0.057025682,10,0.5000267028808594,2.0194839173657902e-28,1.262177448353619e-29,1
1783662738.3005302,9.303889,-36.908886,-50.029083,4.0905495,-2.867055,0.06017652,10,0.5000267028808594,2.0194839173657902e-28,1.262177448353619e-29,1
1783662738.40043,9.720021,-37.242073,-50.02267,3.95105,-3.1025524,0.058474183,10,0.5000267028808594,2.0194839173657902e-28,1.262177448353619e-29,1
1783662738.5005438,10.090795,-37.566074,-50.017605,3.8175814,-3.2861211,0.05421833,10,0.5000267028808594,2.0194839173657902e-28,1.262177448353619e-29,1
1783662738.6005056,10.477779,-37.931034,-50.012703,3.669968,-3.4482377,0.048969187,10,0.5000267028808594,2.0194839173657902e-28,1.262177448353619e-29,1
1783662738.70054,10.821373,-38.277042,-50.00875,3.5364928,-3.566429,0.045189105,10,0.5000267028808594,2.0194839173657902e-28,1.262177448353619e-29,1
1783662738.8004231,11.180078,-38.6577,-50.00538,3.4065244,-3.6636105,0.03981148,10,0.5000267028808594,2.0194839173657902e-28,1.262177448353619e-29,1
1783662738.9004774,11.501422,-39.01283,-50.002644,3.3084068,-3.729437,0.030849345,10,0.5000267028808594,2.0194839173657902e-28,1.262177448353619e-29,1
1783662739.0005255,11.841307,-39.39951,-50.000435,3.2220001,-3.7836306,0.0162479,10,0.5000267028808594,2.0194839173657902e-28,1.262177448353619e-29,1
1783662739.1005216,12.148698,-39.75779,-49.99991,3.141492,-3.8304868,0.0008708267,10,0.5000267028808594,2.0194839173657902e-28,1.262177448353619e-29,1
1783662739.2005703,12.472458,-40.149185,-50.00074,3.032923,-3.8853164,-0.0075176144,10,0.5000267028808594,2.0194839173657902e-28,1.262177448353619e-29,1
1783662739.3004174,12.760155,-40.514626,-50.001987,2.91601,-3.944561,-0.005325881,10,0.5000267028808594,2.0194839173657902e-28,1.262177448353619e-29,1
1783662739.4004064,13.05908,-40.917088,-50.00223,2.790212,-4.0196576,0.003207663,10,0.5000267028808594,2.0194839173657902e-28,1.262177448353619e-29,1
1783662739.5007188,13.32419,-41.295692,-50.00128,2.6897726,-4.091945,0.011703596,10,0.5000267028808594,2.0194839173657902e-28,1.262177448353619e-29,1
1783662739.600359,13.602943,-41.713654,-49.99979,2.6120534,-4.1598606,0.013907914,10,0.5000267028808594,2.0194839173657902e-28,1.262177448353619e-29,1
1783662739.7003915,13.856189,-42.105118,-49.998993,2.577974,-4.20007,0.009832131,10,0.5000267028808594,2.0194839173657902e-28,1.262177448353619e-29,1
1783662739.8004212,14.130554,-42.53218,-49.999134,2.580505,-4.213989,0.00575427,10,0.5000267028808594,2.0194839173657902e-28,1.262177448353619e-29,1
1783662739.9005623,14.3872595,-42.925945,-49.99924,2.6054075,-4.2097664,0.0048667723,10,0.5000267028808594,2.0194839173657902e-28,1.262177448353619e-29,1
1783662740.0005517,14.67046,-43.35042,-49.998642,2.6417031,-4.1976256,0.005434234,10,0.5000267028808594,2.0194839173657902e-28,1.262177448353619e-29,1
1783662740.1009545,14.914248,-43.707626,-49.997593,2.6725883,-4.1854844,0.005325178,10,0.5000267028808594,2.0194839173657902e-28,1.262177448353619e-29,1
1783662740.200877,15.22901,-44.16013,-49.996044,2.7066169,-4.170905,0.0043193777,10,0.5000267028808594,2.0194839173657902e-28,1.262177448353619e-29,1
1783662740.3006268,15.50097,-44.546707,-49.995213,2.7287555,-4.160558,0.0029543396,10,0.5000267028808594,2.0194839173657902e-28,1.262177448353619e-29,1
1783662740.400794,15.796692,-44.963844,-49.99471,2.7449625,-4.151433,0.0012282691,10,0.5000267028808594,2.0194839173657902e-28,1.262177448353619e-29,1
1783662740.5006492,16.069622,-45.348267,-49.994503,2.7524323,-4.14526,-6.001772e-05,10,0.5000267028808594,2.0194839173657902e-28,1.262177448353619e-29,1
1783662740.600523,16.364614,-45.764305,-49.99443,2.7538087,-4.1418257,-0.0010757891,10,0.5000267028808594,2.0194839173657902e-28,1.262177448353619e-29,1
1783662740.7006552,16.635742,-46.14882,-49.994205,2.7497797,-4.1421194,-0.001272305,10,0.5000267028808594,2.0194839173657902e-28,1.262177448353619e-29,1
1783662740.800523,16.93834,-46.582935,-49.99429,2.7401705,-4.1459837,-0.001993461,10,0.5000267028808594,2.0194839173657902e-28,1.262177448353619e-29,1
1783662740.900423,17.205177,-46.969173,-49.99475,2.7290375,-4.151524,-0.0019890754,10,0.5000267028808594,2.0194839173657902e-28,1.262177448353619e-29,1
1783662741.0022426,17.491697,-47.388992,-49.995068,2.7144144,-4.1590767,-0.0019265183,10,0.5000267028808594,2.0194839173657902e-28,1.262177448353619e-29,1
1783662741.1004686,17.753029,-47.778313,-49.995117,2.6998918,-4.167085,-0.00177787,10,0.5000267028808594,2.0194839173657902e-28,1.262177448353619e-29,1
1783662741.2004952,18.033081,-48.201904,-49.99529,2.68412,-4.176286,-0.0020298173,10,0.5000267028808594,2.0194839173657902e-28,1.262177448353619e-29,1
1783662741.3005366,18.288763,-48.594875,-49.995537,2.6701071,-4.1851764,-0.0023640406,10,0.5000267028808594,2.0194839173657902e-28,1.262177448353619e-29,1
1783662741.4003887,18.562944,-49.023136,-49.995377,2.655988,-4.1949577,-0.002125177,10,0.5000267028808594,2.0194839173657902e-28,1.262177448353619e-29,1
1783662741.5003853,18.813702,-49.420303,-49.99482,2.6447446,-4.203615,-0.0022810192,10,0.5000267028808594,2.0194839173657902e-28,1.262177448353619e-29,1
1783662741.6004596,19.083406,-49.851868,-49.993866,2.6349185,-4.2113757,-0.0025805999,10,0.5000267028808594,2.0194839173657902e-28,1.262177448353619e-29,1
1783662741.7005048,19.331156,-50.251884,-49.99331,2.628279,-4.2177067,-0.003624365,10,0.5000267028808594,2.0194839173657902e-28,1.262177448353619e-29,1
1783662741.8004823,19.598658,-50.68712,-49.99344,2.6240933,-4.2233276,-0.004531987,10,0.5000267028808594,2.0194839173657902e-28,1.262177448353619e-29,1
1783662741.9003742,19.844906,-51.09106,-49.99418,2.6227722,-4.228494,-0.0051265317,10,0.5000267028808594,2.0194839173657902e-28,1.262177448353619e-29,1
1783662742.0003643,20.111507,-51.530468,-49.995544,2.623601,-4.2333603,-0.0049015502,10,0.5000267028808594,2.0194839173657902e-28,1.262177448353619e-29,1
1783662742.100349,20.3581,-51.93671,-49.997147,2.626727,-4.236276,-0.0042679817,10,0.5000267028808594,2.0194839173657902e-28,1.262177448353619e-29,1
1783662742.2003214,20.62638,-52.37671,-49.999023,2.6325216,-4.2371254,-0.0031118211,10,0.5000267028808594,2.0194839173657902e-28,1.262177448353619e-29,1
1783662742.3005812,20.875057,-52.78273,-50.00099,2.639878,-4.236199,-0.0017899451,10,0.5000267028808594,2.0194839173657902e-28,1.262177448353619e-29,1
1783662742.400574,21.145256,-53.222523,-50.002678,2.6489208,-4.2342305,5.590719e-05,10,0.5000267028808594,2.0194839173657902e-28,1.262177448353619e-29,1
1783662742.5005188,21.374216,-53.59482,-50.003754,2.656834,-4.2317533,0.0019387539,10,0.5000267028808594,2.0194839173657902e-28,1.262177448353619e-29,1
1783662742.600406,21.624489,-54.000957,-50.004784,2.665974,-4.2289014,0.0032673024,10,0.5000267028808594,2.0194839173657902e-28,1.262177448353619e-29,1
1783662742.700487,21.896534,-54.441,-50.005665,2.6761286,-4.2256,0.00446247,10,0.5000267028808594,2.0194839173657902e-28,1.262177448353619e-29,1
1783662742.8004863,22.169577,-54.88069,-50.006573,2.6862745,-4.22181,0.005630399,10,0.5000267028808594,2.0194839173657902e-28,1.262177448353619e-29,1
1783662742.9017992,22.42237,-55.28563,-50.007874,2.6954865,-4.2175484,0.0062307892,10,0.5000267028808594,2.0194839173657902e-28,1.262177448353619e-29,1
1783662743.0004237,22.676098,-55.689854,-50.00933,2.7047558,-4.212865,0.006727055,10,0.5000267028808594,2.0194839173657902e-28,1.262177448353619e-29,1
1783662743.100408,22.951853,-56.126472,-50.01061,2.7149923,-4.2070937,0.008166592,10,0.5000267028808594,2.0194839173657902e-28,1.262177448353619e-29,1
1783662743.2005014,23.206757,-56.527985,-50.01132,2.7241693,-4.2007494,0.009309376,10,0.5000267028808594,2.0194839173657902e-28,1.262177448353619e-29,1
1783662743.3005126,23.483286,-56.961815,-50.01105,2.733189,-4.193675,0.010150696,10,0.5000267028808594,2.0194839173657902e-28,1.262177448353619e-29,1
1783662743.400788,23.73865,-57.36156,-50.009895,2.740301,-4.187689,0.010572642,10,0.5000267028808594,2.0194839173657902e-28,1.262177448353619e-29,1
1783662743.500433,24.015688,-57.79425,-50.008183,2.747468,-4.1822996,0.009715932,10,0.5000267028808594,2.0194839173657902e-28,1.262177448353619e-29,1
1783662743.600436,24.272371,-58.193176,-50.006508,2.754579,-4.178644,0.008200537,10,0.5000267028808594,2.0194839173657902e-28,1.262177448353619e-29,1
1783662743.7009082,24.551428,-58.625065,-50.004803,2.7622476,-4.175518,0.006644413,10,0.5000267028808594,2.0194839173657902e-28,1.262177448353619e-29,1
1783662743.8005083,24.81004,-59.023663,-50.00304,2.7691333,-4.173673,0.004565149,10,0.5000267028808594,2.0194839173657902e-28,1.262177448353619e-29,1
1783662743.9004793,25.091106,-59.45531,-50.001884,2.7760663,-4.1722765,0.0022397884,10,0.5000267028808594,2.0194839173657902e-28,1.262177448353619e-29,1
1783662744.0005755,25.350847,-59.853676,-50.00182,2.7813082,-4.1713734,0.00044534603,10,0.5000267028808594,2.0194839173657902e-28,1.262177448353619e-29,1
1783662744.1004841,25.63287,-60.28592,-50.00241,2.7865195,-4.171418,-0.00043025034,10,0.5000267028808594,2.0194839173657902e-28,1.262177448353619e-29,1
1783662744.2007897,25.89361,-60.685703,-50.002846,2.7906935,-4.172597,-0.00021882093,10,0.5000267028808594,2.0194839173657902e-28,1.262177448353619e-29,1
1783662744.3006055,26.176767,-61.119534,-50.003242,2.7948835,-4.1748166,0.00013494589,10,0.5000267028808594,2.0194839173657902e-28,1.262177448353619e-29,1
1783662744.4004548,26.43917,-61.520412,-50.00407,2.7987468,-4.177264,0.0005647992,10,0.5000267028808594,2.0194839173657902e-28,1.262177448353619e-29,1
1783662744.5004892,26.72481,-61.955288,-50.00548,2.803051,-4.1799636,0.0010001488,10,0.5000267028808594,2.0194839173657902e-28,1.262177448353619e-29,1
1783662745.6534245,26.768875,-62.022285,-50.00574,2.8037038,-4.180494,0.0009731817,10,0.5000267028808594,2.0194839173657902e-28,1.262177448353619e-29,1
1783662745.7004848,26.923326,-62.256866,-50.006657,2.8060348,-4.182044,0.0015398408,10,0.5000267028808594,2.0194839173657902e-28,1.262177448353619e-29,1
1783662745.8006144,27.18864,-62.659126,-50.00791,2.8099427,-4.184089,0.0029377597,10,0.5000267028808594,2.0194839173657902e-28,1.262177448353619e-29,1
1783662745.9005105,27.476536,-63.09487,-50.00792,2.8128512,-4.1853647,0.004789509,10,0.5000267028808594,2.0194839173657902e-28,1.262177448353619e-29,1
1783662746.0005205,27.742718,-63.496788,-50.007496,2.8146613,-4.185408,0.005665675,10,0.5000267028808594,2.0194839173657902e-28,1.262177448353619e-29,1
1783662746.1005907,28.030643,-63.931747,-50.00671,2.8150747,-4.1847706,0.0059730983,10,0.5000267028808594,2.0194839173657902e-28,1.262177448353619e-29,1
1783662746.2006147,28.296204,-64.3329,-50.00545,2.8142407,-4.183319,0.005707933,10,0.5000267028808594,2.0194839173657902e-28,1.262177448353619e-29,1
1783662746.3004963,28.583889,-64.767334,-50.004,2.812346,-4.182201,0.004667552,10,0.5000267028808594,2.0194839173657902e-28,1.262177448353619e-29,1
1783662746.4004986,28.84897,-65.16802,-50.002758,2.809937,-4.1810336,0.0033816055,10,0.5000267028808594,2.0194839173657902e-28,1.262177448353619e-29,1
1783662746.5005333,29.135506,-65.60251,-50.00105,2.8065777,-4.1808248,0.0021051178,10,0.5000267028808594,2.0194839173657902e-28,1.262177448353619e-29,1
1783662746.6007721,29.39937,-66.00421,-49.998875,2.8031034,-4.181294,0.00059168274,10,0.5000267028808594,2.0194839173657902e-28,1.262177448353619e-29,1
1783662746.7005386,29.684244,-66.439575,-49.99676,2.7987096,-4.1819496,-0.0016292345,10,0.5000267028808594,2.0194839173657902e-28,1.262177448353619e-29,1
1783662746.8004503,29.94623,-66.84159,-49.995567,2.7947032,-4.1827483,-0.004181609,10,0.5000267028808594,2.0194839173657902e-28,1.262177448353619e-29,1
1783662746.9004123,30.229677,-67.2769,-49.99472,2.7912037,-4.183518,-0.006222347,10,0.5000267028808594,2.0194839173657902e-28,1.262177448353619e-29,1
1783662747.0004628,30.491673,-67.67918,-49.993916,2.7891507,-4.18449,-0.007147777,10,0.5000267028808594,2.0194839173657902e-28,1.262177448353619e-29,1
1783662747.100702,30.776001,-68.11541,-49.993217,2.788334,-4.185689,-0.008399982,10,0.5000267028808594,2.0194839173657902e-28,1.262177448353619e-29,1
1783662747.2005832,31.038824,-68.51835,-49.993057,2.7886062,-4.1868596,-0.009529245,10,0.5000267028808594,2.0194839173657902e-28,1.262177448353619e-29,1
1783662747.3003573,31.324505,-68.95491,-49.993553,2.789752,-4.1873918,-0.010234937,10,0.5000267028808594,2.0194839173657902e-28,1.262177448353619e-29,1
1783662747.4005463,31.589027,-69.35815,-49.993793,2.7912884,-4.187483,-0.009984301,10,0.5000267028808594,2.0194839173657902e-28,1.262177448353619e-29,1
1783662747.500793,31.875896,-69.79518,-49.99368,2.792815,-4.187559,-0.009684387,10,0.5000267028808594,2.0194839173657902e-28,1.262177448353619e-29,1
1783662747.6007025,32.140965,-70.198746,-49.993317,2.794184,-4.1875157,-0.0094371345,10,0.5000267028808594,2.0194839173657902e-28,1.262177448353619e-29,1
1783662747.7005947,32.428516,-70.63576,-49.99287,2.7954342,-4.1874228,-0.009646863,10,0.5000267028808594,2.0194839173657902e-28,1.262177448353619e-29,1
1783662747.8005385,32.693443,-71.038445,-49.993137,2.7954211,-4.18656,-0.010089123,10,0.5000267028808594,2.0194839173657902e-28,1.262177448353619e-29,1
1783662747.9005117,32.980152,-71.47368,-49.994137,2.7947125,-4.184798,-0.010208708,10,0.5000267028808594,2.0194839173657902e-28,1.262177448353619e-29,1
1783662748.0006921,33.244614,-71.87498,-49.995552,2.793139,-4.182904,-0.009604066,10,0.5000267028808594,2.0194839173657902e-28,1.262177448353619e-29,1
1783662748.1007273,33.53099,-72.30924,-49.99729,2.7911503,-4.1807346,-0.008690789,10,0.5000267028808594,2.0194839173657902e-28,1.262177448353619e-29,1
1783662748.200567,33.795055,-72.70955,-49.99876,2.7891858,-4.1790166,-0.0073271585,10,0.5000267028808594,2.0194839173657902e-28,1.262177448353619e-29,1
1783662748.3007078,34.080505,-73.14338,-49.999924,2.786451,-4.177972,-0.0059017576,10,0.5000267028808594,2.0194839173657902e-28,1.262177448353619e-29,1
1783662748.400702,34.34386,-73.543976,-50.00072,2.7842636,-4.1776414,-0.0045379135,10,0.5000267028808594,2.0194839173657902e-28,1.262177448353619e-29,1
1783662748.500785,34.629112,-73.97811,-50.001278,2.782498,-4.178026,-0.0032251715,10,0.5000267028808594,2.0194839173657902e-28,1.262177448353619e-29,1
1783662748.6007907,34.892727,-74.37879,-50.002068,2.7814775,-4.178729,-0.0027304455,10,0.5000267028808594,2.0194839173657902e-28,1.262177448353619e-29,1
1783662748.7005713,35.179173,-74.81272,-50.003242,2.781138,-4.179422,-0.0019294192,10,0.5000267028808594,2.0194839173657902e-28,1.262177448353619e-29,1
1783662748.8004777,35.44449,-75.21286,-50.004288,2.7817504,-4.1796875,-0.0008123572,10,0.5000267028808594,2.0194839173657902e-28,1.262177448353619e-29,1
1783662748.9006436,35.732475,-75.645805,-50.004906,2.780471,-4.1774073,0.0024938912,10,0.5000267028808594,2.0194839173657902e-28,1.262177448353619e-29,1
1783662749.0004408,35.99765,-76.04446,-50.004963,2.768963,-4.1623764,0.004035836,10,0.5000267028808594,2.0194839173657902e-28,1.262177448353619e-29,1
1783662749.1004565,36.28294,-76.472786,-50.0046,2.740313,-4.118202,0.000734731,10,0.5000267028808594,2.0194839173657902e-28,1.262177448353619e-29,1
1783662749.2004864,36.542934,-76.861176,-50.0042,2.7017102,-4.041645,-0.0063084736,10,0.5000267028808594,2.0194839173657902e-28,1.262177448353619e-29,1
1783662749.3004682,36.8194,-77.26931,-50.004353,2.6506066,-3.9117863,-0.0182418,10,0.5000267028808594,2.0194839173657902e-28,1.262177448353619e-29,1
1783662749.4009087,37.06905,-77.629524,-50.005146,2.5975306,-3.7451525,-0.031440426,10,0.5000267028808594,2.0194839173657902e-28,1.262177448353619e-29,1
1783662749.5006554,37.332516,-77.99675,-50.007458,2.5355875,-3.51347,-0.046778746,10,0.5000267028808594,2.0194839173657902e-28,1.262177448353619e-29,1
1783662749.6005514,37.569122,-78.30905,-50.011032,2.4752674,-3.2539783,-0.053340312,10,0.5000267028808594,2.0194839173657902e-28,1.262177448353619e-29,1
1783662749.7005286,37.8176,-78.61384,-50.0153,2.4071887,-2.9327805,-0.04479601,10,0.5000267028808594,2.0194839173657902e-28,1.262177448353619e-29,1
1783662749.8006022,38.038906,-78.86106,-50.018272,2.3419647,-2.6119587,-0.031082,10,0.5000267028808594,2.0194839173657902e-28,1.262177448353619e-29,1
1783662749.9004898,38.269802,-79.08996,-50.020065,2.2684019,-2.249253,-0.016534502,10,0.5000267028808594,2.0194839173657902e-28,1.262177448353619e-29,1
1783662750.000477,38.47538,-79.26509,-50.02081,2.1990175,-1.9086632,-0.005704335,10,0.5000267028808594,2.0194839173657902e-28,1.262177448353619e-29,1
1783662750.100366,38.689472,-79.41626,-50.020542,2.1230967,-1.5401094,0.0023472763,10,0.5000267028808594,2.0194839173657902e-28,1.262177448353619e-29,1
1783662750.2005587,38.879032,-79.52141,-50.01974,2.053604,-1.2044573,0.006663355,10,0.5000267028808594,2.0194839173657902e-28,1.262177448353619e-29,1
1783662750.300495,39.076107,-79.6008,-50.018612,1.9778242,-0.84913945,0.008157286,10,0.5000267028808594,2.0194839173657902e-28,1.262177448353619e-29,1
1783662750.400724,39.2503,-79.64298,-50.01795,1.9073719,-0.52990496,0.0077506737,10,0.5000267028808594,2.0194839173657902e-28,1.262177448353619e-29,1
1783662750.5004618,39.430878,-79.65639,-50.017673,1.8299731,-0.19403614,0.0060271597,10,0.5000267028808594,2.0194839173657902e-28,1.262177448353619e-29,1
1783662750.6004386,39.5899,-79.63995,-50.017895,1.7576057,0.10712833,0.0049189357,10,0.5000267028808594,2.0194839173657902e-28,1.262177448353619e-29,1
1783662750.7006717,39.753975,-79.59259,-50.017902,1.6774837,0.42287806,0.005671601,10,0.5000267028808594,2.0194839173657902e-28,1.262177448353619e-29,1
1783662750.8006546,39.897633,-79.52285,-50.017353,1.6009645,0.7040244,0.0065214485,10,0.5000267028808594,2.0194839173657902e-28,1.262177448353619e-29,1
1783662750.9005535,40.04502,-79.420425,-50.016094,1.5152595,0.99658346,0.0064143566,10,0.5000267028808594,2.0194839173657902e-28,1.262177448353619e-29,1
1783662751.000506,40.173283,-79.30114,-50.01452,1.4333488,1.2572207,0.004431258,10,0.5000267028808594,2.0194839173657902e-28,1.262177448353619e-29,1
1783662751.1004312,40.303608,-79.146576,-50.013218,1.3418813,1.5294662,0.0006817961,10,0.5000267028808594,2.0194839173657902e-28,1.262177448353619e-29,1
1783662751.2005913,40.415737,-78.98121,-50.01278,1.2549999,1.773043,-0.0035063627,10,0.5000267028808594,2.0194839173657902e-28,1.262177448353619e-29,1
1783662751.3005254,40.52851,-78.777855,-50.01266,1.1579078,2.0304906,-0.0080144005,10,0.5000267028808594,2.0194839173657902e-28,1.262177448353619e-29,1
1783662751.4005177,40.624454,-78.56825,-50.01316,1.0654037,2.263855,-0.012413141,10,0.5000267028808594,2.0194839173657902e-28,1.262177448353619e-29,1
1783662751.5005617,40.718388,-78.316795,-50.01357,0.960429,2.514679,-0.01610595,10,0.5000267028808594,2.0194839173657902e-28,1.262177448353619e-29,1
1783662751.6005127,40.795586,-78.06289,-50.014256,0.85866344,2.744501,-0.019332206,10,0.5000267028808594,2.0194839173657902e-28,1.262177448353619e-29,1
1783662751.700526,40.868843,-77.765076,-50.01581,0.7424256,2.9924061,-0.023016581,10,0.5000267028808594,2.0194839173657902e-28,1.262177448353619e-29,1
1783662751.800662,40.92648,-77.46892,-50.01764,0.62995607,3.2207851,-0.02563442,10,0.5000267028808594,2.0194839173657902e-28,1.262177448353619e-29,1
1783662751.9007359,40.977383,-77.124756,-50.020454,0.503026,3.4676893,-0.024268674,10,0.5000267028808594,2.0194839173657902e-28,1.262177448353619e-29,1
1783662752.0006928,41.013203,-76.78542,-50.02346,0.38264993,3.6946855,-0.023121702,10,0.5000267028808594,2.0194839173657902e-28,1.262177448353619e-29,1
1783662752.1005368,41.03932,-76.39402,-50.02723,0.25300893,3.9365065,-0.012348802,10,0.5000267028808594,2.0194839173657902e-28,1.262177448353619e-29,1
1783662752.2007966,41.05174,-76.01135,-50.0299,0.13563867,4.1509647,0.005447032,10,0.5000267028808594,2.0194839173657902e-28,1.262177448353619e-29,1
1783662752.300508,41.052563,-75.574684,-50.031178,0.012594804,4.364372,0.025042454,10,0.5000267028808594,2.0194839173657902e-28,1.262177448353619e-29,1
1783662752.400529,41.042656,-75.15362,-50.03002,-0.09263095,4.5369215,0.04040034,10,0.5000267028808594,2.0194839173657902e-28,1.262177448353619e-29,1
1783662752.5005126,41.022083,-74.68143,-50.026688,-0.18650678,4.693621,0.050598558,10,0.5000267028808594,2.0194839173657902e-28,1.262177448353619e-29,1
1783662752.6005733,40.997402,-74.23416,-50.02287,-0.24324173,4.8082533,0.052057587,10,0.5000267028808594,2.0194839173657902e-28,1.262177448353619e-29,1
1783662752.7005627,40.969086,-73.741486,-50.01937,-0.26373357,4.8977895,0.04615058,10,0.5000267028808594,2.0194839173657902e-28,1.262177448353619e-29,1
1783662752.8004658,40.945477,-73.28211,-50.017563,-0.24192907,4.9476643,0.039386332,10,0.5000267028808594,2.0194839173657902e-28,1.262177448353619e-29,1
1783662752.9005785,40.927303,-72.782455,-50.016678,-0.18030879,4.9660864,0.037544116,10,0.5000267028808594,2.0194839173657902e-28,1.262177448353619e-29,1
1783662753.0005872,40.919952,-72.32269,-50.016445,-0.10648979,4.956932,0.038292535,10,0.5000267028808594,2.0194839173657902e-28,1.262177448353619e-29,1
1783662753.100918,40.92327,-71.827805,-50.01617,-0.02333937,4.931861,0.039739393,10,0.5000267028808594,2.0194839173657902e-28,1.262177448353619e-29,1
1783662753.2005122,40.93592,-71.374695,-50.015903,0.046076838,4.9033012,0.040122867,10,0.5000267028808594,2.0194839173657902e-28,1.262177448353619e-29,1
1783662753.3004704,40.957977,-70.88813,-50.015842,0.10742449,4.871716,0.03905436,10,0.5000267028808594,2.0194839173657902e-28,1.262177448353619e-29,1
1783662753.4006789,40.983715,-70.44177,-50.015316,0.14847074,4.84509,0.03775234,10,0.5000267028808594,2.0194839173657902e-28,1.262177448353619e-29,1
1783662753.5004663,41.01474,-69.959915,-50.01468,0.17575872,4.8204713,0.035218123,10,0.5000267028808594,2.0194839173657902e-28,1.262177448353619e-29,1
1783662753.601654,41.044266,-69.5159,-50.01398,0.18658681,4.8026867,0.03270911,10,0.5000267028808594,2.0194839173657902e-28,1.262177448353619e-29,1
1783662753.7007434,41.07533,-69.03463,-50.01268,0.18423028,4.7902393,0.029636951,10,0.5000267028808594,2.0194839173657902e-28,1.262177448353619e-29,1
1783662753.8004577,41.102142,-68.59,-50.011864,0.17195298,4.7849917,0.026786013,10,0.5000267028808594,2.0194839173657902e-28,1.262177448353619e-29,1
1783662753.9006083,41.127983,-68.10678,-50.01074,0.14997494,4.785901,0.024425002,10,0.5000267028808594,2.0194839173657902e-28,1.262177448353619e-29,1
1783662754.000976,41.148136,-67.658966,-50.008877,0.12347236,4.791189,0.022410573,10,0.5000267028808594,2.0194839173657902e-28,1.262177448353619e-29,1
1783662754.1007037,41.165592,-67.171425,-50.007088,0.09092238,4.800344,0.020622334,10,0.5000267028808594,2.0194839173657902e-28,1.262177448353619e-29,1
1783662754.200524,41.176975,-66.718445,-50.00553,0.05800959,4.8101068,0.019305114,10,0.5000267028808594,2.0194839173657902e-28,1.262177448353619e-29,1
1783662754.3009,41.18362,-66.224655,-50.00379,0.020978108,4.820264,0.017902547,10,0.5000267028808594,2.0194839173657902e-28,1.262177448353619e-29,1
1783662754.4006255,41.184753,-65.766594,-50.002453,-0.013417518,4.8277617,0.016045751,10,0.5000267028808594,2.0194839173657902e-28,1.262177448353619e-29,1
1783662754.5006223,41.182083,-65.26856,-50.002007,-0.048582077,4.833462,0.013689523,10,0.5000267028808594,2.0194839173657902e-28,1.262177448353619e-29,1
1783662754.60106,41.176205,-64.80784,-50.00204,-0.07881652,4.8370585,0.011879061,10,0.5000267028808594,2.0194839173657902e-28,1.262177448353619e-29,1
1783662754.7005968,41.166275,-64.30693,-50.00181,-0.10952057,4.8401546,0.010756202,10,0.5000267028808594,2.0194839173657902e-28,1.262177448353619e-29,1
1783662754.8007424,41.154175,-63.843937,-50.001274,-0.13593853,4.841974,0.010173247,10,0.5000267028808594,2.0194839173657902e-28,1.262177448353619e-29,1
1783662754.900618,41.13822,-63.342,-50.000977,-0.16279086,4.8427014,0.009527429,10,0.5000267028808594,2.0194839173657902e-28,1.262177448353619e-29,1
1783662755.0008144,41.121376,-62.87814,-50.00137,-0.18521169,4.842725,0.008559128,10,0.5000267028808594,2.0194839173657902e-28,1.262177448353619e-29,1
1783662755.1007707,41.10127,-62.375694,-50.001816,-0.20687291,4.8421226,0.008096499,10,0.5000267028808594,2.0194839173657902e-28,1.262177448353619e-29,1
1783662755.2009273,41.081383,-61.911858,-50.002243,-0.2239829,4.84186,0.007633069,10,0.5000267028808594,2.0194839173657902e-28,1.262177448353619e-29,1
1783662755.3005128,41.05878,-61.408646,-50.00279,-0.23854974,4.8425264,0.0077753584,10,0.5000267028808594,2.0194839173657902e-28,1.262177448353619e-29,1
1783662755.40086,41.03751,-60.94328,-50.002865,-0.24835856,4.844363,0.007626618,10,0.5000267028808594,2.0194839173657902e-28,1.262177448353619e-29,1
1783662755.5009482,41.01359,-60.438,-50.002228,-0.25611055,4.8476057,0.0076103327,10,0.5000267028808594,2.0194839173657902e-28,1.262177448353619e-29,1
1783662755.6008303,40.990864,-59.970875,-50.001106,-0.2609916,4.85115,0.0070332335,10,0.5000267028808594,2.0194839173657902e-28,1.262177448353619e-29,1
1783662755.7005525,40.966206,-59.463932,-49.999157,-0.26366267,4.8554153,0.0063736676,10,0.5000267028808594,2.0194839173657902e-28,1.262177448353619e-29,1
1783662755.8007457,40.943283,-58.995144,-49.99687,-0.2641945,4.8596835,0.0049826223,10,0.5000267028808594,2.0194839173657902e-28,1.262177448353619e-29,1
1783662755.9004889,40.91813,-58.48673,-49.994473,-0.2636235,4.8643665,0.0026357835,10,0.5000267028808594,2.0194839173657902e-28,1.262177448353619e-29,1
1783662756.0006764,40.894203,-58.016766,-49.9926,-0.26252243,4.8687305,0.00026840117,10,0.5000267028808594,2.0194839173657902e-28,1.262177448353619e-29,1
1783662756.100994,40.86786,-57.507015,-49.99062,-0.26064217,4.873829,-0.0021540455,10,0.5000267028808594,2.0194839173657902e-28,1.262177448353619e-29,1
1783662756.200524,40.84318,-57.0359,-49.98849,-0.25865802,4.878359,-0.004616951,10,0.5000267028808594,2.0194839173657902e-28,1.262177448353619e-29,1
1783662756.3005126,40.815857,-56.524445,-49.986423,-0.25615877,4.8837357,-0.007352084,10,0.5000267028808594,2.0194839173657902e-28,1.262177448353619e-29,1
1783662756.4007275,40.790966,-56.051098,-49.984592,-0.25334513,4.8891945,-0.0100642415,10,0.5000267028808594,2.0194839173657902e-28,1.262177448353619e-29,1
1783662756.500942,40.76544,-55.53675,-49.983273,-0.2486736,4.895463,-0.012692716,10,0.5000267028808594,2.0194839173657902e-28,1.262177448353619e-29,1
1783662756.600734,40.742943,-55.06106,-49.982143,-0.2434252,4.9010434,-0.0143416235,10,0.5000267028808594,2.0194839173657902e-28,1.262177448353619e-29,1
1783662756.7004585,40.719193,-54.545155,-49.98121,-0.23739955,4.906401,-0.015908198,10,0.5000267028808594,2.0194839173657902e-28,1.262177448353619e-29,1
1783662756.8007948,40.697506,-54.06794,-49.98075,-0.23187073,4.910966,-0.01724099,10,0.5000267028808594,2.0194839173657902e-28,1.262177448353619e-29,1
1783662756.9004886,40.67442,-53.550278,-49.980354,-0.22639456,4.9159126,-0.01836343,10,0.5000267028808594,2.0194839173657902e-28,1.262177448353619e-29,1
1783662757.001102,40.6537,-53.072136,-49.979782,-0.22156332,4.9204354,-0.019030847,10,0.5000267028808594,2.0194839173657902e-28,1.262177448353619e-29,1
1783662757.100834,40.631603,-52.553303,-49.97906,-0.21654412,4.9251256,-0.019414425,10,0.5000267028808594,2.0194839173657902e-28,1.262177448353619e-29,1
1783662757.2008471,40.61154,-52.073967,-49.978275,-0.21233934,4.929131,-0.019949298,10,0.5000267028808594,2.0194839173657902e-28,1.262177448353619e-29,1
1783662757.3007836,40.590187,-51.554276,-49.977222,-0.20792593,4.9329214,-0.020781476,10,0.5000267028808594,2.0194839173657902e-28,1.262177448353619e-29,1
1783662757.4007533,40.57094,-51.07421,-49.976273,-0.20428324,4.935812,-0.021768328,10,0.5000267028808594,2.0194839173657902e-28,1.262177448353619e-29,1
1783662757.500983,40.550682,-50.5537,-49.97536,-0.20031627,4.938764,-0.023364397,10,0.5000267028808594,2.0194839173657902e-28,1.262177448353619e-29,1
1783662757.6016123,40.53175,-50.07307,-49.974834,-0.19736949,4.941186,-0.024243802,10,0.5000267028808594,2.0194839173657902e-28,1.262177448353619e-29,1
1783662757.7005558,40.51111,-49.552677,-49.97532,-0.19514717,4.9429417,-0.02538208,10,0.5000267028808594,2.0194839173657902e-28,1.262177448353619e-29,1
1783662757.8007948,40.491802,-49.072178,-49.976055,-0.19398776,4.9446764,-0.025859393,10,0.5000267028808594,2.0194839173657902e-28,1.262177448353619e-29,1
1783662757.9007726,40.470848,-48.551384,-49.977642,-0.1932047,4.9464836,-0.025678312,10,0.5000267028808594,2.0194839173657902e-28,1.262177448353619e-29,1
1783662758.0004735,40.451607,-48.070244,-49.979534,-0.19265072,4.9482775,-0.025136827,10,0.5000267028808594,2.0194839173657902e-28,1.262177448353619e-29,1
1783662758.1011188,40.430565,-47.548702,-49.982014,-0.19201058,4.950338,-0.023615478,10,0.5000267028808594,2.0194839173657902e-28,1.262177448353619e-29,1
1783662758.2008047,40.41087,-47.06699,-49.984913,-0.19151162,4.9520044,-0.021944057,10,0.5000267028808594,2.0194839173657902e-28,1.262177448353619e-29,1
1783662758.3011734,40.38932,-46.545162,-49.987972,-0.19136263,4.953462,-0.019020595,10,0.5000267028808594,2.0194839173657902e-28,1.262177448353619e-29,1
1783662758.4008102,40.369606,-46.063564,-49.99043,-0.19098262,4.9542747,-0.01598248,10,0.5000267028808594,2.0194839173657902e-28,1.262177448353619e-29,1
1783662758.5006604,40.347996,-45.541794,-49.993214,-0.19030465,4.9551144,-0.013243194,10,0.5000267028808594,2.0194839173657902e-28,1.262177448353619e-29,1
1783662758.600864,40.327267,-45.05968,-49.995605,-0.19010243,4.9558835,-0.010598823,10,0.5000267028808594,2.0194839173657902e-28,1.262177448353619e-29,1
1783662758.700757,40.30425,-44.536816,-49.997894,-0.18980141,4.956965,-0.0078496365,10,0.5000267028808594,2.0194839173657902e-28,1.262177448353619e-29,1
1783662758.8008907,40.283054,-44.054283,-49.999916,-0.18910734,4.957766,-0.00580841,10,0.5000267028808594,2.0194839173657902e-28,1.262177448353619e-29,1
1783662758.9012947,40.260563,-43.531616,-50.001965,-0.1877101,4.958029,-0.003361934,10,0.5000267028808594,2.0194839173657902e-28,1.262177448353619e-29,1
1783662759.000955,40.24046,-43.050022,-50.003204,-0.18516405,4.9572115,-0.0010747621,10,0.5000267028808594,2.0194839173657902e-28,1.262177448353619e-29,1
1783662759.1006336,40.21889,-42.529053,-50.003723,-0.1818266,4.9557767,0.00066804845,10,0.5000267028808594,2.0194839173657902e-28,1.262177448353619e-29,1
1783662759.200524,40.19935,-42.04865,-50.003826,-0.17863691,4.9543104,0.0017303722,10,0.5000267028808594,2.0194839173657902e-28,1.262177448353619e-29,1
1783662759.300739,40.178547,-41.52876,-50.00295,-0.17496528,4.9526067,0.0023609176,10,0.5000267028808594,2.0194839173657902e-28,1.262177448353619e-29,1
1783662759.4007714,40.159676,-41.049007,-50.00172,-0.17192104,4.9512396,0.0019744353,10,0.5000267028808594,2.0194839173657902e-28,1.262177448353619e-29,1
1783662759.5007148,40.14004,-40.52921,-50.000507,-0.16874224,4.950471,0.0009902765,10,0.5000267028808594,2.0194839173657902e-28,1.262177448353619e-29,1
1783662759.6005301,40.122143,-40.04914,-49.999783,-0.1661619,4.9501934,-0.00045992906,10,0.5000267028808594,2.0194839173657902e-28,1.262177448353619e-29,1
1783662759.7008646,40.103085,-39.528255,-49.999683,-0.16328296,4.950832,-0.0015915588,10,0.5000267028808594,2.0194839173657902e-28,1.262177448353619e-29,1
1783662759.80059,40.086124,-39.047424,-49.999844,-0.16085385,4.9514585,-0.0020902946,10,0.5000267028808594,2.0194839173657902e-28,1.262177448353619e-29,1
1783662759.900615,40.068325,-38.526905,-50.000874,-0.15862744,4.95212,-0.002522203,10,0.5000267028808594,2.0194839173657902e-28,1.262177448353619e-29,1
1783662760.000374,40.051624,-38.046455,-50.00227,-0.15730375,4.952508,-0.0019366752,10,0.5000267028808594,2.0194839173657902e-28,1.262177448353619e-29,1
1783662760.1003425,40.03323,-37.526512,-50.00376,-0.15649955,4.9524727,-0.0008479099,10,0.5000267028808594,2.0194839173657902e-28,1.262177448353619e-29,1
1783662760.2004352,40.015533,-37.046978,-50.0049,-0.15687525,4.951995,0.0005690096,10,0.5000267028808594,2.0194839173657902e-28,1.262177448353619e-29,1
1783662760.3005176,39.995705,-36.528088,-50.005592,-0.15808077,4.9512644,0.0019660515,10,0.5000267028808594,2.0194839173657902e-28,1.262177448353619e-29,1
1783662760.4005368,39.9775,-36.050003,-50.005726,-0.15924655,4.9506416,0.0027559754,10,0.5000267028808594,2.0194839173657902e-28,1.262177448353619e-29,1
1783662760.500476,39.95829,-35.532917,-50.00597,-0.1596462,4.9494815,0.0033729998,10,0.5000267028808594,2.0194839173657902e-28,1.262177448353619e-29,1
1783662760.600501,39.94096,-35.056072,-50.005844,-0.15912454,4.948862,0.003514862,10,0.5000267028808594,2.0194839173657902e-28,1.262177448353619e-29,1
1783662760.7005763,39.922955,-34.54011,-50.005527,-0.15824658,4.948131,0.003573261,10,0.5000267028808594,2.0194839173657902e-28,1.262177448353619e-29,1
1783662760.8005471,39.90739,-34.06423,-50.005074,-0.15655632,4.9479437,0.0032474026,10,0.5000267028808594,2.0194839173657902e-28,1.262177448353619e-29,1
1783662760.9005587,39.89093,-33.548904,-50.00421,-0.15490521,4.9487596,0.002690393,10,0.5000267028808594,2.0194839173657902e-28,1.262177448353619e-29,1
1783662761.0006964,39.876225,-33.072937,-50.003742,-0.15362932,4.9506874,0.0018953964,10,0.5000267028808594,2.0194839173657902e-28,1.262177448353619e-29,1
1783662761.100555,39.86132,-32.556553,-50.00409,-0.15174538,4.953667,0.0008961791,10,0.5000267028808594,2.0194839173657902e-28,1.262177448353619e-29,1
1783662761.200611,39.84829,-32.079487,-50.005264,-0.15002993,4.9572816,1.7840994e-05,10,0.5000267028808594,2.0194839173657902e-28,1.262177448353619e-29,1
1783662761.3007874,39.83452,-31.561842,-50.006866,-0.14857617,4.9617844,0.0003561129,10,0.5000267028808594,2.0194839173657902e-28,1.262177448353619e-29,1
1783662761.4007475,39.8218,-31.08361,-50.0087,-0.14793849,4.96618,0.0013165361,10,0.5000267028808594,2.0194839173657902e-28,1.262177448353619e-29,1
1783662761.5007606,39.80748,-30.565329,-50.010628,-0.14848131,4.970563,0.0033331867,10,0.5000267028808594,2.0194839173657902e-28,1.262177448353619e-29,1
1783662761.6006415,39.793564,-30.086914,-50.011585,-0.14985785,4.9738803,0.0054423874,10,0.5000267028808594,2.0194839173657902e-28,1.262177448353619e-29,1
1783662761.700647,39.777424,-29.568743,-50.012062,-0.15297388,4.9769444,0.007293753,10,0.5000267028808594,2.0194839173657902e-28,1.262177448353619e-29,1
1783662761.8006277,39.761124,-29.089897,-50.012154,-0.15663157,4.979872,0.008149646,10,0.5000267028808594,2.0194839173657902e-28,1.262177448353619e-29,1
1783662761.9004653,39.741993,-28.570436,-50.01202,-0.16175444,4.9830976,0.008645984,10,0.5000267028808594,2.0194839173657902e-28,1.262177448353619e-29,1
1783662762.0005417,39.723034,-28.090652,-50.01179,-0.16687898,4.985889,0.008994818,10,0.5000267028808594,2.0194839173657902e-28,1.262177448353619e-29,1
1783662762.1005118,39.70102,-27.570887,-50.01132,-0.17232226,4.98853,0.008986171,10,0.5000267028808594,2.0194839173657902e-28,1.262177448353619e-29,1
1783662762.2005124,39.67988,-27.091513,-50.010944,-0.17636846,4.9903307,0.008603862,10,0.5000267028808594,2.0194839173657902e-28,1.262177448353619e-29,1
1783662762.3005528,39.656826,-26.572145,-50.011154,-0.17941487,4.991908,0.007933213,10,0.5000267028808594,2.0194839173657902e-28,1.262177448353619e-29,1
1783662762.400453,39.635994,-26.092281,-50.011185,-0.1803289,4.9931645,0.008005792,10,0.5000267028808594,2.0194839173657902e-28,1.262177448353619e-29,1
1783662762.5008225,39.61501,-25.572214,-50.011253,-0.17915094,4.9952807,0.008016884,10,0.5000267028808594,2.0194839173657902e-28,1.262177448353619e-29,1
1783662762.600739,39.597298,-25.091827,-50.010826,-0.17597516,4.997408,0.007858761,10,0.5000267028808594,2.0194839173657902e-28,1.262177448353619e-29,1
1783662762.7005434,39.579704,-24.571392,-50.009907,-0.17121762,4.9992976,0.007798589,10,0.5000267028808594,2.0194839173657902e-28,1.262177448353619e-29,1
1783662762.8005233,39.564735,-24.091627,-50.008698,-0.16679054,5.0004945,0.007463029,10,0.5000267028808594,2.0194839173657902e-28,1.262177448353619e-29,1
1783662762.9006445,39.548874,-23.57277,-50.007812,-0.16304472,5.0006585,0.0065224366,10,0.5000267028808594,2.0194839173657902e-28,1.262177448353619e-29,1
1783662763.0004919,39.534435,-23.09473,-50.00739,-0.16040334,5.000133,0.005664575,10,0.5000267028808594,2.0194839173657902e-28,1.262177448353619e-29,1
1783662763.1007288,39.518806,-22.577543,-50.007706,-0.15865724,4.9992914,0.0046001584,10,0.5000267028808594,2.0194839173657902e-28,1.262177448353619e-29,1
1783662763.2003846,39.504658,-22.10043,-50.008533,-0.15781121,4.998639,0.0041817217,10,0.5000267028808594,2.0194839173657902e-28,1.262177448353619e-29,1
1783662763.3007739,39.48921,-21.583256,-50.009705,-0.1577254,4.998733,0.0044352897,10,0.5000267028808594,2.0194839173657902e-28,1.262177448353619e-29,1
1783662763.4004796,39.474678,-21.104893,-50.01048,-0.1584643,5.0000606,0.0053778854,10,0.5000267028808594,2.0194839173657902e-28,1.262177448353619e-29,1
1783662763.500554,39.45963,-20.586432,-50.011482,-0.15904617,5.0017476,0.0061250143,10,0.5000267028808594,2.0194839173657902e-28,1.262177448353619e-29,1
1783662763.6005058,39.44658,-20.107922,-50.012035,-0.15898938,5.0029893,0.0070575997,10,0.5000267028808594,2.0194839173657902e-28,1.262177448353619e-29,1
1783662763.7005122,39.432602,-19.589106,-50.012913,-0.15905933,5.0046115,0.0077840146,10,0.5000267028808594,2.0194839173657902e-28,1.262177448353619e-29,1
1783662763.80048,39.420063,-19.110357,-50.014122,-0.15900512,5.0062656,0.008412022,10,0.5000267028808594,2.0194839173657902e-28,1.262177448353619e-29,1
1783662763.9005487,39.406765,-18.591936,-50.01489,-0.15907839,5.0073195,0.009641716,10,0.5000267028808594,2.0194839173657902e-28,1.262177448353619e-29,1
1783662764.0004632,39.39376,-18.113829,-50.01525,-0.16012749,5.007822,0.0107760765,10,0.5000267028808594,2.0194839173657902e-28,1.262177448353619e-29,1
1783662764.1005907,39.378433,-17.597006,-50.014973,-0.16279069,5.0074515,0.011493862,10,0.5000267028808594,2.0194839173657902e-28,1.262177448353619e-29,1
1783662764.2004435,39.36281,-17.120686,-50.014862,-0.16673881,5.0063825,0.011575237,10,0.5000267028808594,2.0194839173657902e-28,1.262177448353619e-29,1
1783662764.3004012,39.34482,-16.60505,-50.014317,-0.1719887,5.0052953,0.011686472,10,0.5000267028808594,2.0194839173657902e-28,1.262177448353619e-29,1
1783662764.4005544,39.327827,-16.129688,-50.01336,-0.17657523,5.0043516,0.011557226,10,0.5000267028808594,2.0194839173657902e-28,1.262177448353619e-29,1
1783662764.5007398,39.309544,-15.61518,-50.012,-0.18039623,5.0031548,0.010833748,10,0.5000267028808594,2.0194839173657902e-28,1.262177448353619e-29,1
1783662764.6006994,39.29302,-15.140177,-50.01055,-0.1825855,5.0025034,0.009759443,10,0.5000267028808594,2.0194839173657902e-28,1.262177448353619e-29,1
1783662764.7005794,39.275185,-14.625531,-50.009174,-0.18421493,5.0022426,0.00825571,10,0.5000267028808594,2.0194839173657902e-28,1.262177448353619e-29,1
1783662764.8004873,39.258327,-14.149972,-50.0084,-0.18522978,5.002702,0.006895127,10,0.5000267028808594,2.0194839173657902e-28,1.262177448353619e-29,1
1783662764.9005313,39.240074,-13.63509,-50.007874,-0.1859602,5.0033493,0.0055515487,10,0.5000267028808594,2.0194839173657902e-28,1.262177448353619e-29,1
1783662765.0006874,39.22303,-13.160051,-50.0075,-0.18673065,5.0035276,0.005080286,10,0.5000267028808594,2.0194839173657902e-28,1.262177448353619e-29,1
1783662765.1006668,39.204052,-12.64614,-50.006874,-0.18781039,5.002969,0.0045759203,10,0.5000267028808594,2.0194839173657902e-28,1.262177448353619e-29,1
1783662765.2004778,39.186066,-12.171992,-50.006573,-0.18873145,5.0026846,0.0036711597,10,0.5000267028808594,2.0194839173657902e-28,1.262177448353619e-29,1
1783662765.3005013,39.16634,-11.658321,-50.006554,-0.18909177,5.0025663,0.0026721393,10,0.5000267028808594,2.0194839173657902e-28,1.262177448353619e-29,1
1783662765.4008749,39.14764,-11.184168,-50.007072,-0.18940414,5.0026803,0.00206402,10,0.5000267028808594,2.0194839173657902e-28,1.262177448353619e-29,1
1783662765.5007336,39.127144,-10.66941,-50.00857,-0.18919316,5.0040197,0.0023332625,10,0.5000267028808594,2.0194839173657902e-28,1.262177448353619e-29,1
1783662765.6005366,39.108913,-10.193342,-50.01034,-0.18792413,5.0061955,0.002889063,10,0.5000267028808594,2.0194839173657902e-28,1.262177448353619e-29,1
1783662765.7004166,39.089687,-9.676526,-50.01225,-0.1858646,5.0092554,0.0042953915,10,0.5000267028808594,2.0194839173657902e-28,1.262177448353619e-29,1
1783662765.800585,39.071968,-9.198444,-50.013905,-0.18376036,5.0125017,0.0061256113,10,0.5000267028808594,2.0194839173657902e-28,1.262177448353619e-29,1
1783662765.9007583,39.052673,-8.679563,-50.01513,-0.18166228,5.016307,0.008157996,10,0.5000267028808594,2.0194839173657902e-28,1.262177448353619e-29,1
1783662766.000605,39.035053,-8.199416,-50.01617,-0.17991582,5.020055,0.00976855,10,0.5000267028808594,2.0194839173657902e-28,1.262177448353619e-29,1
1783662766.1005633,39.015812,-7.6775393,-50.017384,-0.17812335,5.0242357,0.011116224,10,0.5000267028808594,2.0194839173657902e-28,1.262177448353619e-29,1
1783662766.2005773,38.998386,-7.194664,-50.018192,-0.1763908,5.027721,0.012569309,10,0.5000267028808594,2.0194839173657902e-28,1.262177448353619e-29,1
1783662766.300741,38.980057,-6.670739,-50.018497,-0.17413431,5.031068,0.014036962,10,0.5000267028808594,2.0194839173657902e-28,1.262177448353619e-29,1
1783662766.4006665,38.96316,-6.186882,-50.018456,-0.17233598,5.0331798,0.014962605,10,0.5000267028808594,2.0194839173657902e-28,1.262177448353619e-29,1
1783662766.5005965,38.944107,-5.6628942,-50.018536,-0.17126293,5.0340223,0.015646202,10,0.5000267028808594,2.0194839173657902e-28,1.262177448353619e-29,1
1783662766.600568,38.925858,-5.1798377,-50.01813,-0.17071407,5.033321,0.016126653,10,0.5000267028808594,2.0194839173657902e-28,1.262177448353619e-29,1
1783662766.7006986,38.905983,-4.6580844,-50.017033,-0.17025614,5.030981,0.015950304,10,0.5000267028808594,2.0194839173657902e-28,1.262177448353619e-29,1
1783662766.8005087,38.88757,-4.177578,-50.015816,-0.16963862,5.027891,0.015214982,10,0.5000267028808594,2.0194839173657902e-28,1.262177448353619e-29,1
1783662766.9006155,38.867344,-3.6580753,-50.014675,-0.1689905,5.023691,0.014050458,10,0.5000267028808594,2.0194839173657902e-28,1.262177448353619e-29,1
1783662767.00068,38.84879,-3.1793396,-50.013836,-0.16846067,5.0197554,0.012747131,10,0.5000267028808594,2.0194839173657902e-28,1.262177448353619e-29,1
1783662767.100787,38.829414,-2.661693,-50.01316,-0.16719514,5.015541,0.011474863,10,0.5000267028808594,2.0194839173657902e-28,1.262177448353619e-29,1
1783662767.2006233,38.812202,-2.184635,-50.012512,-0.16506796,5.0120044,0.010601771,10,0.5000267028808594,2.0194839173657902e-28,1.262177448353619e-29,1
1783662767.3005571,38.793636,-1.6687515,-50.011005,-0.16271666,5.0086966,0.009852737,10,0.5000267028808594,2.0194839173657902e-28,1.262177448353619e-29,1
1783662767.4004624,38.776264,-1.1926796,-50.008614,-0.16089332,5.006878,0.008503833,10,0.5000267028808594,2.0194839173657902e-28,1.262177448353619e-29,1
1783662767.5005229,38.75738,-0.6769136,-50.005463,-0.15927184,5.005966,0.006580829,10,0.5000267028808594,2.0194839173657902e-28,1.262177448353619e-29,1
1783662767.6009693,38.740147,-0.20067723,-50.00265,-0.15809484,5.0064716,0.004045891,10,0.5000267028808594,2.0194839173657902e-28,1.262177448353619e-29,1
1783662767.7004695,38.721195,0.3156848,-49.999805,-0.15695398,5.0081763,0.001064388,10,0.5000267028808594,2.0194839173657902e-28,1.262177448353619e-29,1
1783662767.8005188,38.70348,0.79264545,-49.997223,-0.15632832,5.010628,-0.0015601675,10,0.5000267028808594,2.0194839173657902e-28,1.262177448353619e-29,1
1783662767.9004445,38.684284,1.3104045,-49.99471,-0.15549025,5.0141253,-0.0043484485,10,0.5000267028808594,2.0194839173657902e-28,1.262177448353619e-29,1
1783662768.000501,38.666794,1.7888098,-49.992626,-0.15433301,5.0175734,-0.0070296866,10,0.5000267028808594,2.0194839173657902e-28,1.262177448353619e-29,1
1783662768.1004734,38.648876,2.3077376,-49.99071,-0.15243074,5.021605,-0.009780742,10,0.5000267028808594,2.0194839173657902e-28,1.262177448353619e-29,1
1783662768.2004163,38.633533,2.7871432,-49.989197,-0.15012364,5.024662,-0.011843863,10,0.5000267028808594,2.0194839173657902e-28,1.262177448353619e-29,1
1783662768.3003669,38.617973,3.3070765,-49.98729,-0.14738177,5.027391,-0.013742478,10,0.5000267028808594,2.0194839173657902e-28,1.262177448353619e-29,1
1783662768.4004307,38.604687,3.7886405,-49.984947,-0.14449818,5.030637,-0.015447604,10,0.5000267028808594,2.0194839173657902e-28,1.262177448353619e-29,1
1783662768.5006032,38.59093,4.311582,-49.98276,-0.14166239,5.034106,-0.01743377,10,0.5000267028808594,2.0194839173657902e-28,1.262177448353619e-29,1
1783662768.600651,38.578762,4.794745,-49.98143,-0.1397258,5.0368433,-0.019478472,10,0.5000267028808594,2.0194839173657902e-28,1.262177448353619e-29,1
1783662768.7004194,38.56581,5.3186173,-49.979893,-0.1384974,5.039056,-0.020824725,10,0.5000267028808594,2.0194839173657902e-28,1.262177448353619e-29,1
1783662768.8005476,38.554043,5.8014264,-49.97797,-0.13809754,5.0393734,-0.022296153,10,0.5000267028808594,2.0194839173657902e-28,1.262177448353619e-29,1
1783662768.9006553,38.5413,6.3228636,-49.975937,-0.13873693,5.037461,-0.024154663,10,0.5000267028808594,2.0194839173657902e-28,1.262177448353619e-29,1
1783662769.0007691,38.52965,6.8032293,-49.974907,-0.1400264,5.0342836,-0.02637356,10,0.5000267028808594,2.0194839173657902e-28,1.262177448353619e-29,1
1783662769.100615,38.5173,7.3225384,-49.97529,-0.14183371,5.0301404,-0.028550632,10,0.5000267028808594,2.0194839173657902e-28,1.262177448353619e-29,1
1783662769.2003412,38.50581,7.8003445,-49.976322,-0.14405935,5.0257154,-0.029228019,10,0.5000267028808594,2.0194839173657902e-28,1.262177448353619e-29,1
1783662769.3004599,38.492386,8.316349,-49.978138,-0.14761294,5.0208454,-0.029065773,10,0.5000267028808594,2.0194839173657902e-28,1.262177448353619e-29,1
1783662769.4004068,38.47891,8.791521,-49.980064,-0.15179735,5.016433,-0.027962908,10,0.5000267028808594,2.0194839173657902e-28,1.262177448353619e-29,1
1783662769.5004008,38.46313,9.306222,-49.981735,-0.1571191,5.013366,-0.02629439,10,0.5000267028808594,2.0194839173657902e-28,1.262177448353619e-29,1
1783662769.6004853,38.448204,9.781274,-49.98334,-0.16187128,5.0115523,-0.024633074,10,0.5000267028808594,2.0194839173657902e-28,1.262177448353619e-29,1
1783662769.7004488,38.431652,10.296796,-49.985107,-0.16659088,5.012038,-0.022841003,10,0.5000267028808594,2.0194839173657902e-28,1.262177448353619e-29,1
1783662769.8005972,38.415943,10.773621,-49.986477,-0.17042945,5.0138025,-0.021116996,10,0.5000267028808594,2.0194839173657902e-28,1.262177448353619e-29,1
1783662769.9005916,38.398396,11.290411,-49.988094,-0.1742671,5.0163727,-0.019486684,10,0.5000267028808594,2.0194839173657902e-28,1.262177448353619e-29,1
1783662770.00055,38.38184,11.768105,-49.989437,-0.1767992,5.019375,-0.017683329,10,0.5000267028808594,2.0194839173657902e-28,1.262177448353619e-29,1
1783662770.100652,38.363644,12.286673,-49.990845,-0.17900099,5.0232267,-0.015980866,10,0.5000267028808594,2.0194839173657902e-28,1.262177448353619e-29,1
1783662770.2003953,38.346428,12.766123,-49.99235,-0.18049401,5.0268183,-0.01470032,10,0.5000267028808594,2.0194839173657902e-28,1.262177448353619e-29,1
1783662770.3006291,38.32748,13.286383,-49.99448,-0.18165243,5.0302134,-0.012925472,10,0.5000267028808594,2.0194839173657902e-28,1.262177448353619e-29,1
1783662770.4004025,38.310085,13.767112,-49.996292,-0.18212084,5.032913,-0.010820317,10,0.5000267028808594,2.0194839173657902e-28,1.262177448353619e-29,1
1783662770.5005,38.291668,14.288125,-49.9979,-0.18207943,5.03492,-0.008223876,10,0.5000267028808594,2.0194839173657902e-28,1.262177448353619e-29,1
1783662770.600586,38.27458,14.7692585,-49.998875,-0.18194413,5.036123,-0.006370043,10,0.5000267028808594,2.0194839173657902e-28,1.262177448353619e-29,1
1783662770.7003644,38.255665,15.290085,-50.000015,-0.18207163,5.0361285,-0.0049157473,10,0.5000267028808594,2.0194839173657902e-28,1.262177448353619e-29,1
1783662770.8005984,38.238235,15.770479,-50.000793,-0.18202794,5.035335,-0.0035529882,10,0.5000267028808594,2.0194839173657902e-28,1.262177448353619e-29,1
1783662770.90059,38.21966,16.290236,-50.001175,-0.18179357,5.033968,-0.0025660899,10,0.5000267028808594,2.0194839173657902e-28,1.262177448353619e-29,1
1783662771.000428,38.202534,16.7694,-50.0012,-0.18141155,5.0324078,-0.002048308,10,0.5000267028808594,2.0194839173657902e-28,1.262177448353619e-29,1
1783662771.100519,38.18395,17.288609,-50.002098,-0.180711,5.0311446,-0.0020281554,10,0.5000267028808594,2.0194839173657902e-28,1.262177448353619e-29,1
1783662771.2005029,38.166763,17.767693,-50.003353,-0.17997232,5.030333,-0.0015041513,10,0.5000267028808594,2.0194839173657902e-28,1.262177448353619e-29,1
1783662771.300578,38.148342,18.286846,-50.00413,-0.17844552,5.029926,-0.000417809,10,0.5000267028808594,2.0194839173657902e-28,1.262177448353619e-29,1
1783662771.4006498,38.131466,18.76654,-50.00446,-0.17730218,5.029995,0.0006036861,10,0.5000267028808594,2.0194839173657902e-28,1.262177448353619e-29,1
1783662771.500545,38.112946,19.2872,-50.005093,-0.175926,5.0313506,0.0012466522,10,0.5000267028808594,2.0194839173657902e-28,1.262177448353619e-29,1
1783662771.6005692,38.09585,19.768032,-50.005795,-0.17502514,5.032653,0.0016754075,10,0.5000267028808594,2.0194839173657902e-28,1.262177448353619e-29,1
1783662771.700474,38.077484,20.28858,-50.00676,-0.1738226,5.0334506,0.0021129008,10,0.5000267028808594,2.0194839173657902e-28,1.262177448353619e-29,1
1783662771.800535,38.0611,20.768854,-50.007957,-0.17252374,5.033355,0.0030375307,10,0.5000267028808594,2.0194839173657902e-28,1.262177448353619e-29,1
1783662771.900529,38.043633,21.28922,-50.009285,-0.17118114,5.0334415,0.0041589825,10,0.5000267028808594,2.0194839173657902e-28,1.262177448353619e-29,1
1783662772.0005279,38.028328,21.769293,-50.01055,-0.16894545,5.0332,0.0051561776,10,0.5000267028808594,2.0194839173657902e-28,1.262177448353619e-29,1
1783662772.1007633,38.011967,22.289015,-50.011818,-0.1669685,5.032341,0.0063588535,10,0.5000267028808594,2.0194839173657902e-28,1.262177448353619e-29,1
1783662772.2005455,37.996727,22.768631,-50.013493,-0.1656256,5.031557,0.0073683816,10,0.5000267028808594,2.0194839173657902e-28,1.262177448353619e-29,1
1783662772.3005395,37.98028,23.287346,-50.01619,-0.16483708,5.0303764,0.008868409,10,0.5000267028808594,2.0194839173657902e-28,1.262177448353619e-29,1
1783662772.4005663,37.96521,23.765547,-50.018276,-0.1639024,5.0290003,0.011085773,10,0.5000267028808594,2.0194839173657902e-28,1.262177448353619e-29,1
1783662772.5006034,37.94875,24.282444,-50.02029,-0.16350853,5.0275126,0.013037012,10,0.5000267028808594,2.0194839173657902e-28,1.262177448353619e-29,1
1783662772.6005912,37.933167,24.759045,-50.021267,-0.1638154,5.0262656,0.015047252,10,0.5000267028808594,2.0194839173657902e-28,1.262177448353619e-29,1
1783662772.7004023,37.915817,25.275375,-50.021015,-0.16440278,5.0253367,0.017130138,10,0.5000267028808594,2.0194839173657902e-28,1.262177448353619e-29,1
1783662772.800576,37.899036,25.752218,-50.019573,-0.16529801,5.0259604,0.017783167,10,0.5000267028808594,2.0194839173657902e-28,1.262177448353619e-29,1
1783662772.9005976,37.87961,26.269436,-50.017666,-0.16695833,5.027131,0.017175628,10,0.5000267028808594,2.0194839173657902e-28,1.262177448353619e-29,1
1783662773.0005186,37.860886,26.747162,-50.01575,-0.16883215,5.029019,0.015910605,10,0.5000267028808594,2.0194839173657902e-28,1.262177448353619e-29,1
1783662773.1004653,37.84024,27.26526,-50.013683,-0.17000248,5.0313478,0.013976578,10,0.5000267028808594,2.0194839173657902e-28,1.262177448353619e-29,1
1783662773.2006087,37.821518,27.744228,-50.012074,-0.17007007,5.033948,0.011784077,10,0.5000267028808594,2.0194839173657902e-28,1.262177448353619e-29,1
1783662773.300845,37.802216,28.263062,-50.010784,-0.16880788,5.0364437,0.009834702,10,0.5000267028808594,2.0194839173657902e-28,1.262177448353619e-29,1
1783662773.4005826,37.785442,28.742125,-50.009087,-0.1663239,5.0382514,0.008455426,10,0.5000267028808594,2.0194839173657902e-28,1.262177448353619e-29,1
1783662773.5004928,37.768238,29.261312,-50.00705,-0.16339792,5.0397334,0.0070005157,10,0.5000267028808594,2.0194839173657902e-28,1.262177448353619e-29,1
1783662773.60039,37.753082,29.74068,-50.004726,-0.16068931,5.0407534,0.0053406926,10,0.5000267028808594,2.0194839173657902e-28,1.262177448353619e-29,1
1783662773.7004774,37.737278,30.25993,-50.002945,-0.15828778,5.0412283,0.002681876,10,0.5000267028808594,2.0194839173657902e-28,1.262177448353619e-29,1
1783662773.8004787,37.7229,30.739027,-50.00192,-0.15636927,5.0410066,0.00058415486,10,0.5000267028808594,2.0194839173657902e-28,1.262177448353619e-29,1
1783662773.900421,37.70743,31.258038,-50.00083,-0.15523341,5.04031,-0.0009993729,10,0.5000267028808594,2.0194839173657902e-28,1.262177448353619e-29,1
1783662774.0004468,37.693302,31.737366,-49.999565,-0.15458478,5.040006,-0.0023093645,10,0.5000267028808594,2.0194839173657902e-28,1.262177448353619e-29,1
1783662774.1005013,37.678593,32.256912,-49.998096,-0.1539914,5.0395255,-0.0034431873,10,0.5000267028808594,2.0194839173657902e-28,1.262177448353619e-29,1
1783662774.2007568,37.66562,32.736973,-49.996624,-0.15369414,5.0399218,-0.0047160396,10,0.5000267028808594,2.0194839173657902e-28,1.262177448353619e-29,1
1783662774.3004653,37.65117,33.2573,-49.99529,-0.1542199,5.040244,-0.006217204,10,0.5000267028808594,2.0194839173657902e-28,1.262177448353619e-29,1
1783662774.4004307,37.637253,33.73751,-49.994278,-0.15550818,5.0401263,-0.0074812635,10,0.5000267028808594,2.0194839173657902e-28,1.262177448353619e-29,1
1783662774.5005012,37.62115,34.257553,-49.993073,-0.15775225,5.0396843,-0.008990474,10,0.5000267028808594,2.0194839173657902e-28,1.262177448353619e-29,1
1783662774.6005292,37.60553,34.737495,-49.99253,-0.16041774,5.039123,-0.010138819,10,0.5000267028808594,2.0194839173657902e-28,1.262177448353619e-29,1
1783662774.7006578,37.58795,35.258263,-49.992565,-0.16365002,5.0389647,-0.01071847,10,0.5000267028808594,2.0194839173657902e-28,1.262177448353619e-29,1
1783662774.8005674,37.571217,35.73943,-49.993507,-0.16659787,5.039003,-0.01127304,10,0.5000267028808594,2.0194839173657902e-28,1.262177448353619e-29,1
1783662774.9005425,37.553177,36.260593,-49.9953,-0.169119,5.0388885,-0.011162327,10,0.5000267028808594,2.0194839173657902e-28,1.262177448353619e-29,1
1783662775.0004725,37.536537,36.742138,-49.99724,-0.17061627,5.039019,-0.01005157,10,0.5000267028808594,2.0194839173657902e-28,1.262177448353619e-29,1
1783662775.1007695,37.518322,37.26433,-49.998997,-0.17165071,5.039046,-0.00819476,10,0.5000267028808594,2.0194839173657902e-28,1.262177448353619e-29,1
1783662775.2005038,37.501915,37.746853,-50.00016,-0.17210121,5.0393515,-0.006305124,10,0.5000267028808594,2.0194839173657902e-28,1.262177448353619e-29,1
1783662775.300742,37.48449,38.270313,-50.000996,-0.17163965,5.0396905,-0.004440644,10,0.5000267028808594,2.0194839173657902e-28,1.262177448353619e-29,1
1783662775.4004567,37.46877,38.754074,-50.001442,-0.17081623,5.0400267,-0.0031924353,10,0.5000267028808594,2.0194839173657902e-28,1.262177448353619e-29,1
1783662775.5006094,37.451714,39.2786,-50.001663,-0.16987894,5.040197,-0.0024618225,10,0.5000267028808594,2.0194839173657902e-28,1.262177448353619e-29,1
1783662775.6006746,37.435642,39.763065,-50.001675,-0.16932993,5.040037,-0.0017249259,10,0.5000267028808594,2.0194839173657902e-28,1.262177448353619e-29,1
1783662775.7004354,37.4189,40.28771,-50.001892,-0.1683712,5.0390573,-0.0014431551,10,0.5000267028808594,2.0194839173657902e-28,1.262177448353619e-29,1
1783662775.8006864,37.40349,40.771915,-50.00188,-0.16749342,5.037527,-0.001318405,10,0.5000267028808594,2.0194839173657902e-28,1.262177448353619e-29,1
1783662775.9005544,37.38687,41.296238,-50.002434,-0.16685796,5.0350924,-0.0008235223,10,0.5000267028808594,2.0194839173657902e-28,1.262177448353619e-29,1
1783662776.0005405,37.37144,41.7799,-50.002876,-0.16637959,5.0323486,-0.00042943293,10,0.5000267028808594,2.0194839173657902e-28,1.262177448353619e-29,1
1783662776.1004465,37.354256,42.303917,-50.00289,-0.16643973,5.02912,0.00012054949,10,0.5000267028808594,2.0194839173657902e-28,1.262177448353619e-29,1
1783662776.2004452,37.33771,42.78728,-50.00273,-0.16723448,5.026132,0.00032824517,10,0.5000267028808594,2.0194839173657902e-28,1.262177448353619e-29,1
1783662776.3006015,37.31955,43.310143,-50.002422,-0.1679338,5.0222135,0.00020290245,10,0.5000267028808594,2.0194839173657902e-28,1.262177448353619e-29,1
1783662776.4004188,37.302864,43.791805,-50.00204,-0.16780806,5.018025,-4.5704724e-05,10,0.5000267028808594,2.0194839173657902e-28,1.262177448353619e-29,1
1783662776.5005462,37.28397,44.312664,-50.001385,-0.16834159,5.013222,-0.0004845127,10,0.5000267028808594,2.0194839173657902e-28,1.262177448353619e-29,1
1783662776.6006393,37.265408,44.792984,-50.001034,-0.16940376,5.0090547,-0.0010645096,10,0.5000267028808594,2.0194839173657902e-28,1.262177448353619e-29,1
1783662776.7004943,37.24469,45.31235,-50.000893,-0.17074439,5.0044737,-0.0017641406,10,0.5000267028808594,2.0194839173657902e-28,1.262177448353619e-29,1
1783662776.8005657,37.225056,45.790615,-50.00046,-0.17174864,5.0004134,-0.0021788455,10,0.5000267028808594,2.0194839173657902e-28,1.262177448353619e-29,1
1783662776.9004922,37.20353,46.307575,-50.000053,-0.17211196,4.995951,-0.0026440462,10,0.5000267028808594,2.0194839173657902e-28,1.262177448353619e-29,1
1783662777.0006073,37.184242,46.7838,-50.000008,-0.17145287,4.9922805,-0.0032100035,10,0.5000267028808594,2.0194839173657902e-28,1.262177448353619e-29,1
1783662777.1005208,37.164364,47.29935,-50.000088,-0.1689799,4.9892464,-0.003508018,10,0.5000267028808594,2.0194839173657902e-28,1.262177448353619e-29,1
1783662777.200407,37.147007,47.775143,-50.000164,-0.16578966,4.9875517,-0.0036794217,10,0.5000267028808594,2.0194839173657902e-28,1.262177448353619e-29,1
1783662777.3005326,37.129112,48.29011,-50.00035,-0.16168635,4.9863667,-0.0037136562,10,0.5000267028808594,2.0194839173657902e-28,1.262177448353619e-29,1
1783662777.4004574,37.113426,48.765625,-50.000652,-0.15771765,4.9861827,-0.0038940057,10,0.5000267028808594,2.0194839173657902e-28,1.262177448353619e-29,1
1783662777.500513,37.09672,49.28138,-50.00107,-0.15415703,4.9876676,-0.003800546,10,0.5000267028808594,2.0194839173657902e-28,1.262177448353619e-29,1
1783662777.600503,37.08131,49.757843,-50.00131,-0.15183915,4.9897876,-0.0034828081,10,0.5000267028808594,2.0194839173657902e-28,1.262177448353619e-29,1
1783662777.700535,37.065315,50.27487,-50.001324,-0.14993499,4.9930644,-0.0030686175,10,0.5000267028808594,2.0194839173657902e-28,1.262177448353619e-29,1
1783662777.800445,37.051525,50.75259,-50.001415,-0.1478521,4.996568,-0.002948992,10,0.5000267028808594,2.0194839173657902e-28,1.262177448353619e-29,1
1783662779.0481036,37.037617,51.270775,-50.00171,-0.14545727,5.000569,-0.0028039266,10,0.5000267028808594,2.0194839173657902e-28,1.262177448353619e-29,1
1783662779.1004784,37.031387,51.51031,-50.00189,-0.14461863,5.002623,-0.0025657546,10,0.5000267028808594,2.0194839173657902e-28,1.262177448353619e-29,1
1783662779.2005196,37.019207,51.989876,-50.002224,-0.14308165,5.006803,-0.0022914312,10,0.5000267028808594,2.0194839173657902e-28,1.262177448353619e-29,1
1783662779.3004575,37.006405,52.509598,-50.00291,-0.14206731,5.0104694,-0.0019347682,10,0.5000267028808594,2.0194839173657902e-28,1.262177448353619e-29,1
1783662779.4004607,36.994595,52.98961,-50.003666,-0.14167498,5.0133057,-0.0012953441,10,0.5000267028808594,2.0194839173657902e-28,1.262177448353619e-29,1
1783662779.5007904,36.9813,53.509823,-50.004513,-0.14238136,5.0156145,-0.0003164913,10,0.5000267028808594,2.0194839173657902e-28,1.262177448353619e-29,1
1783662779.6004121,36.96798,53.99014,-50.00548,-0.1449033,5.0171742,6.325483e-05,10,0.5000267028808594,2.0194839173657902e-28,1.262177448353619e-29,1
1783662779.7007737,36.951942,54.51009,-50.007072,-0.14894372,5.0179887,0.0007870322,10,0.5000267028808594,2.0194839173657902e-28,1.262177448353619e-29,1
1783662779.8004694,36.93569,54.989685,-50.008606,-0.1536817,5.0182624,0.0021018612,10,0.5000267028808594,2.0194839173657902e-28,1.262177448353619e-29,1
1783662779.9004672,36.917027,55.50884,-50.009674,-0.15923119,5.0178833,0.003744541,10,0.5000267028808594,2.0194839173657902e-28,1.262177448353619e-29,1
1783662780.0004869,36.898834,55.987495,-50.010033,-0.16410144,5.0173535,0.004903137,10,0.5000267028808594,2.0194839173657902e-28,1.262177448353619e-29,1
1783662780.1005225,36.87895,56.50565,-50.01068,-0.16834177,5.016679,0.005824607,10,0.5000267028808594,2.0194839173657902e-28,1.262177448353619e-29,1
1783662780.2005599,36.86062,56.983337,-50.01132,-0.17064631,5.015427,0.006688109,10,0.5000267028808594,2.0194839173657902e-28,1.262177448353619e-29,1
1783662780.3004596,36.840363,57.499733,-50.011288,-0.17227139,5.013641,0.00725626,10,0.5000267028808594,2.0194839173657902e-28,1.262177448353619e-29,1
1783662780.400691,36.82158,57.975777,-50.01125,-0.17291342,5.0121527,0.0072801462,10,0.5000267028808594,2.0194839173657902e-28,1.262177448353619e-29,1
1783662780.5005698,36.801075,58.491486,-50.01134,-0.17285034,5.011395,0.0072984556,10,0.5000267028808594,2.0194839173657902e-28,1.262177448353619e-29,1
1783662780.600515,36.78187,58.96776,-50.011032,-0.17251568,5.011766,0.0073992983,10,0.5000267028808594,2.0194839173657902e-28,1.262177448353619e-29,1
1783662780.7004044,36.761436,59.484226,-50.010174,-0.17172022,5.013374,0.007473747,10,0.5000267028808594,2.0194839173657902e-28,1.262177448353619e-29,1
1783662780.8007038,36.743248,59.961746,-50.00923,-0.16988166,5.016102,0.0071197897,10,0.5000267028808594,2.0194839173657902e-28,1.262177448353619e-29,1
1783662780.9008806,36.724754,60.48003,-50.007645,-0.16669062,5.0195937,0.006464283,10,0.5000267028808594,2.0194839173657902e-28,1.262177448353619e-29,1
1783662781.0005178,36.709003,60.959503,-50.00616,-0.1633482,5.0235233,0.0055361404,10,0.5000267028808594,2.0194839173657902e-28,1.262177448353619e-29,1
1783662781.100485,36.69303,61.47945,-50.004425,-0.15946922,5.02734,0.0041513853,10,0.5000267028808594,2.0194839173657902e-28,1.262177448353619e-29,1
1783662781.2004628,36.678673,61.96021,-50.002907,-0.15625656,5.0307527,0.002806275,10,0.5000267028808594,2.0194839173657902e-28,1.262177448353619e-29,1
1783662781.3006825,36.663265,62.481743,-50.00105,-0.15382156,5.0341463,0.0012323644,10,0.5000267028808594,2.0194839173657902e-28,1.262177448353619e-29,1
1783662781.4007,36.64933,62.963596,-49.999004,-0.15197787,5.0365405,0.0004825585,10,0.5000267028808594,2.0194839173657902e-28,1.262177448353619e-29,1
1783662781.500475,36.635086,63.485664,-49.997147,-0.15045632,5.031446,-5.8734076e-06,10,0.5000267028808594,2.0194839173657902e-28,1.262177448353619e-29,1
1783662781.6005723,36.6224,63.96617,-49.99571,-0.15447791,5.006654,-0.0053916173,10,0.5000267028808594,2.0194839173657902e-28,1.262177448353619e-29,1
1783662781.700563,36.607674,64.48161,-49.995064,-0.17991717,4.9439225,-0.019967308,10,0.5000267028808594,2.0194839173657902e-28,1.262177448353619e-29,1
1783662781.8006077,36.589836,64.94837,-49.99641,-0.23627701,4.8448935,-0.041329134,10,0.5000267028808594,2.0194839173657902e-28,1.262177448353619e-29,1
1783662781.9005873,36.561108,65.439095,-50.000805,-0.34245926,4.686943,-0.069330215,10,0.5000267028808594,2.0194839173657902e-28,1.262177448353619e-29,1
1783662782.000479,36.520947,65.87327,-50.008316,-0.485516,4.491857,-0.09577429,10,0.5000267028808594,2.0194839173657902e-28,1.262177448353619e-29,1
1783662782.100539,36.457096,66.316414,-50.01998,-0.6881989,4.226227,-0.11698711,10,0.5000267028808594,2.0194839173657902e-28,1.262177448353619e-29,1
1783662782.2006779,36.374622,66.69441,-50.03166,-0.91084564,3.9373143,-0.10823108,10,0.5000267028808594,2.0194839173657902e-28,1.262177448353619e-29,1
1783662782.3006318,36.256527,67.06582,-50.04166,-1.1790165,3.588158,-0.079705395,10,0.5000267028808594,2.0194839173657902e-28,1.262177448353619e-29,1
1783662782.4006114,36.1196,67.37074,-50.04751,-1.4422457,3.2421923,-0.051120125,10,0.5000267028808594,2.0194839173657902e-28,1.262177448353619e-29,1
1783662782.5005481,35.941,67.657745,-50.050335,-1.7351242,2.851855,-0.025009729,10,0.5000267028808594,2.0194839173657902e-28,1.262177448353619e-29,1
1783662782.6004715,35.74905,67.88348,-50.050438,-2.00754,2.4862316,-0.007984804,10,0.5000267028808594,2.0194839173657902e-28,1.262177448353619e-29,1
1783662782.7006383,35.512,68.086174,-50.047764,-2.3002007,2.092845,0.007180433,10,0.5000267028808594,2.0194839173657902e-28,1.262177448353619e-29,1
1783662782.8004804,35.267525,68.23631,-50.043602,-2.5635967,1.7379253,0.020666294,10,0.5000267028808594,2.0194839173657902e-28,1.262177448353619e-29,1
1783662782.900449,34.97715,68.36101,-50.03814,-2.836081,1.3664255,0.031345714,10,0.5000267028808594,2.0194839173657902e-28,1.262177448353619e-29,1
1783662783.0003664,34.687557,68.441826,-50.033184,-3.071237,1.0368991,0.035075262,10,0.5000267028808594,2.0194839173657902e-28,1.262177448353619e-29,1
1783662783.1006768,34.353107,68.495384,-50.028492,-3.3057938,0.6986601,0.0338515,10,0.5000267028808594,2.0194839173657902e-28,1.262177448353619e-29,1
1783662783.2010968,34.026546,68.51567,-50.025043,-3.5051003,0.40479848,0.028772367,10,0.5000267028808594,2.0194839173657902e-28,1.262177448353619e-29,1
1783662783.3004613,33.65461,68.50873,-50.02213,-3.7038524,0.108871296,0.029648256,10,0.5000267028808594,2.0194839173657902e-28,1.262177448353619e-29,1
1783662783.4004211,33.29619,68.479065,-50.019413,-3.8690279,-0.14473797,0.034583233,10,0.5000267028808594,2.0194839173657902e-28,1.262177448353619e-29,1
1783662783.5004656,32.893578,68.42414,-50.016148,-4.022732,-0.40053743,0.03875328,10,0.5000267028808594,2.0194839173657902e-28,1.262177448353619e-29,1
1783662783.6006145,32.511135,68.35385,-50.01301,-4.1363125,-0.62183356,0.039681375,10,0.5000267028808594,2.0194839173657902e-28,1.262177448353619e-29,1
1783662783.7006712,32.08917,68.258156,-50.009594,-4.2256594,-0.84755886,0.03763707,10,0.5000267028808594,2.0194839173657902e-28,1.262177448353619e-29,1
1783662783.800522,31.695942,68.15247,-50.00728,-4.2751236,-1.0466212,0.03346762,10,0.5000267028808594,2.0194839173657902e-28,1.262177448353619e-29,1
1783662783.900446,31.269024,68.02043,-50.006264,-4.2924485,-1.2546366,0.027101554,10,0.5000267028808594,2.0194839173657902e-28,1.262177448353619e-29,1
1783662784.0004313,30.877436,67.883354,-50.00623,-4.2739573,-1.4410958,0.020826533,10,0.5000267028808594,2.0194839173657902e-28,1.262177448353619e-29,1
1783662784.1006389,30.45987,67.71864,-50.006847,-4.2167087,-1.6395947,0.012852669,10,0.5000267028808594,2.0194839173657902e-28,1.262177448353619e-29,1
1783662784.2006094,30.083788,67.55132,-50.00848,-4.1358657,-1.821393,0.006154818,10,0.5000267028808594,2.0194839173657902e-28,1.262177448353619e-29,1
1783662784.30052,29.688885,67.352585,-50.011086,-4.031546,-2.0191162,0.0077553964,10,0.5000267028808594,2.0194839173657902e-28,1.262177448353619e-29,1
1783662784.4005814,29.33517,67.15282,-50.01336,-3.9307938,-2.2006419,0.01401188,10,0.5000267028808594,2.0194839173657902e-28,1.262177448353619e-29,1
1783662784.5006237,28.96298,66.919106,-50.014885,-3.825203,-2.3895078,0.02401301,10,0.5000267028808594,2.0194839173657902e-28,1.262177448353619e-29,1
1783662784.6008408,28.627914,66.68786,-50.01518,-3.7362466,-2.550838,0.03229631,10,0.5000267028808594,2.0194839173657902e-28,1.262177448353619e-29,1
1783662784.7005026,28.272152,66.42238,-50.01475,-3.6534324,-2.7053401,0.03700881,10,0.5000267028808594,2.0194839173657902e-28,1.262177448353619e-29,1
1783662784.8006437,27.949034,66.16652,-50.014763,-3.5944252,-2.824118,0.034453847,10,0.5000267028808594,2.0194839173657902e-28,1.262177448353619e-29,1
1783662784.900473,27.60129,65.87997,-50.015713,-3.5621877,-2.9244378,0.026700608,10,0.5000267028808594,2.0194839173657902e-28,1.262177448353619e-29,1
1783662785.0006862,27.278772,65.60928,-50.017178,-3.5661309,-2.9887578,0.022914205,10,0.5000267028808594,2.0194839173657902e-28,1.262177448353619e-29,1
1783662785.1006162,26.923943,65.31322,-50.018642,-3.5989802,-3.0244324,0.022456806,10,0.5000267028808594,2.0194839173657902e-28,1.262177448353619e-29,1
1783662785.2006226,26.588446,65.04004,-50.01967,-3.646408,-3.0277724,0.024646832,10,0.5000267028808594,2.0194839173657902e-28,1.262177448353619e-29,1
1783662785.300481,26.214603,64.747314,-50.020695,-3.7076626,-3.009415,0.028106662,10,0.5000267028808594,2.0194839173657902e-28,1.262177448353619e-29,1
1783662785.4005625,25.859608,64.48108,-50.021206,-3.7663147,-2.9825947,0.031778704,10,0.5000267028808594,2.0194839173657902e-28,1.262177448353619e-29,1
1783662785.5004678,25.465904,64.196594,-50.02095,-3.8249042,-2.9519255,0.034915984,10,0.5000267028808594,2.0194839173657902e-28,1.262177448353619e-29,1
1783662785.6005006,25.095318,63.937237,-50.020153,-3.8714328,-2.9269233,0.03610387,10,0.5000267028808594,2.0194839173657902e-28,1.262177448353619e-29,1
1783662785.7005167,24.687872,63.6583,-50.019066,-3.9108098,-2.9063032,0.03611734,10,0.5000267028808594,2.0194839173657902e-28,1.262177448353619e-29,1
1783662785.8004947,24.307907,63.40157,-50.017815,-3.9363718,-2.8951612,0.03516851,10,0.5000267028808594,2.0194839173657902e-28,1.262177448353619e-29,1
1783662785.9006708,23.893,63.123474,-50.01627,-3.9536932,-2.8912096,0.033369604,10,0.5000267028808594,2.0194839173657902e-28,1.262177448353619e-29,1
1783662786.00082,23.508718,62.865585,-50.01526,-3.9601276,-2.8947432,0.031384736,10,0.5000267028808594,2.0194839173657902e-28,1.262177448353619e-29,1
1783662786.1010149,23.09229,62.58362,-50.01469,-3.9579046,-2.9059358,0.029430587,10,0.5000267028808594,2.0194839173657902e-28,1.262177448353619e-29,1
1783662786.200535,22.708553,62.319534,-50.014416,-3.947967,-2.9217277,0.028333884,10,0.5000267028808594,2.0194839173657902e-28,1.262177448353619e-29,1
1783662786.3004723,22.294836,62.028904,-50.014046,-3.9290783,-2.9430115,0.027545212,10,0.5000267028808594,2.0194839173657902e-28,1.262177448353619e-29,1
1783662786.4005117,21.915964,61.756653,-50.013374,-3.9050524,-2.9645545,0.02693186,10,0.5000267028808594,2.0194839173657902e-28,1.262177448353619e-29,1
1783662786.500931,21.509193,61.457397,-50.012646,-3.8742898,-2.9894485,0.025668992,10,0.5000267028808594,2.0194839173657902e-28,1.262177448353619e-29,1
1783662786.6004326,21.137074,61.177227,-50.012356,-3.8437965,-3.0130188,0.024293734,10,0.5000267028808594,2.0194839173657902e-28,1.262177448353619e-29,1
1783662786.7007396,20.737522,60.86972,-50.012394,-3.8108797,-3.0393,0.022806901,10,0.5000267028808594,2.0194839173657902e-28,1.262177448353619e-29,1
1783662786.8004797,20.371723,60.58219,-50.012,-3.7821822,-3.064262,0.021713784,10,0.5000267028808594,2.0194839173657902e-28,1.262177448353619e-29,1
1783662786.9005356,19.977942,60.266914,-50.01086,-3.7543242,-3.0910802,0.020868706,10,0.5000267028808594,2.0194839173657902e-28,1.262177448353619e-29,1
1783662787.0006115,19.616446,59.972435,-50.009068,-3.7321513,-3.1156824,0.019960945,10,0.5000267028808594,2.0194839173657902e-28,1.262177448353619e-29,1
1783662787.100507,19.227238,59.650276,-50.006725,-3.7108142,-3.1405313,0.018064141,10,0.5000267028808594,2.0194839173657902e-28,1.262177448353619e-29,1
1783662787.200584,18.869534,59.35044,-50.00428,-3.6942196,-3.161561,0.015902782,10,0.5000267028808594,2.0194839173657902e-28,1.262177448353619e-29,1
1783662787.3007066,18.483137,59.02285,-50.001793,-3.6800194,-3.182204,0.012993878,10,0.5000267028808594,2.0194839173657902e-28,1.262177448353619e-29,1
1783662787.4005318,18.12729,58.71845,-50.0002,-3.6704957,-3.1989932,0.009880791,10,0.5000267028808594,2.0194839173657902e-28,1.262177448353619e-29,1
1783662787.5007336,17.742167,58.38628,-49.999622,-3.6634436,-3.2147563,0.0068899514,10,0.5000267028808594,2.0194839173657902e-28,1.262177448353619e-29,1
1783662787.6006417,17.387362,58.07764,-49.999832,-3.6590595,-3.2268512,0.0050738254,10,0.5000267028808594,2.0194839173657902e-28,1.262177448353619e-29,1
1783662787.7006035,17.003119,57.742496,-50.00055,-3.6571376,-3.2361946,0.0041232,10,0.5000267028808594,2.0194839173657902e-28,1.262177448353619e-29,1
1783662787.8005152,16.647694,57.43243,-50.001156,-3.657785,-3.242159,0.0037515021,10,0.5000267028808594,2.0194839173657902e-28,1.262177448353619e-29,1
1783662787.9007833,16.261913,57.096565,-50.001625,-3.66065,-3.245304,0.003749316,10,0.5000267028808594,2.0194839173657902e-28,1.262177448353619e-29,1
1783662788.0005882,15.9049635,56.786613,-50.002228,-3.6650896,-3.2461846,0.003795697,10,0.5000267028808594,2.0194839173657902e-28,1.262177448353619e-29,1
1783662788.1006086,15.51712,56.450214,-50.003273,-3.6713953,-3.2460952,0.004172264,10,0.5000267028808594,2.0194839173657902e-28,1.262177448353619e-29,1
1783662788.2004924,15.15821,56.139282,-50.004242,-3.6778295,-3.2451582,0.0047721537,10,0.5000267028808594,2.0194839173657902e-28,1.262177448353619e-29,1
1783662788.3004758,14.768249,55.801746,-50.00529,-3.6852353,-3.2440283,0.005383419,10,0.5000267028808594,2.0194839173657902e-28,1.262177448353619e-29,1
1783662788.400602,14.407905,55.489876,-50.006195,-3.6922526,-3.2423744,0.0061243474,10,0.5000267028808594,2.0194839173657902e-28,1.262177448353619e-29,1
1783662788.501042,14.016713,55.151466,-50.006977,-3.70014,-3.2408793,0.0070395,10,0.5000267028808594,2.0194839173657902e-28,1.262177448353619e-29,1
1783662788.6008866,13.654504,54.83872,-50.007423,-3.7073908,-3.2395313,0.007899731,10,0.5000267028808594,2.0194839173657902e-28,1.262177448353619e-29,1
1783662788.700694,13.260948,54.500313,-50.0078,-3.7156904,-3.236981,0.008543361,10,0.5000267028808594,2.0194839173657902e-28,1.262177448353619e-29,1
1783662788.8007045,12.895894,54.188393,-50.0084,-3.7239363,-3.2340875,0.008897418,10,0.5000267028808594,2.0194839173657902e-28,1.262177448353619e-29,1
1783662788.9007852,12.498649,53.850708,-50.008858,-3.732947,-3.2307198,0.00937972,10,0.5000267028808594,2.0194839173657902e-28,1.262177448353619e-29,1
1783662789.0004482,12.130948,53.539154,-50.00904,-3.740826,-3.227454,0.009548065,10,0.5000267028808594,2.0194839173657902e-28,1.262177448353619e-29,1
1783662789.1004202,11.731782,53.20147,-50.008972,-3.7482255,-3.2243414,0.009947186,10,0.5000267028808594,2.0194839173657902e-28,1.262177448353619e-29,1
1783662789.2006466,11.363473,52.88984,-50.009007,-3.754057,-3.2218676,0.009888686,10,0.5000267028808594,2.0194839173657902e-28,1.262177448353619e-29,1
1783662789.3008304,10.964648,52.552444,-50.008858,-3.7589397,-3.2191253,0.010248938,10,0.5000267028808594,2.0194839173657902e-28,1.262177448353619e-29,1
1783662789.400758,10.596683,52.24134,-50.008087,-3.7624328,-3.216239,0.010301582,10,0.5000267028808594,2.0194839173657902e-28,1.262177448353619e-29,1
1783662789.5005786,10.198594,51.904922,-50.0067,-3.7652175,-3.213065,0.009551131,10,0.5000267028808594,2.0194839173657902e-28,1.262177448353619e-29,1
1783662789.600425,9.831667,51.5944,-50.004753,-3.7669985,-3.2104275,0.008441349,10,0.5000267028808594,2.0194839173657902e-28,1.262177448353619e-29,1
1783662789.7007933,9.434074,51.258026,-50.003128,-3.7688606,-3.2076292,0.0055356896,10,0.5000267028808594,2.0194839173657902e-28,1.262177448353619e-29,1
1783662789.800672,9.066794,50.948063,-50.00234,-3.7744179,-3.2017603,-0.0003373442,10,0.5000267028808594,2.0194839173657902e-28,1.262177448353619e-29,1
1783662789.9005566,8.666983,50.613914,-50.003086,-3.79591,-3.1777072,-0.009632635,10,0.5000267028808594,2.0194839173657902e-28,1.262177448353619e-29,1
1783662790.0005689,8.294056,50.309387,-50.005463,-3.834584,-3.1248484,-0.017769862,10,0.5000267028808594,2.0194839173657902e-28,1.262177448353619e-29,1
1783662790.100619,7.8844,49.98759,-50.00866,-3.8960955,-3.0317595,-0.01853713,10,0.5000267028808594,2.0194839173657902e-28,1.262177448353619e-29,1
1783662790.2004693,7.499768,49.70093,-50.011295,-3.9664414,-2.9225101,-0.013465318,10,0.5000267028808594,2.0194839173657902e-28,1.262177448353619e-29,1
1783662790.3007307,7.0748777,49.40397,-50.013134,-4.0512805,-2.79069,-0.0060768705,10,0.5000267028808594,2.0194839173657902e-28,1.262177448353619e-29,1
1783662790.400772,6.674117,49.14336,-50.014404,-4.132944,-2.665264,-9.218442e-05,10,0.5000267028808594,2.0194839173657902e-28,1.262177448353619e-29,1
1783662790.5006528,6.230917,48.875874,-50.015278,-4.221909,-2.5312717,0.005843349,10,0.5000267028808594,2.0194839173657902e-28,1.262177448353619e-29,1
1783662790.6007602,5.813549,48.64229,-50.01544,-4.299866,-2.4123383,0.011602724,10,0.5000267028808594,2.0194839173657902e-28,1.262177448353619e-29,1
1783662790.7005641,5.3529863,48.401882,-50.01421,-4.3751073,-2.2923481,0.016221859,10,0.5000267028808594,2.0194839173657902e-28,1.262177448353619e-29,1
1783662790.8006582,4.9210963,48.190758,-50.012028,-4.433933,-2.1912754,0.01787571,10,0.5000267028808594,2.0194839173657902e-28,1.262177448353619e-29,1
1783662790.9005628,4.4473205,47.97244,-50.009346,-4.4866366,-2.0938246,0.016763803,10,0.5000267028808594,2.0194839173657902e-28,1.262177448353619e-29,1
1783662791.000633,4.0057864,47.778717,-50.007362,-4.5264106,-2.0160162,0.014248492,10,0.5000267028808594,2.0194839173657902e-28,1.262177448353619e-29,1
1783662791.100783,3.5238142,47.5754,-50.005608,-4.562147,-1.9447267,0.008305836,10,0.5000267028808594,2.0194839173657902e-28,1.262177448353619e-29,1
1783662791.2006247,3.0763056,47.392513,-50.00456,-4.5925064,-1.8830336,0.00022646166,10,0.5000267028808594,2.0194839173657902e-28,1.262177448353619e-29,1
1783662791.3005278,2.5891972,47.20002,-50.003975,-4.625155,-1.8024677,-0.012211074,10,0.5000267028808594,2.0194839173657902e-28,1.262177448353619e-29,1
1783662791.4006062,2.1373453,47.02948,-50.004997,-4.655456,-1.7008137,-0.023816772,10,0.5000267028808594,2.0194839173657902e-28,1.262177448353619e-29,1
1783662791.5004976,1.6445316,46.857166,-50.006977,-4.6880617,-1.556182,-0.020034267,10,0.5000267028808594,2.0194839173657902e-28,1.262177448353619e-29,1
1783662791.6006134,1.186895,46.712982,-50.00807,-4.7196198,-1.4055839,-0.006675595,10,0.5000267028808594,2.0194839173657902e-28,1.262177448353619e-29,1
1783662791.7005808,0.6879744,46.574306,-50.007744,-4.7564673,-1.2473303,0.0062750485,10,0.5000267028808594,2.0194839173657902e-28,1.262177448353619e-29,1
1783662791.8005135,0.22443052,46.461533,-50.006683,-4.793199,-1.1226468,0.012357948,10,0.5000267028808594,2.0194839173657902e-28,1.262177448353619e-29,1
1783662791.9005892,-0.28011942,46.35144,-50.005466,-4.8311634,-1.0249897,0.014280277,10,0.5000267028808594,2.0194839173657902e-28,1.262177448353619e-29,1
1783662792.000439,-0.74736553,46.255386,-50.004925,-4.8551097,-0.9765674,0.011054167,10,0.5000267028808594,2.0194839173657902e-28,1.262177448353619e-29,1
1783662792.100526,-1.2540398,46.152374,-50.004745,-4.866528,-0.96460515,0.007948295,10,0.5000267028808594,2.0194839173657902e-28,1.262177448353619e-29,1
1783662792.2006986,-1.721338,46.0548,-50.005077,-4.8675,-0.97712934,0.006473581,10,0.5000267028808594,2.0194839173657902e-28,1.262177448353619e-29,1
1783662792.3005302,-2.2268555,45.944443,-50.005234,-4.8629713,-1.0033047,0.006007395,10,0.5000267028808594,2.0194839173657902e-28,1.262177448353619e-29,1
1783662792.400516,-2.692913,45.83801,-50.005203,-4.8570657,-1.0312992,0.006281592,10,0.5000267028808594,2.0194839173657902e-28,1.262177448353619e-29,1
1783662792.5004258,-3.1971748,45.718002,-50.004833,-4.85078,-1.0605195,0.0065059266,10,0.5000267028808594,2.0194839173657902e-28,1.262177448353619e-29,1
1783662792.6005194,-3.6615508,45.60373,-50.004166,-4.845676,-1.0841086,0.006469377,10,0.5000267028808594,2.0194839173657902e-28,1.262177448353619e-29,1
1783662792.700467,-4.1631713,45.476803,-50.00328,-4.8411493,-1.104862,0.00601909,10,0.5000267028808594,2.0194839173657902e-28,1.262177448353619e-29,1
1783662792.8005056,-4.625176,45.357983,-50.002575,-4.8378487,-1.1197345,0.0052799163,10,0.5000267028808594,2.0194839173657902e-28,1.262177448353619e-29,1
1783662792.9004412,-5.124855,45.228634,-50.002613,-4.8355174,-1.1309484,0.003950261,10,0.5000267028808594,2.0194839173657902e-28,1.262177448353619e-29,1
1783662793.0005019,-5.5861435,45.108875,-50.00273,-4.8349013,-1.1375862,0.0030244053,10,0.5000267028808594,2.0194839173657902e-28,1.262177448353619e-29,1
1783662793.1009014,-6.08685,44.97962,-50.002274,-4.8366504,-1.1412456,0.0033395854,10,0.5000267028808594,2.0194839173657902e-28,1.262177448353619e-29,1
1783662793.2006235,-6.550305,44.86151,-50.00175,-4.8400836,-1.1415644,0.002843961,10,0.5000267028808594,2.0194839173657902e-28,1.262177448353619e-29,1
1783662793.300461,-7.053568,44.735218,-50.000874,-4.8447204,-1.1391861,0.002566789,10,0.5000267028808594,2.0194839173657902e-28,1.262177448353619e-29,1
1783662793.400486,-7.5183372,44.619774,-49.99997,-4.848927,-1.1353964,0.0020167332,10,0.5000267028808594,2.0194839173657902e-28,1.262177448353619e-29,1
1783662793.5006588,-8.021531,44.49624,-49.9991,-4.8528767,-1.1298888,0.0008296058,10,0.5000267028808594,2.0194839173657902e-28,1.262177448353619e-29,1
1783662793.600575,-8.486579,44.383255,-49.99903,-4.856752,-1.1243541,-0.00016278523,10,0.5000267028808594,2.0194839173657902e-28,1.262177448353619e-29,1
1783662793.7005975,-8.991172,44.262337,-49.99869,-4.860848,-1.1177813,-0.00059298537,10,0.5000267028808594,2.0194839173657902e-28,1.262177448353619e-29,1
1783662793.8004572,-9.458641,44.151733,-49.99798,-4.8655567,-1.1115465,-0.0011109337,10,0.5000267028808594,2.0194839173657902e-28,1.262177448353619e-29,1
1783662793.9007611,-9.966708,44.03282,-49.998108,-4.871197,-1.1054044,-0.0019354353,10,0.5000267028808594,2.0194839173657902e-28,1.262177448353619e-29,1
1783662794.0008545,-10.436076,43.92418,-49.9993,-4.875766,-1.0998012,-0.0022343358,10,0.5000267028808594,2.0194839173657902e-28,1.262177448353619e-29,1
1783662794.100583,-10.944511,43.80729,-50.000916,-4.8794966,-1.0944089,-0.0016543277,10,0.5000267028808594,2.0194839173657902e-28,1.262177448353619e-29,1
1783662794.2005908,-11.413478,43.70029,-50.00201,-4.8814735,-1.0897863,-0.0006591036,10,0.5000267028808594,2.0194839173657902e-28,1.262177448353619e-29,1
1783662794.300419,-11.921464,43.585262,-50.002853,-4.882862,-1.085013,0.0006437428,10,0.5000267028808594,2.0194839173657902e-28,1.262177448353619e-29,1
1783662794.4004872,-12.390593,43.479862,-50.00315,-4.883348,-1.0815344,0.0013404938,10,0.5000267028808594,2.0194839173657902e-28,1.262177448353619e-29,1
1783662794.5004718,-12.898605,43.36605,-50.003036,-4.883782,-1.0787042,0.002022222,10,0.5000267028808594,2.0194839173657902e-28,1.262177448353619e-29,1
1783662794.600534,-13.367005,43.260876,-50.002525,-4.883418,-1.077844,0.0023013547,10,0.5000267028808594,2.0194839173657902e-28,1.262177448353619e-29,1
1783662794.7005239,-13.87341,43.146484,-50.00145,-4.8819084,-1.078319,0.002039057,10,0.5000267028808594,2.0194839173657902e-28,1.262177448353619e-29,1
1783662794.8006098,-14.339888,43.040344,-50.000782,-4.879932,-1.080498,0.0010703576,10,0.5000267028808594,2.0194839173657902e-28,1.262177448353619e-29,1
1783662794.9005268,-14.845222,42.924843,-50.000256,-4.8780975,-1.084177,-5.7613568e-05,10,0.5000267028808594,2.0194839173657902e-28,1.262177448353619e-29,1
1783662795.0005858,-15.311598,42.818027,-49.999744,-4.87704,-1.0878057,-0.0010199866,10,0.5000267028808594,2.0194839173657902e-28,1.262177448353619e-29,1
1783662795.1005151,-15.81691,42.70226,-49.999012,-4.876482,-1.09138,-0.0017422175,10,0.5000267028808594,2.0194839173657902e-28,1.262177448353619e-29,1
1783662795.2005591,-16.283941,42.59589,-49.99773,-4.876701,-1.0941997,-0.0023193015,10,0.5000267028808594,2.0194839173657902e-28,1.262177448353619e-29,1
1783662795.300551,-16.789879,42.481304,-49.99602,-4.8771567,-1.0963622,-0.0038029552,10,0.5000267028808594,2.0194839173657902e-28,1.262177448353619e-29,1
1783662795.4010046,-17.256973,42.376198,-49.994404,-4.877562,-1.0977274,-0.0051859966,10,0.5000267028808594,2.0194839173657902e-28,1.262177448353619e-29,1
1783662795.5006425,-17.763266,42.262753,-49.993004,-4.8783164,-1.0992829,-0.006870897,10,0.5000267028808594,2.0194839173657902e-28,1.262177448353619e-29,1
1783662795.6005409,-18.231136,42.158085,-49.991783,-4.8787017,-1.1010314,-0.008468991,10,0.5000267028808594,2.0194839173657902e-28,1.262177448353619e-29,1
1783662795.7007947,-18.738346,42.044933,-49.99045,-4.879448,-1.1031654,-0.00989086,10,0.5000267028808594,2.0194839173657902e-28,1.262177448353619e-29,1
1783662795.8007574,-19.206423,41.94028,-49.989597,-4.879788,-1.105848,-0.011145188,10,0.5000267028808594,2.0194839173657902e-28,1.262177448353619e-29,1
1783662795.9006875,-19.713465,41.826324,-49.988876,-4.879862,-1.1094319,-0.012612509,10,0.5000267028808594,2.0194839173657902e-28,1.262177448353619e-29,1
1783662796.0003915,-20.182255,41.72064,-49.98886,-4.880596,-1.1132259,-0.01362945,10,0.5000267028808594,2.0194839173657902e-28,1.262177448353619e-29,1
1783662796.1004746,-20.69087,41.60565,-49.989838,-4.88204,-1.1178743,-0.014403016,10,0.5000267028808594,2.0194839173657902e-28,1.262177448353619e-29,1
1783662796.2004108,-21.160942,41.499294,-49.99149,-4.883218,-1.1221452,-0.01446053,10,0.5000267028808594,2.0194839173657902e-28,1.262177448353619e-29,1
1783662796.300868,-21.670448,41.384457,-49.993336,-4.884514,-1.1261482,-0.013009298,10,0.5000267028808594,2.0194839173657902e-28,1.262177448353619e-29,1
1783662796.4005334,-22.140526,41.278435,-49.995094,-4.8846536,-1.1296631,-0.011519527,10,0.5000267028808594,2.0194839173657902e-28,1.262177448353619e-29,1
1783662796.500604,-22.64963,41.163074,-49.99691,-4.8839407,-1.1336976,-0.009513744,10,0.5000267028808594,2.0194839173657902e-28,1.262177448353619e-29,1
1783662796.6005456,-23.119148,41.05562,-49.99831,-4.882501,-1.138121,-0.007467817,10,0.5000267028808594,2.0194839173657902e-28,1.262177448353619e-29,1
1783662796.7006218,-23.626856,40.93839,-49.99939,-4.879954,-1.1432275,-0.0054066447,10,0.5000267028808594,2.0194839173657902e-28,1.262177448353619e-29,1
1783662796.8009326,-24.094627,40.829533,-49.99991,-4.877097,-1.1478066,-0.0039042688,10,0.5000267028808594,2.0194839173657902e-28,1.262177448353619e-29,1
1783662796.9010553,-24.600033,40.710926,-50.000347,-4.8736124,-1.1531618,-0.0031767194,10,0.5000267028808594,2.0194839173657902e-28,1.262177448353619e-29,1
1783662797.000461,-25.065725,40.60077,-50.00093,-4.870139,-1.1576108,-0.002782693,10,0.5000267028808594,2.0194839173657902e-28,1.262177448353619e-29,1
1783662797.1004467,-25.570303,40.481342,-50.001595,-4.8672566,-1.1613659,-0.0025630174,10,0.5000267028808594,2.0194839173657902e-28,1.262177448353619e-29,1
1783662797.2008126,-26.036993,40.37152,-50.001865,-4.866325,-1.1636834,-0.0020926748,10,0.5000267028808594,2.0194839173657902e-28,1.262177448353619e-29,1
1783662797.3006704,-26.543873,40.252857,-50.002846,-4.8670187,-1.1648605,-0.0018480333,10,0.5000267028808594,2.0194839173657902e-28,1.262177448353619e-29,1
1783662797.4007683,-27.01195,40.143345,-50.003754,-4.8680573,-1.1655923,-0.0012714135,10,0.5000267028808594,2.0194839173657902e-28,1.262177448353619e-29,1
1783662797.5004623,-27.519348,40.024727,-50.00428,-4.869269,-1.1661615,-1.9128289e-05,10,0.5000267028808594,2.0194839173657902e-28,1.262177448353619e-29,1
1783662797.6007981,-27.988167,39.914795,-50.00435,-4.8704667,-1.1669637,0.00067600847,10,0.5000267028808594,2.0194839173657902e-28,1.262177448353619e-29,1
1783662797.700491,-28.496784,39.795616,-50.00422,-4.8716383,-1.1676991,0.0013214393,10,0.5000267028808594,2.0194839173657902e-28,1.262177448353619e-29,1
1783662797.8010106,-28.966967,39.685387,-50.00411,-4.872903,-1.1684186,0.0015607674,10,0.5000267028808594,2.0194839173657902e-28,1.262177448353619e-29,1
1783662797.900678,-29.476439,39.56556,-50.003845,-4.873703,-1.1692196,0.0017178768,10,0.5000267028808594,2.0194839173657902e-28,1.262177448353619e-29,1
1783662798.0006645,-29.946543,39.454777,-50.003235,-4.873746,-1.1700569,0.0017857754,10,0.5000267028808594,2.0194839173657902e-28,1.262177448353619e-29,1
1783662798.1006508,-30.45492,39.334713,-50.002644,-4.8725095,-1.1705093,0.0014696721,10,0.5000267028808594,2.0194839173657902e-28,1.262177448353619e-29,1
1783662798.2007737,-30.923141,39.223667,-50.002506,-4.8704844,-1.1709895,0.00071369926,10,0.5000267028808594,2.0194839173657902e-28,1.262177448353619e-29,1
1783662798.3008406,-31.429882,39.10333,-50.002323,-4.8678694,-1.1712831,0.00015076187,10,0.5000267028808594,2.0194839173657902e-28,1.262177448353619e-29,1
1783662798.400498,-31.89713,38.992405,-50.002464,-4.865581,-1.1708825,-0.00015557959,10,0.5000267028808594,2.0194839173657902e-28,1.262177448353619e-29,1
1783662798.5005841,-32.402912,38.872868,-50.002995,-4.8632374,-1.1698321,-0.00012893873,10,0.5000267028808594,2.0194839173657902e-28,1.262177448353619e-29,1
1783662798.6005,-32.869476,38.762676,-50.003555,-4.861212,-1.168878,0.00013804702,10,0.5000267028808594,2.0194839173657902e-28,1.262177448353619e-29,1
1783662798.7005117,-33.373753,38.643227,-50.004585,-4.8587174,-1.1683917,0.00024247683,10,0.5000267028808594,2.0194839173657902e-28,1.262177448353619e-29,1
1783662798.8004956,-33.837574,38.533024,-50.005608,-4.8555446,-1.1676522,0.0008192629,10,0.5000267028808594,2.0194839173657902e-28,1.262177448353619e-29,1
1783662798.9007895,-34.339012,38.413345,-50.006435,-4.8519278,-1.167369,0.0016784243,10,0.5000267028808594,2.0194839173657902e-28,1.262177448353619e-29,1
1783662799.0004957,-34.800877,38.302616,-50.00677,-4.848722,-1.1675183,0.0025447668,10,0.5000267028808594,2.0194839173657902e-28,1.262177448353619e-29,1
1783662799.1008387,-35.301857,38.182266,-50.007015,-4.8474655,-1.1679665,0.00302257,10,0.5000267028808594,2.0194839173657902e-28,1.262177448353619e-29,1
1783662799.2004802,-35.76581,38.07116,-50.00728,-4.8487773,-1.1682833,0.0031552557,10,0.5000267028808594,2.0194839173657902e-28,1.262177448353619e-29,1
1783662799.300398,-36.153328,37.97889,-50.007736,-4.851185,-1.1678884,0.0031620227,10,0.5000267028808594,2.0194839173657902e-28,1.262177448353619e-29,1
1783662799.4006104,-36.658367,37.859867,-50.008602,-4.856467,-1.1666893,0.0024524892,10,0.5000267028808594,2.0194839173657902e-28,1.262177448353619e-29,1
1783662799.5006137,-37.125835,37.75092,-50.009453,-4.8647027,-1.1655717,0.0027563819,10,0.5000267028808594,2.0194839173657902e-28,1.262177448353619e-29,1
1783662799.6005445,-37.63353,37.633316,-50.009956,-4.8755302,-1.1646496,0.00431555,10,0.5000267028808594,2.0194839173657902e-28,1.262177448353619e-29,1
1783662799.7005935,-38.103397,37.52504,-50.00998,-4.8857512,-1.1638244,0.005590227,10,0.5000267028808594,2.0194839173657902e-28,1.262177448353619e-29,1
1783662799.800499,-38.613617,37.408207,-50.009674,-4.895547,-1.1632065,0.006382471,10,0.5000267028808594,2.0194839173657902e-28,1.262177448353619e-29,1
1783662799.900507,-39.085697,37.300407,-50.009483,-4.9023848,-1.1630569,0.0066313217,10,0.5000267028808594,2.0194839173657902e-28,1.262177448353619e-29,1
1783662800.0006025,-39.5984,37.182842,-50.00929,-4.9081607,-1.1636658,0.006897449,10,0.5000267028808594,1.9645523869444224e-08,3.9586052692249155e-08,1
1783662800.1005466,-40.07202,37.07394,-50.00926,-4.9112463,-1.1645995,0.006903833,10,0.5000267028808594,2.8275412896401587e-08,5.612449007287011e-08,1
1783662800.2005672,-40.584305,36.955784,-50.00972,-4.9116297,-1.165986,0.006655624,10,0.5000267028808594,3.1454680133017806e-08,6.149220588965389e-08,1
1783662800.3003416,-41.05606,36.84612,-50.010437,-4.9096394,-1.167574,0.006386985,10,0.5000267028808594,2.8986405330088024e-08,5.5790362075013206e-08,1
1783662800.4005017,-41.565533,36.726566,-50.01143,-4.905289,-1.1695018,0.0070797633,10,0.5000267028808594,2.0661351435422446e-08,3.912458483694736e-08,1
1783662800.50061,-42.034943,36.615524,-50.012062,-4.900041,-1.1715137,0.007934458,10,0.5000267028808594,6.257790349584367e-09,1.1587251703628349e-08,1
1783662800.6005309,-42.542686,36.494503,-50.01272,-4.8941746,-1.1743746,0.00888873,10,0.5000267028808594,7.066973897477948e-11,7.508283578668933e-12,1
1783662800.7004561,-43.011135,36.382584,-50.012676,-4.8870373,-1.1755365,0.011771841,10,0.5000267028808594,7.028991270128801e-11,7.319420926547984e-12,1
1783662800.8004818,-43.51752,36.26165,-50.011795,-4.8643103,-1.1719303,0.013002098,10,0.5000267028808594,6.928133665756966e-11,7.187228777458037e-12,1
1783662800.9005382,-43.981197,36.151184,-50.010452,-4.8158937,-1.1621279,0.009490154,10,0.5000267028808594,6.779785597258427e-11,7.423444372418354e-12,1
1783662801.0006945,-44.47517,36.033615,-50.009327,-4.722209,-1.1445119,1.2722241e-05,10,0.5000267028808594,6.72986051887315e-11,7.891184847416416e-12,1
1783662801.1005795,-44.9182,35.92729,-50.009544,-4.5909395,-1.127647,-0.014551882,10,0.5000267028808594,6.696040643084554e-11,8.332123126896432e-12,1
1783662801.200624,-45.378315,35.813835,-50.012028,-4.396976,-1.1254108,-0.034370277,10,0.5000267028808594,6.543147505236491e-11,8.321699584516949e-12,1
1783662801.3006096,-45.779957,35.70799,-50.016216,-4.169026,-1.1480232,-0.049506072,10,0.5000267028808594,6.387530107500852e-11,8.236809695582325e-12,1
1783662801.4005473,-46.184883,35.588715,-50.022278,-3.872751,-1.1950992,-0.052347306,10,0.5000267028808594,6.078669958306114e-11,8.14078056012506e-12,1
1783662801.5005236,-46.52657,35.47221,-50.02696,-3.5633094,-1.2510909,-0.03905376,10,0.5000267028808594,5.648201922953762e-11,8.156365887209967e-12,1
1783662801.6005416,-46.85912,35.338356,-50.02932,-3.2027736,-1.3175172,-0.019890834,10,0.5000267028808594,5.130982522637376e-11,8.3860485256123e-12,1
1783662801.7005658,-47.130043,35.20759,-50.029655,-2.8576405,-1.3797914,-0.005241133,10,0.5000267028808594,4.5744254358224835e-11,8.980491288402608e-12,1
1783662801.8005178,-47.384056,35.05846,-50.029137,-2.4789355,-1.4454174,0.0050453534,10,0.5000267028808594,3.9336670442640146e-11,1.0061042418925507e-11,1
1783662801.901693,-47.582745,34.914463,-50.02812,-2.1312037,-1.5032723,0.010430592,10,0.5000267028808594,3.2649526354887815e-11,1.129968321398305e-11,1
1783662802.0005603,-47.760353,34.7518,-50.02642,-1.7608385,-1.5631641,0.0128211,10,0.5000267028808594,2.6371658080442606e-11,1.2331499828343994e-11,1
1783662802.1003444,-47.89111,34.595932,-50.02445,-1.4269845,-1.6165038,0.012449839,10,0.5000267028808594,2.0441607676147142e-11,1.3518110463400105e-11,1
1783662802.2007508,-47.998375,34.42147,-50.022224,-1.0753309,-1.672181,0.010110236,10,0.5000267028808594,1.5324172717242056e-11,1.4497691182114575e-11,1
1783662802.3007565,-48.066364,34.255154,-50.02074,-0.75950575,-1.7226214,0.006440132,10,0.5000267028808594,1.1368195002312843e-11,1.5669728887808406e-11,1
1783662802.4004843,-48.108204,34.069332,-50.019535,-0.42729926,-1.7765126,0.0029289147,10,0.5000267028808594,8.207991711407398e-12,1.6381805326037346e-11,1
1783662802.5005147,-48.11889,33.89276,-50.018578,-0.1303599,-1.825319,0.0023673857,10,0.5000267028808594,5.389763440757525e-12,1.73515738059191e-11,1
1783662802.6007338,-48.100777,33.696495,-50.01757,0.18089838,-1.8754963,0.0028063848,10,0.5000267028808594,3.1751242807965977e-12,1.8633307357430828e-11,1
1783662802.7006376,-48.05804,33.511467,-50.01678,0.4569424,-1.9175116,0.003129728,10,0.5000267028808594,1.7033692456230883e-12,1.9926587929947955e-11,1
1783662802.8006082,-47.98504,33.307102,-50.0165,0.7436422,-1.9581714,0.0017023915,10,0.5000267028808594,6.745005135870824e-13,2.0898351240076124e-11,1
1783662802.9007525,-47.893875,33.115208,-50.016876,0.9973934,-1.9915713,-0.000874695,10,0.5000267028808594,1.7591816054643244e-13,2.1785009052732106e-11,1
1783662803.0015278,-47.771126,32.90425,-50.01817,1.261326,-2.0244534,-0.0043718745,10,0.5000267028808594,1.3910824401722987e-13,2.2285073266508372e-11,1
1783662803.1009104,-47.635963,32.70741,-50.019993,1.4975954,-2.052452,-0.0076971967,10,0.5000267028808594,4.648902245336649e-13,2.2679723378689418e-11,1
1783662803.2007353,-47.46608,32.491802,-50.022076,1.748474,-2.081838,-0.010712166,10,0.5000267028808594,1.108977549013601e-12,2.298831855155978e-11,1
1783662803.3009126,-47.288105,32.290657,-50.024136,1.9778551,-2.1087656,-0.014024011,10,0.5000267028808594,2.6822591667891777e-12,2.452766093756996e-11,1
1783662803.4005327,-47.09003,32.086826,-50.0266,2.206761,-2.1366246,-0.017032491,10,0.5000267028808594,4.386102372349082e-12,2.5879993827802127e-11,1
1783662803.5003402,-46.852283,31.862514,-50.029636,2.4567084,-2.168761,-0.020214513,10,0.5000267028808594,6.19985044439862e-12,2.7029038304792413e-11,1
1783662803.6003816,-46.590115,31.634186,-50.0333,2.70986,-2.203753,-0.022071395,10,0.5000267028808594,8.143073833615493e-12,2.7670697913022542e-11,1
1783662803.7003615,-46.325226,31.419628,-50.03674,2.947093,-2.2397664,-0.022346862,10,0.5000267028808594,1.0459227785544463e-11,2.787126911941731e-11,1
1783662803.8006933,-46.01289,31.182985,-50.04003,3.204356,-2.283534,-0.011860195,10,0.5000267028808594,1.3066571602764906e-11,2.8818543457664793e-11,1
1783662803.900442,-45.701096,30.959957,-50.041847,3.4358766,-2.329238,0.0055024875,10,0.5000267028808594,1.6306771301640406e-11,2.9824940229400605e-11,1
1783662804.000594,-45.33899,30.713152,-50.042103,3.6683996,-2.3862588,0.02309482,10,0.5000267028808594,2.041432545852442e-11,3.133671880973327e-11,1
1783662804.1004677,-44.985188,30.479856,-50.04136,3.856131,-2.4484332,0.034356453,10,0.5000267028808594,2.4969363439210642e-11,3.251913203920684e-11,1
1783662804.2008348,-44.584198,30.21973,-50.039967,4.022064,-2.527071,0.04230595,10,0.5000267028808594,2.9057412678958926e-11,3.400230947320652e-11,1
1783662804.3005092,-44.17072,29.95055,-50.03774,4.142232,-2.6139438,0.052353986,10,0.5000267028808594,3.273296098531018e-11,3.5366643080340806e-11,1
1783662804.4008276,-43.782852,29.693546,-50.034534,4.21056,-2.689854,0.058868043,10,0.5000267028808594,3.560058548985784e-11,3.708745938626075e-11,1
1783662804.5003457,-43.392754,29.430029,-50.031067,4.238269,-2.75096,0.05785993,10,0.5000267028808594,3.852714649783925e-11,4.020552517042984e-11,1
1783662804.6012402,-42.972248,29.139221,-50.027527,4.2245846,-2.8013766,0.052257646,10,0.5000267028808594,4.1227569423582915e-11,4.333450444149749e-11,1
1783662804.7006018,-42.589584,28.867388,-50.025223,4.1814084,-2.8381453,0.0480751,10,0.5000267028808594,4.383982220137802e-11,4.66100841956832e-11,1
1783662804.8014815,-42.18265,28.570473,-50.024147,4.118498,-2.8698413,0.044664934,10,0.5000267028808594,4.580404074730533e-11,4.857245574866028e-11,1
1783662804.9008284,-41.81512,28.294762,-50.024014,4.0581274,-2.8911405,0.042401366,10,0.5000267028808594,4.655961508872968e-11,5.0072724250750184e-11,1
1783662805.0006082,-41.423805,27.99488,-50.023624,3.9998496,-2.90513,0.040384725,10,0.5000267028808594,4.64599036769521e-11,5.126480954259891e-11,1
1783662805.1005602,-41.06708,27.718136,-50.023033,3.957809,-2.9093385,0.038357306,10,0.5000267028808594,4.513302574887116e-11,5.138806719572174e-11,1
1783662805.2009106,-40.68352,27.419197,-50.021843,3.9258819,-2.906273,0.035614636,10,0.5000267028808594,4.3638275460525455e-11,5.101184072423527e-11,1
1783662805.3003523,-40.33025,27.145065,-50.02053,3.9088047,-2.8971746,0.032739744,10,0.5000267028808594,4.2520427754091845e-11,5.0414590875180686e-11,1
1783662805.4005115,-39.946686,26.850546,-50.019093,3.9014857,-2.882698,0.029425042,10,0.5000267028808594,4.2072946011298096e-11,4.995265990322221e-11,1
1783662805.5006397,-39.59054,26.580858,-50.01761,3.9032838,-2.8668194,0.02668738,10,0.5000267028808594,4.1964227175862515e-11,4.8256262076696054e-11,1
1783662805.600777,-39.20118,26.291168,-50.015728,3.912221,-2.848285,0.024084853,10,0.5000267028808594,4.254841378012858e-11,4.75888115304411e-11,1
1783662805.7004874,-38.83832,26.025993,-50.014072,3.924454,-2.830537,0.022155251,10,0.5000267028808594,4.303595380422208e-11,4.797938323579738e-11,1
1783662805.80064,-38.441643,25.74094,-50.01216,3.9394073,-2.8113725,0.019653264,10,0.5000267028808594,4.2792957112508256e-11,4.8432399775143956e-11,1
1783662805.900709,-38.072548,25.48,-50.010723,3.9530072,-2.7937663,0.01751638,10,0.5000267028808594,4.2258112487946606e-11,4.909280065024006e-11,1
1783662806.00063,-37.66972,25.19891,-50.00936,3.966194,-2.7756057,0.0151377255,10,0.5000267028808594,4.2590248527072817e-11,5.017618916222403e-11,1
1783662806.1005478,-37.295143,24.940245,-50.0081,3.9772859,-2.760616,0.013202434,10,0.5000267028808594,4.265434462134945e-11,5.0742519766924865e-11,1
1783662806.200451,-36.88706,24.6613,-50.007145,3.9882517,-2.746643,0.010921933,10,0.5000267028808594,4.342751512986609e-11,5.006553369853529e-11,1
1783662806.300388,-36.508373,24.40499,-50.00706,3.9975684,-2.7351608,0.008548612,10,0.5000267028808594,4.4641922100790554e-11,4.8926810060794686e-11,1
1783662806.4004138,-36.09556,24.128807,-50.007908,4.0081334,-2.7237077,0.00700765,10,0.5000267028808594,4.6181776638291335e-11,4.763873049780425e-11,1
1783662806.500583,-35.711685,23.875242,-50.008827,4.018895,-2.7136679,0.006494384,10,0.5000267028808594,4.6757596268962116e-11,4.613608282312675e-11,1
1783662806.6004987,-35.29309,23.601595,-50.009197,4.030567,-2.7040784,0.0069890963,10,0.5000267028808594,4.722504248909236e-11,4.4644896779544214e-11,1
1783662806.700564,-34.90471,23.349424,-50.00924,4.0413575,-2.696852,0.0073533095,10,0.5000267028808594,4.757706916790156e-11,4.431455507436545e-11,1
1783662806.8004007,-34.48222,23.076136,-50.0088,4.0518384,-2.691889,0.0075786975,10,0.5000267028808594,4.7690662635608206e-11,4.411734752995761e-11,1
1783662806.9003997,-34.09111,22.823536,-50.007942,4.0596523,-2.6898968,0.007540168,10,0.5000267028808594,4.779753678859404e-11,4.4036875927228395e-11,1
1783662807.0005238,-33.666245,22.548925,-50.007072,4.0661583,-2.690848,0.006695808,10,0.5000267028808594,4.8349580800208356e-11,4.351297788311575e-11,1
1783662807.1006474,-33.27301,22.293894,-50.00634,4.070192,-2.6947684,0.0058551384,10,0.5000267028808594,4.9312603292301775e-11,4.343123149982216e-11,1
1783662807.2005224,-32.845978,22.016283,-50.00474,4.073037,-2.7010016,0.0049410653,10,0.5000267028808594,4.959326187720069e-11,4.372876951896338e-11,1
1783662807.3004777,-32.45079,21.758852,-50.003082,4.0744166,-2.7082844,0.0036620188,10,0.5000267028808594,4.9862578505932134e-11,4.448705535943516e-11,1
1783662807.4004276,-32.022022,21.478548,-50.001774,4.0749445,-2.7170572,0.0013394387,10,0.5000267028808594,4.962630366385434e-11,4.523483600655841e-11,1
1783662807.500532,-31.626127,21.21888,-50.00105,4.074539,-2.725222,-0.00054550706,10,0.5000267028808594,4.9682289231823893e-11,4.6349827560206264e-11,1
1783662807.6005483,-31.196875,20.935995,-50.001045,4.073548,-2.734575,-0.0018719925,10,0.5000267028808594,4.9952283798183524e-11,4.740338429938884e-11,1
1783662807.7005365,-30.800238,20.673573,-50.002052,4.0727744,-2.743464,-0.0029185957,10,0.5000267028808594,4.9811919731213596e-11,4.78368007064999e-11,1
1783662807.8006356,-30.370272,20.38814,-50.003834,4.072207,-2.7526898,-0.0028553,10,0.5000267028808594,5.010729859325398e-11,4.7603957540529216e-11,1
1783662807.9005742,-29.97313,20.123865,-50.006256,4.072112,-2.7604735,-0.0023627917,10,0.5000267028808594,5.0798322750400676e-11,4.7462743928555574e-11,1
1783662808.0005264,-29.542755,19.837101,-50.0093,4.072015,-2.7677577,-0.00074197154,10,0.5000267028808594,5.104466110744385e-11,4.822113127932694e-11,1
1783662808.100702,-29.14491,19.57192,-50.011845,4.0726795,-2.773373,0.0016760527,10,0.5000267028808594,5.0706279115586467e-11,4.902837663937718e-11,1
